2025-02-37 09:37 o.h.validator.internal.util.Version-HV000001: Hibernate Validator 8.0.2.Final
2025-02-37 09:37 c.b.S.StomachForceApplication-Starting StomachForceApplication using Java 17.0.13 with PID 2376 (C:\Users\Playdata\OneDrive\바탕 화면\be11-2nd-ChulungChulung-StomachForce-BE\build\classes\java\main started by Playdata in C:\Users\Playdata\OneDrive\바탕 화면\be11-2nd-ChulungChulung-StomachForce-BE)
2025-02-37 09:37 c.b.S.StomachForceApplication-No active profile set, falling back to 1 default profile: "default"
2025-02-37 09:37 o.s.d.r.c.RepositoryConfigurationDelegate-Multiple Spring Data modules found, entering strict repository configuration mode
2025-02-37 09:37 o.s.d.r.c.RepositoryConfigurationDelegate-Bootstrapping Spring Data JPA repositories in DEFAULT mode.
2025-02-37 09:37 o.s.d.r.c.RepositoryConfigurationDelegate-Finished Spring Data repository scanning in 163 ms. Found 7 JPA repository interfaces.
2025-02-37 09:37 o.s.d.r.c.RepositoryConfigurationDelegate-Multiple Spring Data modules found, entering strict repository configuration mode
2025-02-37 09:37 o.s.d.r.c.RepositoryConfigurationDelegate-Bootstrapping Spring Data Redis repositories in DEFAULT mode.
2025-02-37 09:37 o.s.d.r.c.RepositoryConfigurationExtensionSupport-Spring Data Redis - Could not safely identify store assignment for repository candidate interface com.beyond.StomachForce.youngjae.restaurant.repository.AddressRepository; If you want this repository to be a Redis repository, consider annotating your entities with one of these annotations: org.springframework.data.redis.core.RedisHash (preferred), or consider extending one of the following types with your repository: org.springframework.data.keyvalue.repository.KeyValueRepository
2025-02-37 09:37 o.s.d.r.c.RepositoryConfigurationExtensionSupport-Spring Data Redis - Could not safely identify store assignment for repository candidate interface com.beyond.StomachForce.youngjae.restaurant.repository.BookmarkRepository; If you want this repository to be a Redis repository, consider annotating your entities with one of these annotations: org.springframework.data.redis.core.RedisHash (preferred), or consider extending one of the following types with your repository: org.springframework.data.keyvalue.repository.KeyValueRepository
2025-02-37 09:37 o.s.d.r.c.RepositoryConfigurationExtensionSupport-Spring Data Redis - Could not safely identify store assignment for repository candidate interface com.beyond.StomachForce.youngjae.restaurant.repository.RestaurantConvenienceRepository; If you want this repository to be a Redis repository, consider annotating your entities with one of these annotations: org.springframework.data.redis.core.RedisHash (preferred), or consider extending one of the following types with your repository: org.springframework.data.keyvalue.repository.KeyValueRepository
2025-02-37 09:37 o.s.d.r.c.RepositoryConfigurationExtensionSupport-Spring Data Redis - Could not safely identify store assignment for repository candidate interface com.beyond.StomachForce.youngjae.restaurant.repository.RestaurantPhotoRepository; If you want this repository to be a Redis repository, consider annotating your entities with one of these annotations: org.springframework.data.redis.core.RedisHash (preferred), or consider extending one of the following types with your repository: org.springframework.data.keyvalue.repository.KeyValueRepository
2025-02-37 09:37 o.s.d.r.c.RepositoryConfigurationExtensionSupport-Spring Data Redis - Could not safely identify store assignment for repository candidate interface com.beyond.StomachForce.youngjae.restaurant.repository.RestaurantRepository; If you want this repository to be a Redis repository, consider annotating your entities with one of these annotations: org.springframework.data.redis.core.RedisHash (preferred), or consider extending one of the following types with your repository: org.springframework.data.keyvalue.repository.KeyValueRepository
2025-02-37 09:37 o.s.d.r.c.RepositoryConfigurationExtensionSupport-Spring Data Redis - Could not safely identify store assignment for repository candidate interface com.beyond.StomachForce.youngjae.review.repository.ReviewPhotoRepository; If you want this repository to be a Redis repository, consider annotating your entities with one of these annotations: org.springframework.data.redis.core.RedisHash (preferred), or consider extending one of the following types with your repository: org.springframework.data.keyvalue.repository.KeyValueRepository
2025-02-37 09:37 o.s.d.r.c.RepositoryConfigurationExtensionSupport-Spring Data Redis - Could not safely identify store assignment for repository candidate interface com.beyond.StomachForce.youngjae.review.repository.ReviewRepository; If you want this repository to be a Redis repository, consider annotating your entities with one of these annotations: org.springframework.data.redis.core.RedisHash (preferred), or consider extending one of the following types with your repository: org.springframework.data.keyvalue.repository.KeyValueRepository
2025-02-37 09:37 o.s.d.r.c.RepositoryConfigurationDelegate-Finished Spring Data repository scanning in 19 ms. Found 0 Redis repository interfaces.
2025-02-37 09:37 o.s.b.w.e.tomcat.TomcatWebServer-Tomcat initialized with port 8080 (http)
2025-02-37 09:37 o.a.coyote.http11.Http11NioProtocol-Initializing ProtocolHandler ["http-nio-8080"]
2025-02-37 09:37 o.a.catalina.core.StandardService-Starting service [Tomcat]
2025-02-37 09:37 o.a.catalina.core.StandardEngine-Starting Servlet engine: [Apache Tomcat/10.1.34]
2025-02-37 09:37 o.a.c.c.C.[Tomcat].[localhost].[/]-Initializing Spring embedded WebApplicationContext
2025-02-37 09:37 o.s.b.w.s.c.ServletWebServerApplicationContext-Root WebApplicationContext: initialization completed in 1677 ms
2025-02-37 09:37 o.h.jpa.internal.util.LogHelper-HHH000204: Processing PersistenceUnitInfo [name: default]
2025-02-37 09:37 org.hibernate.Version-HHH000412: Hibernate ORM core version 6.6.5.Final
2025-02-37 09:37 o.h.c.i.RegionFactoryInitiator-HHH000026: Second-level cache disabled
2025-02-37 09:37 o.s.o.j.p.SpringPersistenceUnitInfo-No LoadTimeWeaver setup: ignoring JPA class transformer
2025-02-37 09:37 com.zaxxer.hikari.HikariDataSource-HikariPool-1 - Starting...
2025-02-37 09:37 com.zaxxer.hikari.pool.HikariPool-HikariPool-1 - Added connection org.mariadb.jdbc.Connection@2a661215
2025-02-37 09:37 com.zaxxer.hikari.HikariDataSource-HikariPool-1 - Start completed.
2025-02-37 09:37 org.hibernate.orm.deprecation-HHH90000025: MariaDBDialect does not need to be specified explicitly using 'hibernate.dialect' (remove the property setting and it will be selected by default)
2025-02-37 09:37 o.hibernate.orm.connections.pooling-HHH10001005: Database info:
	Database JDBC URL [Connecting through datasource 'HikariDataSource (HikariPool-1)']
	Database driver: undefined/unknown
	Database version: 11.4.4
	Autocommit mode: undefined/unknown
	Isolation level: undefined/unknown
	Minimum pool size: undefined/unknown
	Maximum pool size: undefined/unknown
2025-02-37 09:37 o.h.e.t.j.p.i.JtaPlatformInitiator-HHH000489: No JTA platform available (set 'hibernate.transaction.jta.platform' to enable JTA platform integration)
2025-02-37 09:37 o.s.o.j.LocalContainerEntityManagerFactoryBean-Initialized JPA EntityManagerFactory for persistence unit 'default'
2025-02-37 09:37 o.s.d.j.r.query.QueryEnhancerFactory-Hibernate is in classpath; If applicable, HQL parser will be used.
2025-02-37 09:37 o.s.b.w.s.c.AnnotationConfigServletWebServerApplicationContext-Exception encountered during context initialization - cancelling refresh attempt: org.springframework.beans.factory.UnsatisfiedDependencyException: Error creating bean with name 'restaurantController' defined in file [C:\Users\Playdata\OneDrive\바탕 화면\be11-2nd-ChulungChulung-StomachForce-BE\build\classes\java\main\com\beyond\StomachForce\youngjae\restaurant\controller\RestaurantController.class]: Unsatisfied dependency expressed through constructor parameter 1: Error creating bean with name 'restaurantService' defined in file [C:\Users\Playdata\OneDrive\바탕 화면\be11-2nd-ChulungChulung-StomachForce-BE\build\classes\java\main\com\beyond\StomachForce\youngjae\restaurant\service\RestaurantService.class]: Unsatisfied dependency expressed through constructor parameter 3: No qualifying bean of type 'org.springframework.security.crypto.password.PasswordEncoder' available: expected at least 1 bean which qualifies as autowire candidate. Dependency annotations: {}
2025-02-37 09:37 o.s.o.j.LocalContainerEntityManagerFactoryBean-Closing JPA EntityManagerFactory for persistence unit 'default'
2025-02-37 09:37 com.zaxxer.hikari.HikariDataSource-HikariPool-1 - Shutdown initiated...
2025-02-37 09:37 com.zaxxer.hikari.HikariDataSource-HikariPool-1 - Shutdown completed.
2025-02-37 09:37 o.a.catalina.core.StandardService-Stopping service [Tomcat]
2025-02-37 09:37 o.s.b.a.l.ConditionEvaluationReportLogger-

Error starting ApplicationContext. To display the condition evaluation report re-run your application with 'debug' enabled.
2025-02-37 09:37 o.s.b.d.LoggingFailureAnalysisReporter-

***************************
APPLICATION FAILED TO START
***************************

Description:

Parameter 3 of constructor in com.beyond.StomachForce.youngjae.restaurant.service.RestaurantService required a bean of type 'org.springframework.security.crypto.password.PasswordEncoder' that could not be found.


Action:

Consider defining a bean of type 'org.springframework.security.crypto.password.PasswordEncoder' in your configuration.

2025-02-37 09:49 o.h.validator.internal.util.Version-HV000001: Hibernate Validator 8.0.2.Final
2025-02-37 09:49 c.b.S.StomachForceApplication-Starting StomachForceApplication using Java 17.0.13 with PID 14404 (C:\Users\Playdata\OneDrive\바탕 화면\be11-2nd-ChulungChulung-StomachForce-BE\build\classes\java\main started by Playdata in C:\Users\Playdata\OneDrive\바탕 화면\be11-2nd-ChulungChulung-StomachForce-BE)
2025-02-37 09:49 c.b.S.StomachForceApplication-No active profile set, falling back to 1 default profile: "default"
2025-02-37 09:49 o.s.d.r.c.RepositoryConfigurationDelegate-Multiple Spring Data modules found, entering strict repository configuration mode
2025-02-37 09:49 o.s.d.r.c.RepositoryConfigurationDelegate-Bootstrapping Spring Data JPA repositories in DEFAULT mode.
2025-02-37 09:49 o.s.d.r.c.RepositoryConfigurationDelegate-Finished Spring Data repository scanning in 178 ms. Found 7 JPA repository interfaces.
2025-02-37 09:49 o.s.d.r.c.RepositoryConfigurationDelegate-Multiple Spring Data modules found, entering strict repository configuration mode
2025-02-37 09:49 o.s.d.r.c.RepositoryConfigurationDelegate-Bootstrapping Spring Data Redis repositories in DEFAULT mode.
2025-02-37 09:49 o.s.d.r.c.RepositoryConfigurationExtensionSupport-Spring Data Redis - Could not safely identify store assignment for repository candidate interface com.beyond.StomachForce.youngjae.restaurant.repository.AddressRepository; If you want this repository to be a Redis repository, consider annotating your entities with one of these annotations: org.springframework.data.redis.core.RedisHash (preferred), or consider extending one of the following types with your repository: org.springframework.data.keyvalue.repository.KeyValueRepository
2025-02-37 09:49 o.s.d.r.c.RepositoryConfigurationExtensionSupport-Spring Data Redis - Could not safely identify store assignment for repository candidate interface com.beyond.StomachForce.youngjae.restaurant.repository.BookmarkRepository; If you want this repository to be a Redis repository, consider annotating your entities with one of these annotations: org.springframework.data.redis.core.RedisHash (preferred), or consider extending one of the following types with your repository: org.springframework.data.keyvalue.repository.KeyValueRepository
2025-02-37 09:49 o.s.d.r.c.RepositoryConfigurationExtensionSupport-Spring Data Redis - Could not safely identify store assignment for repository candidate interface com.beyond.StomachForce.youngjae.restaurant.repository.RestaurantConvenienceRepository; If you want this repository to be a Redis repository, consider annotating your entities with one of these annotations: org.springframework.data.redis.core.RedisHash (preferred), or consider extending one of the following types with your repository: org.springframework.data.keyvalue.repository.KeyValueRepository
2025-02-37 09:49 o.s.d.r.c.RepositoryConfigurationExtensionSupport-Spring Data Redis - Could not safely identify store assignment for repository candidate interface com.beyond.StomachForce.youngjae.restaurant.repository.RestaurantPhotoRepository; If you want this repository to be a Redis repository, consider annotating your entities with one of these annotations: org.springframework.data.redis.core.RedisHash (preferred), or consider extending one of the following types with your repository: org.springframework.data.keyvalue.repository.KeyValueRepository
2025-02-37 09:49 o.s.d.r.c.RepositoryConfigurationExtensionSupport-Spring Data Redis - Could not safely identify store assignment for repository candidate interface com.beyond.StomachForce.youngjae.restaurant.repository.RestaurantRepository; If you want this repository to be a Redis repository, consider annotating your entities with one of these annotations: org.springframework.data.redis.core.RedisHash (preferred), or consider extending one of the following types with your repository: org.springframework.data.keyvalue.repository.KeyValueRepository
2025-02-37 09:49 o.s.d.r.c.RepositoryConfigurationExtensionSupport-Spring Data Redis - Could not safely identify store assignment for repository candidate interface com.beyond.StomachForce.youngjae.review.repository.ReviewPhotoRepository; If you want this repository to be a Redis repository, consider annotating your entities with one of these annotations: org.springframework.data.redis.core.RedisHash (preferred), or consider extending one of the following types with your repository: org.springframework.data.keyvalue.repository.KeyValueRepository
2025-02-37 09:49 o.s.d.r.c.RepositoryConfigurationExtensionSupport-Spring Data Redis - Could not safely identify store assignment for repository candidate interface com.beyond.StomachForce.youngjae.review.repository.ReviewRepository; If you want this repository to be a Redis repository, consider annotating your entities with one of these annotations: org.springframework.data.redis.core.RedisHash (preferred), or consider extending one of the following types with your repository: org.springframework.data.keyvalue.repository.KeyValueRepository
2025-02-37 09:49 o.s.d.r.c.RepositoryConfigurationDelegate-Finished Spring Data repository scanning in 18 ms. Found 0 Redis repository interfaces.
2025-02-37 09:49 o.s.b.w.e.tomcat.TomcatWebServer-Tomcat initialized with port 8080 (http)
2025-02-37 09:49 o.a.coyote.http11.Http11NioProtocol-Initializing ProtocolHandler ["http-nio-8080"]
2025-02-37 09:49 o.a.catalina.core.StandardService-Starting service [Tomcat]
2025-02-37 09:49 o.a.catalina.core.StandardEngine-Starting Servlet engine: [Apache Tomcat/10.1.34]
2025-02-37 09:49 o.a.c.c.C.[Tomcat].[localhost].[/]-Initializing Spring embedded WebApplicationContext
2025-02-37 09:49 o.s.b.w.s.c.ServletWebServerApplicationContext-Root WebApplicationContext: initialization completed in 1636 ms
2025-02-37 09:49 o.h.jpa.internal.util.LogHelper-HHH000204: Processing PersistenceUnitInfo [name: default]
2025-02-37 09:49 org.hibernate.Version-HHH000412: Hibernate ORM core version 6.6.5.Final
2025-02-37 09:49 o.h.c.i.RegionFactoryInitiator-HHH000026: Second-level cache disabled
2025-02-37 09:49 o.s.o.j.p.SpringPersistenceUnitInfo-No LoadTimeWeaver setup: ignoring JPA class transformer
2025-02-37 09:49 com.zaxxer.hikari.HikariDataSource-HikariPool-1 - Starting...
2025-02-37 09:49 com.zaxxer.hikari.pool.HikariPool-HikariPool-1 - Added connection org.mariadb.jdbc.Connection@19924f15
2025-02-37 09:49 com.zaxxer.hikari.HikariDataSource-HikariPool-1 - Start completed.
2025-02-37 09:49 org.hibernate.orm.deprecation-HHH90000025: MariaDBDialect does not need to be specified explicitly using 'hibernate.dialect' (remove the property setting and it will be selected by default)
2025-02-37 09:49 o.hibernate.orm.connections.pooling-HHH10001005: Database info:
	Database JDBC URL [Connecting through datasource 'HikariDataSource (HikariPool-1)']
	Database driver: undefined/unknown
	Database version: 11.4.4
	Autocommit mode: undefined/unknown
	Isolation level: undefined/unknown
	Minimum pool size: undefined/unknown
	Maximum pool size: undefined/unknown
2025-02-37 09:49 o.h.e.t.j.p.i.JtaPlatformInitiator-HHH000489: No JTA platform available (set 'hibernate.transaction.jta.platform' to enable JTA platform integration)
2025-02-37 09:49 o.s.o.j.LocalContainerEntityManagerFactoryBean-Initialized JPA EntityManagerFactory for persistence unit 'default'
2025-02-37 09:49 o.s.d.j.r.query.QueryEnhancerFactory-Hibernate is in classpath; If applicable, HQL parser will be used.
2025-02-37 09:49 o.s.b.w.s.c.AnnotationConfigServletWebServerApplicationContext-Exception encountered during context initialization - cancelling refresh attempt: org.springframework.beans.factory.UnsatisfiedDependencyException: Error creating bean with name 'restaurantController' defined in file [C:\Users\Playdata\OneDrive\바탕 화면\be11-2nd-ChulungChulung-StomachForce-BE\build\classes\java\main\com\beyond\StomachForce\youngjae\restaurant\controller\RestaurantController.class]: Unsatisfied dependency expressed through constructor parameter 1: Error creating bean with name 'restaurantService' defined in file [C:\Users\Playdata\OneDrive\바탕 화면\be11-2nd-ChulungChulung-StomachForce-BE\build\classes\java\main\com\beyond\StomachForce\youngjae\restaurant\service\RestaurantService.class]: Unsatisfied dependency expressed through constructor parameter 3: No qualifying bean of type 'org.springframework.security.crypto.password.PasswordEncoder' available: expected at least 1 bean which qualifies as autowire candidate. Dependency annotations: {}
2025-02-37 09:49 o.s.o.j.LocalContainerEntityManagerFactoryBean-Closing JPA EntityManagerFactory for persistence unit 'default'
2025-02-37 09:49 com.zaxxer.hikari.HikariDataSource-HikariPool-1 - Shutdown initiated...
2025-02-37 09:49 com.zaxxer.hikari.HikariDataSource-HikariPool-1 - Shutdown completed.
2025-02-37 09:49 o.a.catalina.core.StandardService-Stopping service [Tomcat]
2025-02-37 09:49 o.s.b.a.l.ConditionEvaluationReportLogger-

Error starting ApplicationContext. To display the condition evaluation report re-run your application with 'debug' enabled.
2025-02-37 09:49 o.s.b.d.LoggingFailureAnalysisReporter-

***************************
APPLICATION FAILED TO START
***************************

Description:

Parameter 3 of constructor in com.beyond.StomachForce.youngjae.restaurant.service.RestaurantService required a bean of type 'org.springframework.security.crypto.password.PasswordEncoder' that could not be found.


Action:

Consider defining a bean of type 'org.springframework.security.crypto.password.PasswordEncoder' in your configuration.

2025-02-37 10:05 o.h.validator.internal.util.Version-HV000001: Hibernate Validator 8.0.2.Final
2025-02-37 10:05 c.b.S.StomachForceApplication-Starting StomachForceApplication using Java 17.0.13 with PID 10408 (C:\Users\Playdata\OneDrive\바탕 화면\be11-2nd-ChulungChulung-StomachForce-BE\build\classes\java\main started by Playdata in C:\Users\Playdata\OneDrive\바탕 화면\be11-2nd-ChulungChulung-StomachForce-BE)
2025-02-37 10:05 c.b.S.StomachForceApplication-No active profile set, falling back to 1 default profile: "default"
2025-02-37 10:05 o.s.d.r.c.RepositoryConfigurationDelegate-Multiple Spring Data modules found, entering strict repository configuration mode
2025-02-37 10:05 o.s.d.r.c.RepositoryConfigurationDelegate-Bootstrapping Spring Data JPA repositories in DEFAULT mode.
2025-02-37 10:05 o.s.d.r.c.RepositoryConfigurationDelegate-Finished Spring Data repository scanning in 181 ms. Found 7 JPA repository interfaces.
2025-02-37 10:05 o.s.d.r.c.RepositoryConfigurationDelegate-Multiple Spring Data modules found, entering strict repository configuration mode
2025-02-37 10:05 o.s.d.r.c.RepositoryConfigurationDelegate-Bootstrapping Spring Data Redis repositories in DEFAULT mode.
2025-02-37 10:05 o.s.d.r.c.RepositoryConfigurationExtensionSupport-Spring Data Redis - Could not safely identify store assignment for repository candidate interface com.beyond.StomachForce.youngjae.restaurant.repository.AddressRepository; If you want this repository to be a Redis repository, consider annotating your entities with one of these annotations: org.springframework.data.redis.core.RedisHash (preferred), or consider extending one of the following types with your repository: org.springframework.data.keyvalue.repository.KeyValueRepository
2025-02-37 10:05 o.s.d.r.c.RepositoryConfigurationExtensionSupport-Spring Data Redis - Could not safely identify store assignment for repository candidate interface com.beyond.StomachForce.youngjae.restaurant.repository.BookmarkRepository; If you want this repository to be a Redis repository, consider annotating your entities with one of these annotations: org.springframework.data.redis.core.RedisHash (preferred), or consider extending one of the following types with your repository: org.springframework.data.keyvalue.repository.KeyValueRepository
2025-02-37 10:05 o.s.d.r.c.RepositoryConfigurationExtensionSupport-Spring Data Redis - Could not safely identify store assignment for repository candidate interface com.beyond.StomachForce.youngjae.restaurant.repository.RestaurantConvenienceRepository; If you want this repository to be a Redis repository, consider annotating your entities with one of these annotations: org.springframework.data.redis.core.RedisHash (preferred), or consider extending one of the following types with your repository: org.springframework.data.keyvalue.repository.KeyValueRepository
2025-02-37 10:05 o.s.d.r.c.RepositoryConfigurationExtensionSupport-Spring Data Redis - Could not safely identify store assignment for repository candidate interface com.beyond.StomachForce.youngjae.restaurant.repository.RestaurantPhotoRepository; If you want this repository to be a Redis repository, consider annotating your entities with one of these annotations: org.springframework.data.redis.core.RedisHash (preferred), or consider extending one of the following types with your repository: org.springframework.data.keyvalue.repository.KeyValueRepository
2025-02-37 10:05 o.s.d.r.c.RepositoryConfigurationExtensionSupport-Spring Data Redis - Could not safely identify store assignment for repository candidate interface com.beyond.StomachForce.youngjae.restaurant.repository.RestaurantRepository; If you want this repository to be a Redis repository, consider annotating your entities with one of these annotations: org.springframework.data.redis.core.RedisHash (preferred), or consider extending one of the following types with your repository: org.springframework.data.keyvalue.repository.KeyValueRepository
2025-02-37 10:05 o.s.d.r.c.RepositoryConfigurationExtensionSupport-Spring Data Redis - Could not safely identify store assignment for repository candidate interface com.beyond.StomachForce.youngjae.review.repository.ReviewPhotoRepository; If you want this repository to be a Redis repository, consider annotating your entities with one of these annotations: org.springframework.data.redis.core.RedisHash (preferred), or consider extending one of the following types with your repository: org.springframework.data.keyvalue.repository.KeyValueRepository
2025-02-37 10:05 o.s.d.r.c.RepositoryConfigurationExtensionSupport-Spring Data Redis - Could not safely identify store assignment for repository candidate interface com.beyond.StomachForce.youngjae.review.repository.ReviewRepository; If you want this repository to be a Redis repository, consider annotating your entities with one of these annotations: org.springframework.data.redis.core.RedisHash (preferred), or consider extending one of the following types with your repository: org.springframework.data.keyvalue.repository.KeyValueRepository
2025-02-37 10:05 o.s.d.r.c.RepositoryConfigurationDelegate-Finished Spring Data repository scanning in 15 ms. Found 0 Redis repository interfaces.
2025-02-37 10:05 o.s.b.w.e.tomcat.TomcatWebServer-Tomcat initialized with port 8080 (http)
2025-02-37 10:05 o.a.coyote.http11.Http11NioProtocol-Initializing ProtocolHandler ["http-nio-8080"]
2025-02-37 10:05 o.a.catalina.core.StandardService-Starting service [Tomcat]
2025-02-37 10:05 o.a.catalina.core.StandardEngine-Starting Servlet engine: [Apache Tomcat/10.1.34]
2025-02-37 10:05 o.a.c.c.C.[Tomcat].[localhost].[/]-Initializing Spring embedded WebApplicationContext
2025-02-37 10:05 o.s.b.w.s.c.ServletWebServerApplicationContext-Root WebApplicationContext: initialization completed in 1775 ms
2025-02-37 10:05 o.h.jpa.internal.util.LogHelper-HHH000204: Processing PersistenceUnitInfo [name: default]
2025-02-37 10:05 org.hibernate.Version-HHH000412: Hibernate ORM core version 6.6.5.Final
2025-02-37 10:05 o.h.c.i.RegionFactoryInitiator-HHH000026: Second-level cache disabled
2025-02-37 10:05 o.s.o.j.p.SpringPersistenceUnitInfo-No LoadTimeWeaver setup: ignoring JPA class transformer
2025-02-37 10:05 com.zaxxer.hikari.HikariDataSource-HikariPool-1 - Starting...
2025-02-37 10:05 com.zaxxer.hikari.pool.HikariPool-HikariPool-1 - Added connection org.mariadb.jdbc.Connection@1169fdfd
2025-02-37 10:05 com.zaxxer.hikari.HikariDataSource-HikariPool-1 - Start completed.
2025-02-37 10:05 org.hibernate.orm.deprecation-HHH90000025: MariaDBDialect does not need to be specified explicitly using 'hibernate.dialect' (remove the property setting and it will be selected by default)
2025-02-37 10:05 o.hibernate.orm.connections.pooling-HHH10001005: Database info:
	Database JDBC URL [Connecting through datasource 'HikariDataSource (HikariPool-1)']
	Database driver: undefined/unknown
	Database version: 11.4.4
	Autocommit mode: undefined/unknown
	Isolation level: undefined/unknown
	Minimum pool size: undefined/unknown
	Maximum pool size: undefined/unknown
2025-02-37 10:05 o.h.e.t.j.p.i.JtaPlatformInitiator-HHH000489: No JTA platform available (set 'hibernate.transaction.jta.platform' to enable JTA platform integration)
2025-02-37 10:05 o.s.o.j.LocalContainerEntityManagerFactoryBean-Initialized JPA EntityManagerFactory for persistence unit 'default'
2025-02-37 10:05 o.s.d.j.r.query.QueryEnhancerFactory-Hibernate is in classpath; If applicable, HQL parser will be used.
2025-02-37 10:05 o.s.b.a.o.j.JpaBaseConfiguration$JpaWebConfiguration-spring.jpa.open-in-view is enabled by default. Therefore, database queries may be performed during view rendering. Explicitly configure spring.jpa.open-in-view to disable this warning
2025-02-37 10:05 o.s.b.a.s.s.UserDetailsServiceAutoConfiguration-

Using generated security password: 286f097e-666d-4621-82d9-1bfb7dfb35aa

This generated password is for development use only. Your security configuration must be updated before running your application in production.

2025-02-37 10:05 o.s.s.c.a.a.c.InitializeUserDetailsBeanManagerConfigurer$InitializeUserDetailsManagerConfigurer-Global AuthenticationManager configured with UserDetailsService bean with name inMemoryUserDetailsManager
2025-02-37 10:05 o.s.s.c.a.w.c.AuthorizeHttpRequestsConfigurer$AuthorizationManagerRequestMatcherRegistry-One of the patterns in [/member/create, member/doLogin, member/refresh-token, product/list] is missing a leading slash. This is discouraged; please include the leading slash in all your request matcher patterns. In future versions of Spring Security, leaving out the leading slash will result in an exception.
2025-02-37 10:05 o.a.coyote.http11.Http11NioProtocol-Starting ProtocolHandler ["http-nio-8080"]
2025-02-37 10:05 o.s.b.w.e.tomcat.TomcatWebServer-Tomcat started on port 8080 (http) with context path '/'
2025-02-37 10:05 c.b.S.StomachForceApplication-Started StomachForceApplication in 6.139 seconds (process running for 8.314)
2025-02-37 10:32 o.s.b.w.e.tomcat.GracefulShutdown-Commencing graceful shutdown. Waiting for active requests to complete
2025-02-37 10:32 o.s.b.w.e.tomcat.GracefulShutdown-Graceful shutdown complete
2025-02-37 10:32 o.s.o.j.LocalContainerEntityManagerFactoryBean-Closing JPA EntityManagerFactory for persistence unit 'default'
2025-02-37 10:32 com.zaxxer.hikari.HikariDataSource-HikariPool-1 - Shutdown initiated...
2025-02-37 10:32 com.zaxxer.hikari.HikariDataSource-HikariPool-1 - Shutdown completed.
2025-02-37 10:38 o.h.validator.internal.util.Version-HV000001: Hibernate Validator 8.0.2.Final
2025-02-37 10:38 c.b.S.StomachForceApplication-Starting StomachForceApplication using Java 17.0.13 with PID 10804 (C:\Users\Playdata\OneDrive\바탕 화면\be11-2nd-ChulungChulung-StomachForce-BE\build\classes\java\main started by Playdata in C:\Users\Playdata\OneDrive\바탕 화면\be11-2nd-ChulungChulung-StomachForce-BE)
2025-02-37 10:38 c.b.S.StomachForceApplication-No active profile set, falling back to 1 default profile: "default"
2025-02-37 10:38 o.s.d.r.c.RepositoryConfigurationDelegate-Multiple Spring Data modules found, entering strict repository configuration mode
2025-02-37 10:38 o.s.d.r.c.RepositoryConfigurationDelegate-Bootstrapping Spring Data JPA repositories in DEFAULT mode.
2025-02-37 10:38 o.s.d.r.c.RepositoryConfigurationDelegate-Finished Spring Data repository scanning in 169 ms. Found 7 JPA repository interfaces.
2025-02-37 10:38 o.s.d.r.c.RepositoryConfigurationDelegate-Multiple Spring Data modules found, entering strict repository configuration mode
2025-02-37 10:38 o.s.d.r.c.RepositoryConfigurationDelegate-Bootstrapping Spring Data Redis repositories in DEFAULT mode.
2025-02-37 10:38 o.s.d.r.c.RepositoryConfigurationExtensionSupport-Spring Data Redis - Could not safely identify store assignment for repository candidate interface com.beyond.StomachForce.youngjae.restaurant.repository.AddressRepository; If you want this repository to be a Redis repository, consider annotating your entities with one of these annotations: org.springframework.data.redis.core.RedisHash (preferred), or consider extending one of the following types with your repository: org.springframework.data.keyvalue.repository.KeyValueRepository
2025-02-37 10:38 o.s.d.r.c.RepositoryConfigurationExtensionSupport-Spring Data Redis - Could not safely identify store assignment for repository candidate interface com.beyond.StomachForce.youngjae.restaurant.repository.BookmarkRepository; If you want this repository to be a Redis repository, consider annotating your entities with one of these annotations: org.springframework.data.redis.core.RedisHash (preferred), or consider extending one of the following types with your repository: org.springframework.data.keyvalue.repository.KeyValueRepository
2025-02-37 10:38 o.s.d.r.c.RepositoryConfigurationExtensionSupport-Spring Data Redis - Could not safely identify store assignment for repository candidate interface com.beyond.StomachForce.youngjae.restaurant.repository.RestaurantConvenienceRepository; If you want this repository to be a Redis repository, consider annotating your entities with one of these annotations: org.springframework.data.redis.core.RedisHash (preferred), or consider extending one of the following types with your repository: org.springframework.data.keyvalue.repository.KeyValueRepository
2025-02-37 10:38 o.s.d.r.c.RepositoryConfigurationExtensionSupport-Spring Data Redis - Could not safely identify store assignment for repository candidate interface com.beyond.StomachForce.youngjae.restaurant.repository.RestaurantPhotoRepository; If you want this repository to be a Redis repository, consider annotating your entities with one of these annotations: org.springframework.data.redis.core.RedisHash (preferred), or consider extending one of the following types with your repository: org.springframework.data.keyvalue.repository.KeyValueRepository
2025-02-37 10:38 o.s.d.r.c.RepositoryConfigurationExtensionSupport-Spring Data Redis - Could not safely identify store assignment for repository candidate interface com.beyond.StomachForce.youngjae.restaurant.repository.RestaurantRepository; If you want this repository to be a Redis repository, consider annotating your entities with one of these annotations: org.springframework.data.redis.core.RedisHash (preferred), or consider extending one of the following types with your repository: org.springframework.data.keyvalue.repository.KeyValueRepository
2025-02-37 10:38 o.s.d.r.c.RepositoryConfigurationExtensionSupport-Spring Data Redis - Could not safely identify store assignment for repository candidate interface com.beyond.StomachForce.youngjae.review.repository.ReviewPhotoRepository; If you want this repository to be a Redis repository, consider annotating your entities with one of these annotations: org.springframework.data.redis.core.RedisHash (preferred), or consider extending one of the following types with your repository: org.springframework.data.keyvalue.repository.KeyValueRepository
2025-02-37 10:38 o.s.d.r.c.RepositoryConfigurationExtensionSupport-Spring Data Redis - Could not safely identify store assignment for repository candidate interface com.beyond.StomachForce.youngjae.review.repository.ReviewRepository; If you want this repository to be a Redis repository, consider annotating your entities with one of these annotations: org.springframework.data.redis.core.RedisHash (preferred), or consider extending one of the following types with your repository: org.springframework.data.keyvalue.repository.KeyValueRepository
2025-02-37 10:38 o.s.d.r.c.RepositoryConfigurationDelegate-Finished Spring Data repository scanning in 21 ms. Found 0 Redis repository interfaces.
2025-02-37 10:38 o.s.b.w.e.tomcat.TomcatWebServer-Tomcat initialized with port 8080 (http)
2025-02-37 10:38 o.a.coyote.http11.Http11NioProtocol-Initializing ProtocolHandler ["http-nio-8080"]
2025-02-37 10:38 o.a.catalina.core.StandardService-Starting service [Tomcat]
2025-02-37 10:38 o.a.catalina.core.StandardEngine-Starting Servlet engine: [Apache Tomcat/10.1.34]
2025-02-37 10:38 o.a.c.c.C.[Tomcat].[localhost].[/]-Initializing Spring embedded WebApplicationContext
2025-02-37 10:38 o.s.b.w.s.c.ServletWebServerApplicationContext-Root WebApplicationContext: initialization completed in 1868 ms
2025-02-37 10:38 o.h.jpa.internal.util.LogHelper-HHH000204: Processing PersistenceUnitInfo [name: default]
2025-02-37 10:38 org.hibernate.Version-HHH000412: Hibernate ORM core version 6.6.5.Final
2025-02-37 10:38 o.h.c.i.RegionFactoryInitiator-HHH000026: Second-level cache disabled
2025-02-37 10:38 o.s.o.j.p.SpringPersistenceUnitInfo-No LoadTimeWeaver setup: ignoring JPA class transformer
2025-02-37 10:38 com.zaxxer.hikari.HikariDataSource-HikariPool-1 - Starting...
2025-02-37 10:38 com.zaxxer.hikari.pool.HikariPool-HikariPool-1 - Added connection org.mariadb.jdbc.Connection@41026e5c
2025-02-37 10:38 com.zaxxer.hikari.HikariDataSource-HikariPool-1 - Start completed.
2025-02-37 10:38 org.hibernate.orm.deprecation-HHH90000025: MariaDBDialect does not need to be specified explicitly using 'hibernate.dialect' (remove the property setting and it will be selected by default)
2025-02-37 10:38 o.hibernate.orm.connections.pooling-HHH10001005: Database info:
	Database JDBC URL [Connecting through datasource 'HikariDataSource (HikariPool-1)']
	Database driver: undefined/unknown
	Database version: 11.4.4
	Autocommit mode: undefined/unknown
	Isolation level: undefined/unknown
	Minimum pool size: undefined/unknown
	Maximum pool size: undefined/unknown
2025-02-37 10:38 o.h.e.t.j.p.i.JtaPlatformInitiator-HHH000489: No JTA platform available (set 'hibernate.transaction.jta.platform' to enable JTA platform integration)
2025-02-37 10:38 o.s.o.j.LocalContainerEntityManagerFactoryBean-Initialized JPA EntityManagerFactory for persistence unit 'default'
2025-02-37 10:38 o.s.d.j.r.query.QueryEnhancerFactory-Hibernate is in classpath; If applicable, HQL parser will be used.
2025-02-37 10:38 o.s.b.a.o.j.JpaBaseConfiguration$JpaWebConfiguration-spring.jpa.open-in-view is enabled by default. Therefore, database queries may be performed during view rendering. Explicitly configure spring.jpa.open-in-view to disable this warning
2025-02-37 10:38 o.s.b.a.s.s.UserDetailsServiceAutoConfiguration-

Using generated security password: 171db991-41d5-4678-a772-e1819319b8ad

This generated password is for development use only. Your security configuration must be updated before running your application in production.

2025-02-37 10:38 o.s.s.c.a.a.c.InitializeUserDetailsBeanManagerConfigurer$InitializeUserDetailsManagerConfigurer-Global AuthenticationManager configured with UserDetailsService bean with name inMemoryUserDetailsManager
2025-02-37 10:38 o.s.s.c.a.w.c.AuthorizeHttpRequestsConfigurer$AuthorizationManagerRequestMatcherRegistry-One of the patterns in [/member/create, member/doLogin, member/refresh-token, product/list] is missing a leading slash. This is discouraged; please include the leading slash in all your request matcher patterns. In future versions of Spring Security, leaving out the leading slash will result in an exception.
2025-02-37 10:38 o.a.coyote.http11.Http11NioProtocol-Starting ProtocolHandler ["http-nio-8080"]
2025-02-37 10:38 o.s.b.w.e.tomcat.TomcatWebServer-Tomcat started on port 8080 (http) with context path '/'
2025-02-37 10:38 c.b.S.StomachForceApplication-Started StomachForceApplication in 6.716 seconds (process running for 7.802)
2025-02-37 10:42 o.a.c.c.C.[Tomcat].[localhost].[/]-Initializing Spring DispatcherServlet 'dispatcherServlet'
2025-02-37 10:42 o.s.web.servlet.DispatcherServlet-Initializing Servlet 'dispatcherServlet'
2025-02-37 10:42 o.s.web.servlet.DispatcherServlet-Completed initialization in 0 ms
2025-02-37 10:48 o.s.b.w.e.tomcat.GracefulShutdown-Commencing graceful shutdown. Waiting for active requests to complete
2025-02-37 10:48 o.s.b.w.e.tomcat.GracefulShutdown-Graceful shutdown complete
2025-02-37 10:48 o.s.o.j.LocalContainerEntityManagerFactoryBean-Closing JPA EntityManagerFactory for persistence unit 'default'
2025-02-37 10:48 com.zaxxer.hikari.HikariDataSource-HikariPool-1 - Shutdown initiated...
2025-02-37 10:48 com.zaxxer.hikari.HikariDataSource-HikariPool-1 - Shutdown completed.
2025-02-37 10:48 o.h.validator.internal.util.Version-HV000001: Hibernate Validator 8.0.2.Final
2025-02-37 10:48 c.b.S.StomachForceApplication-Starting StomachForceApplication using Java 17.0.13 with PID 14696 (C:\Users\Playdata\OneDrive\바탕 화면\be11-2nd-ChulungChulung-StomachForce-BE\build\classes\java\main started by Playdata in C:\Users\Playdata\OneDrive\바탕 화면\be11-2nd-ChulungChulung-StomachForce-BE)
2025-02-37 10:48 c.b.S.StomachForceApplication-No active profile set, falling back to 1 default profile: "default"
2025-02-37 10:48 o.s.d.r.c.RepositoryConfigurationDelegate-Multiple Spring Data modules found, entering strict repository configuration mode
2025-02-37 10:48 o.s.d.r.c.RepositoryConfigurationDelegate-Bootstrapping Spring Data JPA repositories in DEFAULT mode.
2025-02-37 10:48 o.s.d.r.c.RepositoryConfigurationDelegate-Finished Spring Data repository scanning in 170 ms. Found 7 JPA repository interfaces.
2025-02-37 10:48 o.s.d.r.c.RepositoryConfigurationDelegate-Multiple Spring Data modules found, entering strict repository configuration mode
2025-02-37 10:48 o.s.d.r.c.RepositoryConfigurationDelegate-Bootstrapping Spring Data Redis repositories in DEFAULT mode.
2025-02-37 10:48 o.s.d.r.c.RepositoryConfigurationExtensionSupport-Spring Data Redis - Could not safely identify store assignment for repository candidate interface com.beyond.StomachForce.youngjae.restaurant.repository.AddressRepository; If you want this repository to be a Redis repository, consider annotating your entities with one of these annotations: org.springframework.data.redis.core.RedisHash (preferred), or consider extending one of the following types with your repository: org.springframework.data.keyvalue.repository.KeyValueRepository
2025-02-37 10:48 o.s.d.r.c.RepositoryConfigurationExtensionSupport-Spring Data Redis - Could not safely identify store assignment for repository candidate interface com.beyond.StomachForce.youngjae.restaurant.repository.BookmarkRepository; If you want this repository to be a Redis repository, consider annotating your entities with one of these annotations: org.springframework.data.redis.core.RedisHash (preferred), or consider extending one of the following types with your repository: org.springframework.data.keyvalue.repository.KeyValueRepository
2025-02-37 10:48 o.s.d.r.c.RepositoryConfigurationExtensionSupport-Spring Data Redis - Could not safely identify store assignment for repository candidate interface com.beyond.StomachForce.youngjae.restaurant.repository.RestaurantConvenienceRepository; If you want this repository to be a Redis repository, consider annotating your entities with one of these annotations: org.springframework.data.redis.core.RedisHash (preferred), or consider extending one of the following types with your repository: org.springframework.data.keyvalue.repository.KeyValueRepository
2025-02-37 10:48 o.s.d.r.c.RepositoryConfigurationExtensionSupport-Spring Data Redis - Could not safely identify store assignment for repository candidate interface com.beyond.StomachForce.youngjae.restaurant.repository.RestaurantPhotoRepository; If you want this repository to be a Redis repository, consider annotating your entities with one of these annotations: org.springframework.data.redis.core.RedisHash (preferred), or consider extending one of the following types with your repository: org.springframework.data.keyvalue.repository.KeyValueRepository
2025-02-37 10:48 o.s.d.r.c.RepositoryConfigurationExtensionSupport-Spring Data Redis - Could not safely identify store assignment for repository candidate interface com.beyond.StomachForce.youngjae.restaurant.repository.RestaurantRepository; If you want this repository to be a Redis repository, consider annotating your entities with one of these annotations: org.springframework.data.redis.core.RedisHash (preferred), or consider extending one of the following types with your repository: org.springframework.data.keyvalue.repository.KeyValueRepository
2025-02-37 10:48 o.s.d.r.c.RepositoryConfigurationExtensionSupport-Spring Data Redis - Could not safely identify store assignment for repository candidate interface com.beyond.StomachForce.youngjae.review.repository.ReviewPhotoRepository; If you want this repository to be a Redis repository, consider annotating your entities with one of these annotations: org.springframework.data.redis.core.RedisHash (preferred), or consider extending one of the following types with your repository: org.springframework.data.keyvalue.repository.KeyValueRepository
2025-02-37 10:48 o.s.d.r.c.RepositoryConfigurationExtensionSupport-Spring Data Redis - Could not safely identify store assignment for repository candidate interface com.beyond.StomachForce.youngjae.review.repository.ReviewRepository; If you want this repository to be a Redis repository, consider annotating your entities with one of these annotations: org.springframework.data.redis.core.RedisHash (preferred), or consider extending one of the following types with your repository: org.springframework.data.keyvalue.repository.KeyValueRepository
2025-02-37 10:48 o.s.d.r.c.RepositoryConfigurationDelegate-Finished Spring Data repository scanning in 16 ms. Found 0 Redis repository interfaces.
2025-02-37 10:48 o.s.b.w.e.tomcat.TomcatWebServer-Tomcat initialized with port 8080 (http)
2025-02-37 10:48 o.a.coyote.http11.Http11NioProtocol-Initializing ProtocolHandler ["http-nio-8080"]
2025-02-37 10:48 o.a.catalina.core.StandardService-Starting service [Tomcat]
2025-02-37 10:48 o.a.catalina.core.StandardEngine-Starting Servlet engine: [Apache Tomcat/10.1.34]
2025-02-37 10:48 o.a.c.c.C.[Tomcat].[localhost].[/]-Initializing Spring embedded WebApplicationContext
2025-02-37 10:48 o.s.b.w.s.c.ServletWebServerApplicationContext-Root WebApplicationContext: initialization completed in 1635 ms
2025-02-37 10:48 o.h.jpa.internal.util.LogHelper-HHH000204: Processing PersistenceUnitInfo [name: default]
2025-02-37 10:48 org.hibernate.Version-HHH000412: Hibernate ORM core version 6.6.5.Final
2025-02-37 10:48 o.h.c.i.RegionFactoryInitiator-HHH000026: Second-level cache disabled
2025-02-37 10:48 o.s.o.j.p.SpringPersistenceUnitInfo-No LoadTimeWeaver setup: ignoring JPA class transformer
2025-02-37 10:48 com.zaxxer.hikari.HikariDataSource-HikariPool-1 - Starting...
2025-02-37 10:48 com.zaxxer.hikari.pool.HikariPool-HikariPool-1 - Added connection org.mariadb.jdbc.Connection@654b899f
2025-02-37 10:48 com.zaxxer.hikari.HikariDataSource-HikariPool-1 - Start completed.
2025-02-37 10:48 org.hibernate.orm.deprecation-HHH90000025: MariaDBDialect does not need to be specified explicitly using 'hibernate.dialect' (remove the property setting and it will be selected by default)
2025-02-37 10:48 o.hibernate.orm.connections.pooling-HHH10001005: Database info:
	Database JDBC URL [Connecting through datasource 'HikariDataSource (HikariPool-1)']
	Database driver: undefined/unknown
	Database version: 11.4.4
	Autocommit mode: undefined/unknown
	Isolation level: undefined/unknown
	Minimum pool size: undefined/unknown
	Maximum pool size: undefined/unknown
2025-02-37 10:48 o.h.e.t.j.p.i.JtaPlatformInitiator-HHH000489: No JTA platform available (set 'hibernate.transaction.jta.platform' to enable JTA platform integration)
2025-02-37 10:48 o.s.o.j.LocalContainerEntityManagerFactoryBean-Initialized JPA EntityManagerFactory for persistence unit 'default'
2025-02-37 10:48 o.s.d.j.r.query.QueryEnhancerFactory-Hibernate is in classpath; If applicable, HQL parser will be used.
2025-02-37 10:48 o.s.b.a.o.j.JpaBaseConfiguration$JpaWebConfiguration-spring.jpa.open-in-view is enabled by default. Therefore, database queries may be performed during view rendering. Explicitly configure spring.jpa.open-in-view to disable this warning
2025-02-37 10:48 o.s.b.a.s.s.UserDetailsServiceAutoConfiguration-

Using generated security password: 0d51b015-12d3-4631-ad13-87f15665771d

This generated password is for development use only. Your security configuration must be updated before running your application in production.

2025-02-37 10:48 o.s.s.c.a.a.c.InitializeUserDetailsBeanManagerConfigurer$InitializeUserDetailsManagerConfigurer-Global AuthenticationManager configured with UserDetailsService bean with name inMemoryUserDetailsManager
2025-02-37 10:48 o.s.s.c.a.w.c.AuthorizeHttpRequestsConfigurer$AuthorizationManagerRequestMatcherRegistry-One of the patterns in [/restaurant/create, restaurant/doLogin, restaurant/refresh-token, restaurant/list] is missing a leading slash. This is discouraged; please include the leading slash in all your request matcher patterns. In future versions of Spring Security, leaving out the leading slash will result in an exception.
2025-02-37 10:48 o.a.coyote.http11.Http11NioProtocol-Starting ProtocolHandler ["http-nio-8080"]
2025-02-37 10:48 o.s.b.w.e.tomcat.TomcatWebServer-Tomcat started on port 8080 (http) with context path '/'
2025-02-37 10:48 c.b.S.StomachForceApplication-Started StomachForceApplication in 6.154 seconds (process running for 7.212)
2025-02-37 10:48 o.a.c.c.C.[Tomcat].[localhost].[/]-Initializing Spring DispatcherServlet 'dispatcherServlet'
2025-02-37 10:48 o.s.web.servlet.DispatcherServlet-Initializing Servlet 'dispatcherServlet'
2025-02-37 10:48 o.s.web.servlet.DispatcherServlet-Completed initialization in 1 ms
2025-02-37 10:49 o.s.w.s.m.s.DefaultHandlerExceptionResolver-Resolved [org.springframework.http.converter.HttpMessageNotReadableException: JSON parse error: Cannot deserialize value of type `com.beyond.StomachForce.youngjae.restaurant.entity.select.AlcoholSelling` from String "AVAILABLE": not one of the values accepted for Enum class: [NO, YES]]
2025-02-37 10:50 o.m.jdbc.message.server.ErrorPacket-Error: 1048-23000: Column 'photo_url' cannot be null
2025-02-37 10:50 o.h.e.jdbc.spi.SqlExceptionHelper-SQL Error: 1048, SQLState: 23000
2025-02-37 10:50 o.h.e.jdbc.spi.SqlExceptionHelper-(conn=653) Column 'photo_url' cannot be null
2025-02-37 10:50 c.b.S.y.common.auth.JwtAuthFilter-Request processing failed: org.springframework.dao.DataIntegrityViolationException: could not execute statement [(conn=653) Column 'photo_url' cannot be null] [insert into restaurant_photo (created_time,photo_url,restaurant_id,updated_time) values (?,?,?,?)]; SQL [insert into restaurant_photo (created_time,photo_url,restaurant_id,updated_time) values (?,?,?,?)]; constraint [null]
2025-02-37 11:00 com.zaxxer.hikari.pool.HikariPool-HikariPool-1 - Thread starvation or clock leap detected (housekeeper delta=4m39s830ms764µs800ns).
2025-02-37 11:03 o.s.b.w.e.tomcat.GracefulShutdown-Commencing graceful shutdown. Waiting for active requests to complete
2025-02-37 11:03 o.s.b.w.e.tomcat.GracefulShutdown-Graceful shutdown complete
2025-02-37 11:03 o.s.o.j.LocalContainerEntityManagerFactoryBean-Closing JPA EntityManagerFactory for persistence unit 'default'
2025-02-37 11:03 com.zaxxer.hikari.HikariDataSource-HikariPool-1 - Shutdown initiated...
2025-02-37 11:03 com.zaxxer.hikari.HikariDataSource-HikariPool-1 - Shutdown completed.
2025-02-37 11:03 o.h.validator.internal.util.Version-HV000001: Hibernate Validator 8.0.2.Final
2025-02-37 11:03 c.b.S.StomachForceApplication-Starting StomachForceApplication using Java 17.0.13 with PID 17008 (C:\Users\Playdata\OneDrive\바탕 화면\be11-2nd-ChulungChulung-StomachForce-BE\build\classes\java\main started by Playdata in C:\Users\Playdata\OneDrive\바탕 화면\be11-2nd-ChulungChulung-StomachForce-BE)
2025-02-37 11:03 c.b.S.StomachForceApplication-No active profile set, falling back to 1 default profile: "default"
2025-02-37 11:03 o.s.d.r.c.RepositoryConfigurationDelegate-Multiple Spring Data modules found, entering strict repository configuration mode
2025-02-37 11:03 o.s.d.r.c.RepositoryConfigurationDelegate-Bootstrapping Spring Data JPA repositories in DEFAULT mode.
2025-02-37 11:03 o.s.d.r.c.RepositoryConfigurationDelegate-Finished Spring Data repository scanning in 192 ms. Found 7 JPA repository interfaces.
2025-02-37 11:03 o.s.d.r.c.RepositoryConfigurationDelegate-Multiple Spring Data modules found, entering strict repository configuration mode
2025-02-37 11:03 o.s.d.r.c.RepositoryConfigurationDelegate-Bootstrapping Spring Data Redis repositories in DEFAULT mode.
2025-02-37 11:03 o.s.d.r.c.RepositoryConfigurationExtensionSupport-Spring Data Redis - Could not safely identify store assignment for repository candidate interface com.beyond.StomachForce.youngjae.restaurant.repository.AddressRepository; If you want this repository to be a Redis repository, consider annotating your entities with one of these annotations: org.springframework.data.redis.core.RedisHash (preferred), or consider extending one of the following types with your repository: org.springframework.data.keyvalue.repository.KeyValueRepository
2025-02-37 11:03 o.s.d.r.c.RepositoryConfigurationExtensionSupport-Spring Data Redis - Could not safely identify store assignment for repository candidate interface com.beyond.StomachForce.youngjae.restaurant.repository.BookmarkRepository; If you want this repository to be a Redis repository, consider annotating your entities with one of these annotations: org.springframework.data.redis.core.RedisHash (preferred), or consider extending one of the following types with your repository: org.springframework.data.keyvalue.repository.KeyValueRepository
2025-02-37 11:03 o.s.d.r.c.RepositoryConfigurationExtensionSupport-Spring Data Redis - Could not safely identify store assignment for repository candidate interface com.beyond.StomachForce.youngjae.restaurant.repository.RestaurantConvenienceRepository; If you want this repository to be a Redis repository, consider annotating your entities with one of these annotations: org.springframework.data.redis.core.RedisHash (preferred), or consider extending one of the following types with your repository: org.springframework.data.keyvalue.repository.KeyValueRepository
2025-02-37 11:03 o.s.d.r.c.RepositoryConfigurationExtensionSupport-Spring Data Redis - Could not safely identify store assignment for repository candidate interface com.beyond.StomachForce.youngjae.restaurant.repository.RestaurantPhotoRepository; If you want this repository to be a Redis repository, consider annotating your entities with one of these annotations: org.springframework.data.redis.core.RedisHash (preferred), or consider extending one of the following types with your repository: org.springframework.data.keyvalue.repository.KeyValueRepository
2025-02-37 11:03 o.s.d.r.c.RepositoryConfigurationExtensionSupport-Spring Data Redis - Could not safely identify store assignment for repository candidate interface com.beyond.StomachForce.youngjae.restaurant.repository.RestaurantRepository; If you want this repository to be a Redis repository, consider annotating your entities with one of these annotations: org.springframework.data.redis.core.RedisHash (preferred), or consider extending one of the following types with your repository: org.springframework.data.keyvalue.repository.KeyValueRepository
2025-02-37 11:03 o.s.d.r.c.RepositoryConfigurationExtensionSupport-Spring Data Redis - Could not safely identify store assignment for repository candidate interface com.beyond.StomachForce.youngjae.review.repository.ReviewPhotoRepository; If you want this repository to be a Redis repository, consider annotating your entities with one of these annotations: org.springframework.data.redis.core.RedisHash (preferred), or consider extending one of the following types with your repository: org.springframework.data.keyvalue.repository.KeyValueRepository
2025-02-37 11:03 o.s.d.r.c.RepositoryConfigurationExtensionSupport-Spring Data Redis - Could not safely identify store assignment for repository candidate interface com.beyond.StomachForce.youngjae.review.repository.ReviewRepository; If you want this repository to be a Redis repository, consider annotating your entities with one of these annotations: org.springframework.data.redis.core.RedisHash (preferred), or consider extending one of the following types with your repository: org.springframework.data.keyvalue.repository.KeyValueRepository
2025-02-37 11:03 o.s.d.r.c.RepositoryConfigurationDelegate-Finished Spring Data repository scanning in 15 ms. Found 0 Redis repository interfaces.
2025-02-37 11:03 o.s.b.w.e.tomcat.TomcatWebServer-Tomcat initialized with port 8080 (http)
2025-02-37 11:03 o.a.coyote.http11.Http11NioProtocol-Initializing ProtocolHandler ["http-nio-8080"]
2025-02-37 11:03 o.a.catalina.core.StandardService-Starting service [Tomcat]
2025-02-37 11:03 o.a.catalina.core.StandardEngine-Starting Servlet engine: [Apache Tomcat/10.1.34]
2025-02-37 11:03 o.a.c.c.C.[Tomcat].[localhost].[/]-Initializing Spring embedded WebApplicationContext
2025-02-37 11:03 o.s.b.w.s.c.ServletWebServerApplicationContext-Root WebApplicationContext: initialization completed in 1729 ms
2025-02-37 11:03 o.h.jpa.internal.util.LogHelper-HHH000204: Processing PersistenceUnitInfo [name: default]
2025-02-37 11:03 org.hibernate.Version-HHH000412: Hibernate ORM core version 6.6.5.Final
2025-02-37 11:03 o.h.c.i.RegionFactoryInitiator-HHH000026: Second-level cache disabled
2025-02-37 11:03 o.s.o.j.p.SpringPersistenceUnitInfo-No LoadTimeWeaver setup: ignoring JPA class transformer
2025-02-37 11:03 com.zaxxer.hikari.HikariDataSource-HikariPool-1 - Starting...
2025-02-37 11:03 com.zaxxer.hikari.pool.HikariPool-HikariPool-1 - Added connection org.mariadb.jdbc.Connection@69a76b74
2025-02-37 11:03 com.zaxxer.hikari.HikariDataSource-HikariPool-1 - Start completed.
2025-02-37 11:03 org.hibernate.orm.deprecation-HHH90000025: MariaDBDialect does not need to be specified explicitly using 'hibernate.dialect' (remove the property setting and it will be selected by default)
2025-02-37 11:03 o.hibernate.orm.connections.pooling-HHH10001005: Database info:
	Database JDBC URL [Connecting through datasource 'HikariDataSource (HikariPool-1)']
	Database driver: undefined/unknown
	Database version: 11.4.4
	Autocommit mode: undefined/unknown
	Isolation level: undefined/unknown
	Minimum pool size: undefined/unknown
	Maximum pool size: undefined/unknown
2025-02-37 11:03 o.h.e.t.j.p.i.JtaPlatformInitiator-HHH000489: No JTA platform available (set 'hibernate.transaction.jta.platform' to enable JTA platform integration)
2025-02-37 11:03 o.s.o.j.LocalContainerEntityManagerFactoryBean-Initialized JPA EntityManagerFactory for persistence unit 'default'
2025-02-37 11:03 o.s.d.j.r.query.QueryEnhancerFactory-Hibernate is in classpath; If applicable, HQL parser will be used.
2025-02-37 11:03 o.s.b.a.o.j.JpaBaseConfiguration$JpaWebConfiguration-spring.jpa.open-in-view is enabled by default. Therefore, database queries may be performed during view rendering. Explicitly configure spring.jpa.open-in-view to disable this warning
2025-02-37 11:03 o.s.b.a.s.s.UserDetailsServiceAutoConfiguration-

Using generated security password: e12ba5b5-3425-4ac7-a83a-48227f987c47

This generated password is for development use only. Your security configuration must be updated before running your application in production.

2025-02-37 11:03 o.s.s.c.a.a.c.InitializeUserDetailsBeanManagerConfigurer$InitializeUserDetailsManagerConfigurer-Global AuthenticationManager configured with UserDetailsService bean with name inMemoryUserDetailsManager
2025-02-37 11:03 o.s.s.c.a.w.c.AuthorizeHttpRequestsConfigurer$AuthorizationManagerRequestMatcherRegistry-One of the patterns in [/restaurant/create, restaurant/doLogin, restaurant/refresh-token, restaurant/list] is missing a leading slash. This is discouraged; please include the leading slash in all your request matcher patterns. In future versions of Spring Security, leaving out the leading slash will result in an exception.
2025-02-37 11:03 o.a.coyote.http11.Http11NioProtocol-Starting ProtocolHandler ["http-nio-8080"]
2025-02-37 11:03 o.s.b.w.e.tomcat.TomcatWebServer-Tomcat started on port 8080 (http) with context path '/'
2025-02-37 11:03 c.b.S.StomachForceApplication-Started StomachForceApplication in 6.567 seconds (process running for 7.56)
2025-02-37 11:03 o.s.b.w.e.tomcat.GracefulShutdown-Commencing graceful shutdown. Waiting for active requests to complete
2025-02-37 11:03 o.s.b.w.e.tomcat.GracefulShutdown-Graceful shutdown complete
2025-02-37 11:03 o.s.o.j.LocalContainerEntityManagerFactoryBean-Closing JPA EntityManagerFactory for persistence unit 'default'
2025-02-37 11:03 com.zaxxer.hikari.HikariDataSource-HikariPool-1 - Shutdown initiated...
2025-02-37 11:03 com.zaxxer.hikari.HikariDataSource-HikariPool-1 - Shutdown completed.
2025-02-37 11:03 o.h.validator.internal.util.Version-HV000001: Hibernate Validator 8.0.2.Final
2025-02-37 11:03 c.b.S.StomachForceApplication-Starting StomachForceApplication using Java 17.0.13 with PID 23772 (C:\Users\Playdata\OneDrive\바탕 화면\be11-2nd-ChulungChulung-StomachForce-BE\build\classes\java\main started by Playdata in C:\Users\Playdata\OneDrive\바탕 화면\be11-2nd-ChulungChulung-StomachForce-BE)
2025-02-37 11:03 c.b.S.StomachForceApplication-No active profile set, falling back to 1 default profile: "default"
2025-02-37 11:03 o.s.d.r.c.RepositoryConfigurationDelegate-Multiple Spring Data modules found, entering strict repository configuration mode
2025-02-37 11:03 o.s.d.r.c.RepositoryConfigurationDelegate-Bootstrapping Spring Data JPA repositories in DEFAULT mode.
2025-02-37 11:03 o.s.d.r.c.RepositoryConfigurationDelegate-Finished Spring Data repository scanning in 163 ms. Found 7 JPA repository interfaces.
2025-02-37 11:03 o.s.d.r.c.RepositoryConfigurationDelegate-Multiple Spring Data modules found, entering strict repository configuration mode
2025-02-37 11:03 o.s.d.r.c.RepositoryConfigurationDelegate-Bootstrapping Spring Data Redis repositories in DEFAULT mode.
2025-02-37 11:03 o.s.d.r.c.RepositoryConfigurationExtensionSupport-Spring Data Redis - Could not safely identify store assignment for repository candidate interface com.beyond.StomachForce.youngjae.restaurant.repository.AddressRepository; If you want this repository to be a Redis repository, consider annotating your entities with one of these annotations: org.springframework.data.redis.core.RedisHash (preferred), or consider extending one of the following types with your repository: org.springframework.data.keyvalue.repository.KeyValueRepository
2025-02-37 11:03 o.s.d.r.c.RepositoryConfigurationExtensionSupport-Spring Data Redis - Could not safely identify store assignment for repository candidate interface com.beyond.StomachForce.youngjae.restaurant.repository.BookmarkRepository; If you want this repository to be a Redis repository, consider annotating your entities with one of these annotations: org.springframework.data.redis.core.RedisHash (preferred), or consider extending one of the following types with your repository: org.springframework.data.keyvalue.repository.KeyValueRepository
2025-02-37 11:03 o.s.d.r.c.RepositoryConfigurationExtensionSupport-Spring Data Redis - Could not safely identify store assignment for repository candidate interface com.beyond.StomachForce.youngjae.restaurant.repository.RestaurantConvenienceRepository; If you want this repository to be a Redis repository, consider annotating your entities with one of these annotations: org.springframework.data.redis.core.RedisHash (preferred), or consider extending one of the following types with your repository: org.springframework.data.keyvalue.repository.KeyValueRepository
2025-02-37 11:03 o.s.d.r.c.RepositoryConfigurationExtensionSupport-Spring Data Redis - Could not safely identify store assignment for repository candidate interface com.beyond.StomachForce.youngjae.restaurant.repository.RestaurantPhotoRepository; If you want this repository to be a Redis repository, consider annotating your entities with one of these annotations: org.springframework.data.redis.core.RedisHash (preferred), or consider extending one of the following types with your repository: org.springframework.data.keyvalue.repository.KeyValueRepository
2025-02-37 11:03 o.s.d.r.c.RepositoryConfigurationExtensionSupport-Spring Data Redis - Could not safely identify store assignment for repository candidate interface com.beyond.StomachForce.youngjae.restaurant.repository.RestaurantRepository; If you want this repository to be a Redis repository, consider annotating your entities with one of these annotations: org.springframework.data.redis.core.RedisHash (preferred), or consider extending one of the following types with your repository: org.springframework.data.keyvalue.repository.KeyValueRepository
2025-02-37 11:03 o.s.d.r.c.RepositoryConfigurationExtensionSupport-Spring Data Redis - Could not safely identify store assignment for repository candidate interface com.beyond.StomachForce.youngjae.review.repository.ReviewPhotoRepository; If you want this repository to be a Redis repository, consider annotating your entities with one of these annotations: org.springframework.data.redis.core.RedisHash (preferred), or consider extending one of the following types with your repository: org.springframework.data.keyvalue.repository.KeyValueRepository
2025-02-37 11:03 o.s.d.r.c.RepositoryConfigurationExtensionSupport-Spring Data Redis - Could not safely identify store assignment for repository candidate interface com.beyond.StomachForce.youngjae.review.repository.ReviewRepository; If you want this repository to be a Redis repository, consider annotating your entities with one of these annotations: org.springframework.data.redis.core.RedisHash (preferred), or consider extending one of the following types with your repository: org.springframework.data.keyvalue.repository.KeyValueRepository
2025-02-37 11:03 o.s.d.r.c.RepositoryConfigurationDelegate-Finished Spring Data repository scanning in 17 ms. Found 0 Redis repository interfaces.
2025-02-37 11:03 o.s.b.w.e.tomcat.TomcatWebServer-Tomcat initialized with port 8080 (http)
2025-02-37 11:03 o.a.coyote.http11.Http11NioProtocol-Initializing ProtocolHandler ["http-nio-8080"]
2025-02-37 11:03 o.a.catalina.core.StandardService-Starting service [Tomcat]
2025-02-37 11:03 o.a.catalina.core.StandardEngine-Starting Servlet engine: [Apache Tomcat/10.1.34]
2025-02-37 11:03 o.a.c.c.C.[Tomcat].[localhost].[/]-Initializing Spring embedded WebApplicationContext
2025-02-37 11:03 o.s.b.w.s.c.ServletWebServerApplicationContext-Root WebApplicationContext: initialization completed in 1658 ms
2025-02-37 11:03 o.h.jpa.internal.util.LogHelper-HHH000204: Processing PersistenceUnitInfo [name: default]
2025-02-37 11:03 org.hibernate.Version-HHH000412: Hibernate ORM core version 6.6.5.Final
2025-02-37 11:03 o.h.c.i.RegionFactoryInitiator-HHH000026: Second-level cache disabled
2025-02-37 11:03 o.s.o.j.p.SpringPersistenceUnitInfo-No LoadTimeWeaver setup: ignoring JPA class transformer
2025-02-37 11:03 com.zaxxer.hikari.HikariDataSource-HikariPool-1 - Starting...
2025-02-37 11:03 com.zaxxer.hikari.pool.HikariPool-HikariPool-1 - Added connection org.mariadb.jdbc.Connection@65503a26
2025-02-37 11:03 com.zaxxer.hikari.HikariDataSource-HikariPool-1 - Start completed.
2025-02-37 11:03 org.hibernate.orm.deprecation-HHH90000025: MariaDBDialect does not need to be specified explicitly using 'hibernate.dialect' (remove the property setting and it will be selected by default)
2025-02-37 11:03 o.hibernate.orm.connections.pooling-HHH10001005: Database info:
	Database JDBC URL [Connecting through datasource 'HikariDataSource (HikariPool-1)']
	Database driver: undefined/unknown
	Database version: 11.4.4
	Autocommit mode: undefined/unknown
	Isolation level: undefined/unknown
	Minimum pool size: undefined/unknown
	Maximum pool size: undefined/unknown
2025-02-37 11:03 o.h.e.t.j.p.i.JtaPlatformInitiator-HHH000489: No JTA platform available (set 'hibernate.transaction.jta.platform' to enable JTA platform integration)
2025-02-37 11:03 o.s.o.j.LocalContainerEntityManagerFactoryBean-Initialized JPA EntityManagerFactory for persistence unit 'default'
2025-02-37 11:03 o.s.d.j.r.query.QueryEnhancerFactory-Hibernate is in classpath; If applicable, HQL parser will be used.
2025-02-37 11:03 o.s.b.a.o.j.JpaBaseConfiguration$JpaWebConfiguration-spring.jpa.open-in-view is enabled by default. Therefore, database queries may be performed during view rendering. Explicitly configure spring.jpa.open-in-view to disable this warning
2025-02-37 11:03 o.s.b.a.s.s.UserDetailsServiceAutoConfiguration-

Using generated security password: 15c5faa0-cc2b-4602-bf1c-001462f6fb8f

This generated password is for development use only. Your security configuration must be updated before running your application in production.

2025-02-37 11:03 o.s.s.c.a.a.c.InitializeUserDetailsBeanManagerConfigurer$InitializeUserDetailsManagerConfigurer-Global AuthenticationManager configured with UserDetailsService bean with name inMemoryUserDetailsManager
2025-02-37 11:03 o.s.s.c.a.w.c.AuthorizeHttpRequestsConfigurer$AuthorizationManagerRequestMatcherRegistry-One of the patterns in [/restaurant/create, restaurant/doLogin, restaurant/refresh-token, restaurant/list] is missing a leading slash. This is discouraged; please include the leading slash in all your request matcher patterns. In future versions of Spring Security, leaving out the leading slash will result in an exception.
2025-02-37 11:03 o.a.coyote.http11.Http11NioProtocol-Starting ProtocolHandler ["http-nio-8080"]
2025-02-37 11:03 o.s.b.w.e.tomcat.TomcatWebServer-Tomcat started on port 8080 (http) with context path '/'
2025-02-37 11:03 c.b.S.StomachForceApplication-Started StomachForceApplication in 6.176 seconds (process running for 7.256)
2025-02-37 11:03 o.a.c.c.C.[Tomcat].[localhost].[/]-Initializing Spring DispatcherServlet 'dispatcherServlet'
2025-02-37 11:03 o.s.web.servlet.DispatcherServlet-Initializing Servlet 'dispatcherServlet'
2025-02-37 11:03 o.s.web.servlet.DispatcherServlet-Completed initialization in 1 ms
2025-02-37 11:03 c.b.S.y.common.auth.JwtAuthFilter-Request processing failed: org.springframework.dao.InvalidDataAccessApiUsageException: org.hibernate.TransientObjectException: persistent instance references an unsaved transient instance of 'com.beyond.StomachForce.youngjae.restaurant.entity.RestaurantAddress' (save the transient instance before flushing)
2025-02-37 11:05 o.s.b.w.e.tomcat.GracefulShutdown-Commencing graceful shutdown. Waiting for active requests to complete
2025-02-37 11:05 o.s.b.w.e.tomcat.GracefulShutdown-Graceful shutdown complete
2025-02-37 11:05 o.s.o.j.LocalContainerEntityManagerFactoryBean-Closing JPA EntityManagerFactory for persistence unit 'default'
2025-02-37 11:05 com.zaxxer.hikari.HikariDataSource-HikariPool-1 - Shutdown initiated...
2025-02-37 11:05 com.zaxxer.hikari.HikariDataSource-HikariPool-1 - Shutdown completed.
2025-02-37 11:06 o.h.validator.internal.util.Version-HV000001: Hibernate Validator 8.0.2.Final
2025-02-37 11:06 c.b.S.StomachForceApplication-Starting StomachForceApplication using Java 17.0.13 with PID 7872 (C:\Users\Playdata\OneDrive\바탕 화면\be11-2nd-ChulungChulung-StomachForce-BE\build\classes\java\main started by Playdata in C:\Users\Playdata\OneDrive\바탕 화면\be11-2nd-ChulungChulung-StomachForce-BE)
2025-02-37 11:06 c.b.S.StomachForceApplication-No active profile set, falling back to 1 default profile: "default"
2025-02-37 11:06 o.s.d.r.c.RepositoryConfigurationDelegate-Multiple Spring Data modules found, entering strict repository configuration mode
2025-02-37 11:06 o.s.d.r.c.RepositoryConfigurationDelegate-Bootstrapping Spring Data JPA repositories in DEFAULT mode.
2025-02-37 11:06 o.s.d.r.c.RepositoryConfigurationDelegate-Finished Spring Data repository scanning in 177 ms. Found 7 JPA repository interfaces.
2025-02-37 11:06 o.s.d.r.c.RepositoryConfigurationDelegate-Multiple Spring Data modules found, entering strict repository configuration mode
2025-02-37 11:06 o.s.d.r.c.RepositoryConfigurationDelegate-Bootstrapping Spring Data Redis repositories in DEFAULT mode.
2025-02-37 11:06 o.s.d.r.c.RepositoryConfigurationExtensionSupport-Spring Data Redis - Could not safely identify store assignment for repository candidate interface com.beyond.StomachForce.youngjae.restaurant.repository.AddressRepository; If you want this repository to be a Redis repository, consider annotating your entities with one of these annotations: org.springframework.data.redis.core.RedisHash (preferred), or consider extending one of the following types with your repository: org.springframework.data.keyvalue.repository.KeyValueRepository
2025-02-37 11:06 o.s.d.r.c.RepositoryConfigurationExtensionSupport-Spring Data Redis - Could not safely identify store assignment for repository candidate interface com.beyond.StomachForce.youngjae.restaurant.repository.BookmarkRepository; If you want this repository to be a Redis repository, consider annotating your entities with one of these annotations: org.springframework.data.redis.core.RedisHash (preferred), or consider extending one of the following types with your repository: org.springframework.data.keyvalue.repository.KeyValueRepository
2025-02-37 11:06 o.s.d.r.c.RepositoryConfigurationExtensionSupport-Spring Data Redis - Could not safely identify store assignment for repository candidate interface com.beyond.StomachForce.youngjae.restaurant.repository.RestaurantConvenienceRepository; If you want this repository to be a Redis repository, consider annotating your entities with one of these annotations: org.springframework.data.redis.core.RedisHash (preferred), or consider extending one of the following types with your repository: org.springframework.data.keyvalue.repository.KeyValueRepository
2025-02-37 11:06 o.s.d.r.c.RepositoryConfigurationExtensionSupport-Spring Data Redis - Could not safely identify store assignment for repository candidate interface com.beyond.StomachForce.youngjae.restaurant.repository.RestaurantPhotoRepository; If you want this repository to be a Redis repository, consider annotating your entities with one of these annotations: org.springframework.data.redis.core.RedisHash (preferred), or consider extending one of the following types with your repository: org.springframework.data.keyvalue.repository.KeyValueRepository
2025-02-37 11:06 o.s.d.r.c.RepositoryConfigurationExtensionSupport-Spring Data Redis - Could not safely identify store assignment for repository candidate interface com.beyond.StomachForce.youngjae.restaurant.repository.RestaurantRepository; If you want this repository to be a Redis repository, consider annotating your entities with one of these annotations: org.springframework.data.redis.core.RedisHash (preferred), or consider extending one of the following types with your repository: org.springframework.data.keyvalue.repository.KeyValueRepository
2025-02-37 11:06 o.s.d.r.c.RepositoryConfigurationExtensionSupport-Spring Data Redis - Could not safely identify store assignment for repository candidate interface com.beyond.StomachForce.youngjae.review.repository.ReviewPhotoRepository; If you want this repository to be a Redis repository, consider annotating your entities with one of these annotations: org.springframework.data.redis.core.RedisHash (preferred), or consider extending one of the following types with your repository: org.springframework.data.keyvalue.repository.KeyValueRepository
2025-02-37 11:06 o.s.d.r.c.RepositoryConfigurationExtensionSupport-Spring Data Redis - Could not safely identify store assignment for repository candidate interface com.beyond.StomachForce.youngjae.review.repository.ReviewRepository; If you want this repository to be a Redis repository, consider annotating your entities with one of these annotations: org.springframework.data.redis.core.RedisHash (preferred), or consider extending one of the following types with your repository: org.springframework.data.keyvalue.repository.KeyValueRepository
2025-02-37 11:06 o.s.d.r.c.RepositoryConfigurationDelegate-Finished Spring Data repository scanning in 15 ms. Found 0 Redis repository interfaces.
2025-02-37 11:06 o.s.b.w.e.tomcat.TomcatWebServer-Tomcat initialized with port 8080 (http)
2025-02-37 11:06 o.a.coyote.http11.Http11NioProtocol-Initializing ProtocolHandler ["http-nio-8080"]
2025-02-37 11:06 o.a.catalina.core.StandardService-Starting service [Tomcat]
2025-02-37 11:06 o.a.catalina.core.StandardEngine-Starting Servlet engine: [Apache Tomcat/10.1.34]
2025-02-37 11:06 o.a.c.c.C.[Tomcat].[localhost].[/]-Initializing Spring embedded WebApplicationContext
2025-02-37 11:06 o.s.b.w.s.c.ServletWebServerApplicationContext-Root WebApplicationContext: initialization completed in 1774 ms
2025-02-37 11:06 o.h.jpa.internal.util.LogHelper-HHH000204: Processing PersistenceUnitInfo [name: default]
2025-02-37 11:06 org.hibernate.Version-HHH000412: Hibernate ORM core version 6.6.5.Final
2025-02-37 11:06 o.h.c.i.RegionFactoryInitiator-HHH000026: Second-level cache disabled
2025-02-37 11:06 o.s.o.j.p.SpringPersistenceUnitInfo-No LoadTimeWeaver setup: ignoring JPA class transformer
2025-02-37 11:06 com.zaxxer.hikari.HikariDataSource-HikariPool-1 - Starting...
2025-02-37 11:06 com.zaxxer.hikari.pool.HikariPool-HikariPool-1 - Added connection org.mariadb.jdbc.Connection@5b64f771
2025-02-37 11:06 com.zaxxer.hikari.HikariDataSource-HikariPool-1 - Start completed.
2025-02-37 11:06 org.hibernate.orm.deprecation-HHH90000025: MariaDBDialect does not need to be specified explicitly using 'hibernate.dialect' (remove the property setting and it will be selected by default)
2025-02-37 11:06 o.hibernate.orm.connections.pooling-HHH10001005: Database info:
	Database JDBC URL [Connecting through datasource 'HikariDataSource (HikariPool-1)']
	Database driver: undefined/unknown
	Database version: 11.4.4
	Autocommit mode: undefined/unknown
	Isolation level: undefined/unknown
	Minimum pool size: undefined/unknown
	Maximum pool size: undefined/unknown
2025-02-37 11:06 o.s.o.j.LocalContainerEntityManagerFactoryBean-Failed to initialize JPA EntityManagerFactory: Association 'com.beyond.StomachForce.youngjae.restaurant.entity.Restaurant.address' is 'mappedBy' a property named 'restaurant' which does not exist in the target entity type 'com.beyond.StomachForce.youngjae.restaurant.entity.RestaurantAddress'
2025-02-37 11:06 o.s.b.w.s.c.AnnotationConfigServletWebServerApplicationContext-Exception encountered during context initialization - cancelling refresh attempt: org.springframework.beans.factory.BeanCreationException: Error creating bean with name 'entityManagerFactory' defined in class path resource [org/springframework/boot/autoconfigure/orm/jpa/HibernateJpaConfiguration.class]: Association 'com.beyond.StomachForce.youngjae.restaurant.entity.Restaurant.address' is 'mappedBy' a property named 'restaurant' which does not exist in the target entity type 'com.beyond.StomachForce.youngjae.restaurant.entity.RestaurantAddress'
2025-02-37 11:06 com.zaxxer.hikari.HikariDataSource-HikariPool-1 - Shutdown initiated...
2025-02-37 11:06 com.zaxxer.hikari.HikariDataSource-HikariPool-1 - Shutdown completed.
2025-02-37 11:06 o.a.catalina.core.StandardService-Stopping service [Tomcat]
2025-02-37 11:06 o.s.b.a.l.ConditionEvaluationReportLogger-

Error starting ApplicationContext. To display the condition evaluation report re-run your application with 'debug' enabled.
2025-02-37 11:06 o.s.boot.SpringApplication-Application run failed
org.springframework.beans.factory.BeanCreationException: Error creating bean with name 'entityManagerFactory' defined in class path resource [org/springframework/boot/autoconfigure/orm/jpa/HibernateJpaConfiguration.class]: Association 'com.beyond.StomachForce.youngjae.restaurant.entity.Restaurant.address' is 'mappedBy' a property named 'restaurant' which does not exist in the target entity type 'com.beyond.StomachForce.youngjae.restaurant.entity.RestaurantAddress'
	at org.springframework.beans.factory.support.AbstractAutowireCapableBeanFactory.initializeBean(AbstractAutowireCapableBeanFactory.java:1812)
	at org.springframework.beans.factory.support.AbstractAutowireCapableBeanFactory.doCreateBean(AbstractAutowireCapableBeanFactory.java:601)
	at org.springframework.beans.factory.support.AbstractAutowireCapableBeanFactory.createBean(AbstractAutowireCapableBeanFactory.java:523)
	at org.springframework.beans.factory.support.AbstractBeanFactory.lambda$doGetBean$0(AbstractBeanFactory.java:336)
	at org.springframework.beans.factory.support.DefaultSingletonBeanRegistry.getSingleton(DefaultSingletonBeanRegistry.java:307)
	at org.springframework.beans.factory.support.AbstractBeanFactory.doGetBean(AbstractBeanFactory.java:334)
	at org.springframework.beans.factory.support.AbstractBeanFactory.getBean(AbstractBeanFactory.java:204)
	at org.springframework.context.support.AbstractApplicationContext.finishBeanFactoryInitialization(AbstractApplicationContext.java:970)
	at org.springframework.context.support.AbstractApplicationContext.refresh(AbstractApplicationContext.java:627)
	at org.springframework.boot.web.servlet.context.ServletWebServerApplicationContext.refresh(ServletWebServerApplicationContext.java:146)
	at org.springframework.boot.SpringApplication.refresh(SpringApplication.java:752)
	at org.springframework.boot.SpringApplication.refreshContext(SpringApplication.java:439)
	at org.springframework.boot.SpringApplication.run(SpringApplication.java:318)
	at org.springframework.boot.SpringApplication.run(SpringApplication.java:1361)
	at org.springframework.boot.SpringApplication.run(SpringApplication.java:1350)
	at com.beyond.StomachForce.StomachForceApplication.main(StomachForceApplication.java:10)
Caused by: org.hibernate.AnnotationException: Association 'com.beyond.StomachForce.youngjae.restaurant.entity.Restaurant.address' is 'mappedBy' a property named 'restaurant' which does not exist in the target entity type 'com.beyond.StomachForce.youngjae.restaurant.entity.RestaurantAddress'
	at org.hibernate.boot.model.internal.OneToOneSecondPass.targetProperty(OneToOneSecondPass.java:240)
	at org.hibernate.boot.model.internal.OneToOneSecondPass.bindUnowned(OneToOneSecondPass.java:149)
	at org.hibernate.boot.model.internal.OneToOneSecondPass.doSecondPass(OneToOneSecondPass.java:128)
	at org.hibernate.boot.internal.InFlightMetadataCollectorImpl.processSecondPasses(InFlightMetadataCollectorImpl.java:1842)
	at org.hibernate.boot.internal.InFlightMetadataCollectorImpl.processSecondPasses(InFlightMetadataCollectorImpl.java:1800)
	at org.hibernate.boot.model.process.spi.MetadataBuildingProcess.complete(MetadataBuildingProcess.java:334)
	at org.hibernate.jpa.boot.internal.EntityManagerFactoryBuilderImpl.metadata(EntityManagerFactoryBuilderImpl.java:1431)
	at org.hibernate.jpa.boot.internal.EntityManagerFactoryBuilderImpl.build(EntityManagerFactoryBuilderImpl.java:1502)
	at org.springframework.orm.jpa.vendor.SpringHibernateJpaPersistenceProvider.createContainerEntityManagerFactory(SpringHibernateJpaPersistenceProvider.java:66)
	at org.springframework.orm.jpa.LocalContainerEntityManagerFactoryBean.createNativeEntityManagerFactory(LocalContainerEntityManagerFactoryBean.java:390)
	at org.springframework.orm.jpa.AbstractEntityManagerFactoryBean.buildNativeEntityManagerFactory(AbstractEntityManagerFactoryBean.java:419)
	at org.springframework.orm.jpa.AbstractEntityManagerFactoryBean.afterPropertiesSet(AbstractEntityManagerFactoryBean.java:400)
	at org.springframework.orm.jpa.LocalContainerEntityManagerFactoryBean.afterPropertiesSet(LocalContainerEntityManagerFactoryBean.java:366)
	at org.springframework.beans.factory.support.AbstractAutowireCapableBeanFactory.invokeInitMethods(AbstractAutowireCapableBeanFactory.java:1859)
	at org.springframework.beans.factory.support.AbstractAutowireCapableBeanFactory.initializeBean(AbstractAutowireCapableBeanFactory.java:1808)
	... 15 common frames omitted
2025-02-37 11:06 o.h.validator.internal.util.Version-HV000001: Hibernate Validator 8.0.2.Final
2025-02-37 11:06 c.b.S.StomachForceApplication-Starting StomachForceApplication using Java 17.0.13 with PID 18752 (C:\Users\Playdata\OneDrive\바탕 화면\be11-2nd-ChulungChulung-StomachForce-BE\build\classes\java\main started by Playdata in C:\Users\Playdata\OneDrive\바탕 화면\be11-2nd-ChulungChulung-StomachForce-BE)
2025-02-37 11:06 c.b.S.StomachForceApplication-No active profile set, falling back to 1 default profile: "default"
2025-02-37 11:06 o.s.d.r.c.RepositoryConfigurationDelegate-Multiple Spring Data modules found, entering strict repository configuration mode
2025-02-37 11:06 o.s.d.r.c.RepositoryConfigurationDelegate-Bootstrapping Spring Data JPA repositories in DEFAULT mode.
2025-02-37 11:06 o.s.d.r.c.RepositoryConfigurationDelegate-Finished Spring Data repository scanning in 166 ms. Found 7 JPA repository interfaces.
2025-02-37 11:06 o.s.d.r.c.RepositoryConfigurationDelegate-Multiple Spring Data modules found, entering strict repository configuration mode
2025-02-37 11:06 o.s.d.r.c.RepositoryConfigurationDelegate-Bootstrapping Spring Data Redis repositories in DEFAULT mode.
2025-02-37 11:06 o.s.d.r.c.RepositoryConfigurationExtensionSupport-Spring Data Redis - Could not safely identify store assignment for repository candidate interface com.beyond.StomachForce.youngjae.restaurant.repository.AddressRepository; If you want this repository to be a Redis repository, consider annotating your entities with one of these annotations: org.springframework.data.redis.core.RedisHash (preferred), or consider extending one of the following types with your repository: org.springframework.data.keyvalue.repository.KeyValueRepository
2025-02-37 11:06 o.s.d.r.c.RepositoryConfigurationExtensionSupport-Spring Data Redis - Could not safely identify store assignment for repository candidate interface com.beyond.StomachForce.youngjae.restaurant.repository.BookmarkRepository; If you want this repository to be a Redis repository, consider annotating your entities with one of these annotations: org.springframework.data.redis.core.RedisHash (preferred), or consider extending one of the following types with your repository: org.springframework.data.keyvalue.repository.KeyValueRepository
2025-02-37 11:06 o.s.d.r.c.RepositoryConfigurationExtensionSupport-Spring Data Redis - Could not safely identify store assignment for repository candidate interface com.beyond.StomachForce.youngjae.restaurant.repository.RestaurantConvenienceRepository; If you want this repository to be a Redis repository, consider annotating your entities with one of these annotations: org.springframework.data.redis.core.RedisHash (preferred), or consider extending one of the following types with your repository: org.springframework.data.keyvalue.repository.KeyValueRepository
2025-02-37 11:06 o.s.d.r.c.RepositoryConfigurationExtensionSupport-Spring Data Redis - Could not safely identify store assignment for repository candidate interface com.beyond.StomachForce.youngjae.restaurant.repository.RestaurantPhotoRepository; If you want this repository to be a Redis repository, consider annotating your entities with one of these annotations: org.springframework.data.redis.core.RedisHash (preferred), or consider extending one of the following types with your repository: org.springframework.data.keyvalue.repository.KeyValueRepository
2025-02-37 11:06 o.s.d.r.c.RepositoryConfigurationExtensionSupport-Spring Data Redis - Could not safely identify store assignment for repository candidate interface com.beyond.StomachForce.youngjae.restaurant.repository.RestaurantRepository; If you want this repository to be a Redis repository, consider annotating your entities with one of these annotations: org.springframework.data.redis.core.RedisHash (preferred), or consider extending one of the following types with your repository: org.springframework.data.keyvalue.repository.KeyValueRepository
2025-02-37 11:06 o.s.d.r.c.RepositoryConfigurationExtensionSupport-Spring Data Redis - Could not safely identify store assignment for repository candidate interface com.beyond.StomachForce.youngjae.review.repository.ReviewPhotoRepository; If you want this repository to be a Redis repository, consider annotating your entities with one of these annotations: org.springframework.data.redis.core.RedisHash (preferred), or consider extending one of the following types with your repository: org.springframework.data.keyvalue.repository.KeyValueRepository
2025-02-37 11:06 o.s.d.r.c.RepositoryConfigurationExtensionSupport-Spring Data Redis - Could not safely identify store assignment for repository candidate interface com.beyond.StomachForce.youngjae.review.repository.ReviewRepository; If you want this repository to be a Redis repository, consider annotating your entities with one of these annotations: org.springframework.data.redis.core.RedisHash (preferred), or consider extending one of the following types with your repository: org.springframework.data.keyvalue.repository.KeyValueRepository
2025-02-37 11:06 o.s.d.r.c.RepositoryConfigurationDelegate-Finished Spring Data repository scanning in 16 ms. Found 0 Redis repository interfaces.
2025-02-37 11:06 o.s.b.w.e.tomcat.TomcatWebServer-Tomcat initialized with port 8080 (http)
2025-02-37 11:06 o.a.coyote.http11.Http11NioProtocol-Initializing ProtocolHandler ["http-nio-8080"]
2025-02-37 11:06 o.a.catalina.core.StandardService-Starting service [Tomcat]
2025-02-37 11:06 o.a.catalina.core.StandardEngine-Starting Servlet engine: [Apache Tomcat/10.1.34]
2025-02-37 11:06 o.a.c.c.C.[Tomcat].[localhost].[/]-Initializing Spring embedded WebApplicationContext
2025-02-37 11:06 o.s.b.w.s.c.ServletWebServerApplicationContext-Root WebApplicationContext: initialization completed in 1733 ms
2025-02-37 11:06 o.h.jpa.internal.util.LogHelper-HHH000204: Processing PersistenceUnitInfo [name: default]
2025-02-37 11:06 org.hibernate.Version-HHH000412: Hibernate ORM core version 6.6.5.Final
2025-02-37 11:06 o.h.c.i.RegionFactoryInitiator-HHH000026: Second-level cache disabled
2025-02-37 11:06 o.s.o.j.p.SpringPersistenceUnitInfo-No LoadTimeWeaver setup: ignoring JPA class transformer
2025-02-37 11:06 com.zaxxer.hikari.HikariDataSource-HikariPool-1 - Starting...
2025-02-37 11:06 com.zaxxer.hikari.pool.HikariPool-HikariPool-1 - Added connection org.mariadb.jdbc.Connection@5f67181f
2025-02-37 11:06 com.zaxxer.hikari.HikariDataSource-HikariPool-1 - Start completed.
2025-02-37 11:06 org.hibernate.orm.deprecation-HHH90000025: MariaDBDialect does not need to be specified explicitly using 'hibernate.dialect' (remove the property setting and it will be selected by default)
2025-02-37 11:06 o.hibernate.orm.connections.pooling-HHH10001005: Database info:
	Database JDBC URL [Connecting through datasource 'HikariDataSource (HikariPool-1)']
	Database driver: undefined/unknown
	Database version: 11.4.4
	Autocommit mode: undefined/unknown
	Isolation level: undefined/unknown
	Minimum pool size: undefined/unknown
	Maximum pool size: undefined/unknown
2025-02-37 11:06 o.s.o.j.LocalContainerEntityManagerFactoryBean-Failed to initialize JPA EntityManagerFactory: Association 'com.beyond.StomachForce.youngjae.restaurant.entity.Restaurant.address' is 'mappedBy' a property named 'restaurant' which does not exist in the target entity type 'com.beyond.StomachForce.youngjae.restaurant.entity.RestaurantAddress'
2025-02-37 11:06 o.s.b.w.s.c.AnnotationConfigServletWebServerApplicationContext-Exception encountered during context initialization - cancelling refresh attempt: org.springframework.beans.factory.BeanCreationException: Error creating bean with name 'entityManagerFactory' defined in class path resource [org/springframework/boot/autoconfigure/orm/jpa/HibernateJpaConfiguration.class]: Association 'com.beyond.StomachForce.youngjae.restaurant.entity.Restaurant.address' is 'mappedBy' a property named 'restaurant' which does not exist in the target entity type 'com.beyond.StomachForce.youngjae.restaurant.entity.RestaurantAddress'
2025-02-37 11:06 com.zaxxer.hikari.HikariDataSource-HikariPool-1 - Shutdown initiated...
2025-02-37 11:06 com.zaxxer.hikari.HikariDataSource-HikariPool-1 - Shutdown completed.
2025-02-37 11:06 o.a.catalina.core.StandardService-Stopping service [Tomcat]
2025-02-37 11:06 o.s.b.a.l.ConditionEvaluationReportLogger-

Error starting ApplicationContext. To display the condition evaluation report re-run your application with 'debug' enabled.
2025-02-37 11:06 o.s.boot.SpringApplication-Application run failed
org.springframework.beans.factory.BeanCreationException: Error creating bean with name 'entityManagerFactory' defined in class path resource [org/springframework/boot/autoconfigure/orm/jpa/HibernateJpaConfiguration.class]: Association 'com.beyond.StomachForce.youngjae.restaurant.entity.Restaurant.address' is 'mappedBy' a property named 'restaurant' which does not exist in the target entity type 'com.beyond.StomachForce.youngjae.restaurant.entity.RestaurantAddress'
	at org.springframework.beans.factory.support.AbstractAutowireCapableBeanFactory.initializeBean(AbstractAutowireCapableBeanFactory.java:1812)
	at org.springframework.beans.factory.support.AbstractAutowireCapableBeanFactory.doCreateBean(AbstractAutowireCapableBeanFactory.java:601)
	at org.springframework.beans.factory.support.AbstractAutowireCapableBeanFactory.createBean(AbstractAutowireCapableBeanFactory.java:523)
	at org.springframework.beans.factory.support.AbstractBeanFactory.lambda$doGetBean$0(AbstractBeanFactory.java:336)
	at org.springframework.beans.factory.support.DefaultSingletonBeanRegistry.getSingleton(DefaultSingletonBeanRegistry.java:307)
	at org.springframework.beans.factory.support.AbstractBeanFactory.doGetBean(AbstractBeanFactory.java:334)
	at org.springframework.beans.factory.support.AbstractBeanFactory.getBean(AbstractBeanFactory.java:204)
	at org.springframework.context.support.AbstractApplicationContext.finishBeanFactoryInitialization(AbstractApplicationContext.java:970)
	at org.springframework.context.support.AbstractApplicationContext.refresh(AbstractApplicationContext.java:627)
	at org.springframework.boot.web.servlet.context.ServletWebServerApplicationContext.refresh(ServletWebServerApplicationContext.java:146)
	at org.springframework.boot.SpringApplication.refresh(SpringApplication.java:752)
	at org.springframework.boot.SpringApplication.refreshContext(SpringApplication.java:439)
	at org.springframework.boot.SpringApplication.run(SpringApplication.java:318)
	at org.springframework.boot.SpringApplication.run(SpringApplication.java:1361)
	at org.springframework.boot.SpringApplication.run(SpringApplication.java:1350)
	at com.beyond.StomachForce.StomachForceApplication.main(StomachForceApplication.java:10)
Caused by: org.hibernate.AnnotationException: Association 'com.beyond.StomachForce.youngjae.restaurant.entity.Restaurant.address' is 'mappedBy' a property named 'restaurant' which does not exist in the target entity type 'com.beyond.StomachForce.youngjae.restaurant.entity.RestaurantAddress'
	at org.hibernate.boot.model.internal.OneToOneSecondPass.targetProperty(OneToOneSecondPass.java:240)
	at org.hibernate.boot.model.internal.OneToOneSecondPass.bindUnowned(OneToOneSecondPass.java:149)
	at org.hibernate.boot.model.internal.OneToOneSecondPass.doSecondPass(OneToOneSecondPass.java:128)
	at org.hibernate.boot.internal.InFlightMetadataCollectorImpl.processSecondPasses(InFlightMetadataCollectorImpl.java:1842)
	at org.hibernate.boot.internal.InFlightMetadataCollectorImpl.processSecondPasses(InFlightMetadataCollectorImpl.java:1800)
	at org.hibernate.boot.model.process.spi.MetadataBuildingProcess.complete(MetadataBuildingProcess.java:334)
	at org.hibernate.jpa.boot.internal.EntityManagerFactoryBuilderImpl.metadata(EntityManagerFactoryBuilderImpl.java:1431)
	at org.hibernate.jpa.boot.internal.EntityManagerFactoryBuilderImpl.build(EntityManagerFactoryBuilderImpl.java:1502)
	at org.springframework.orm.jpa.vendor.SpringHibernateJpaPersistenceProvider.createContainerEntityManagerFactory(SpringHibernateJpaPersistenceProvider.java:66)
	at org.springframework.orm.jpa.LocalContainerEntityManagerFactoryBean.createNativeEntityManagerFactory(LocalContainerEntityManagerFactoryBean.java:390)
	at org.springframework.orm.jpa.AbstractEntityManagerFactoryBean.buildNativeEntityManagerFactory(AbstractEntityManagerFactoryBean.java:419)
	at org.springframework.orm.jpa.AbstractEntityManagerFactoryBean.afterPropertiesSet(AbstractEntityManagerFactoryBean.java:400)
	at org.springframework.orm.jpa.LocalContainerEntityManagerFactoryBean.afterPropertiesSet(LocalContainerEntityManagerFactoryBean.java:366)
	at org.springframework.beans.factory.support.AbstractAutowireCapableBeanFactory.invokeInitMethods(AbstractAutowireCapableBeanFactory.java:1859)
	at org.springframework.beans.factory.support.AbstractAutowireCapableBeanFactory.initializeBean(AbstractAutowireCapableBeanFactory.java:1808)
	... 15 common frames omitted
2025-02-37 15:57 o.h.validator.internal.util.Version-HV000001: Hibernate Validator 8.0.2.Final
2025-02-37 15:57 c.b.S.StomachForceApplication-Starting StomachForceApplication using Java 17.0.13 with PID 12348 (C:\Users\Playdata\Desktop\StomachForce\build\classes\java\main started by Playdata in C:\Users\Playdata\Desktop\StomachForce)
2025-02-37 15:57 c.b.S.StomachForceApplication-No active profile set, falling back to 1 default profile: "default"
2025-02-37 15:57 o.s.b.w.s.c.AnnotationConfigServletWebServerApplicationContext-Exception encountered during context initialization - cancelling refresh attempt: org.springframework.beans.factory.BeanDefinitionStoreException: Failed to parse configuration class [com.beyond.StomachForce.StomachForceApplication]
2025-02-37 15:57 o.s.boot.SpringApplication-Application run failed
org.springframework.beans.factory.BeanDefinitionStoreException: Failed to parse configuration class [com.beyond.StomachForce.StomachForceApplication]
	at org.springframework.context.annotation.ConfigurationClassParser.parse(ConfigurationClassParser.java:185)
	at org.springframework.context.annotation.ConfigurationClassPostProcessor.processConfigBeanDefinitions(ConfigurationClassPostProcessor.java:418)
	at org.springframework.context.annotation.ConfigurationClassPostProcessor.postProcessBeanDefinitionRegistry(ConfigurationClassPostProcessor.java:290)
	at org.springframework.context.support.PostProcessorRegistrationDelegate.invokeBeanDefinitionRegistryPostProcessors(PostProcessorRegistrationDelegate.java:349)
	at org.springframework.context.support.PostProcessorRegistrationDelegate.invokeBeanFactoryPostProcessors(PostProcessorRegistrationDelegate.java:118)
	at org.springframework.context.support.AbstractApplicationContext.invokeBeanFactoryPostProcessors(AbstractApplicationContext.java:791)
	at org.springframework.context.support.AbstractApplicationContext.refresh(AbstractApplicationContext.java:609)
	at org.springframework.boot.web.servlet.context.ServletWebServerApplicationContext.refresh(ServletWebServerApplicationContext.java:146)
	at org.springframework.boot.SpringApplication.refresh(SpringApplication.java:752)
	at org.springframework.boot.SpringApplication.refreshContext(SpringApplication.java:439)
	at org.springframework.boot.SpringApplication.run(SpringApplication.java:318)
	at org.springframework.boot.SpringApplication.run(SpringApplication.java:1361)
	at org.springframework.boot.SpringApplication.run(SpringApplication.java:1350)
	at com.beyond.StomachForce.StomachForceApplication.main(StomachForceApplication.java:9)
Caused by: org.springframework.context.annotation.ConflictingBeanDefinitionException: Annotation-specified bean name 'jwtAuthFilter' for bean class [com.beyond.StomachForce.youngjae.common.auth.JwtAuthFilter] conflicts with existing, non-compatible bean definition of same name and class [com.beyond.StomachForce.Common.Auth.JwtAuthFilter]
	at org.springframework.context.annotation.ClassPathBeanDefinitionScanner.checkCandidate(ClassPathBeanDefinitionScanner.java:361)
	at org.springframework.context.annotation.ClassPathBeanDefinitionScanner.doScan(ClassPathBeanDefinitionScanner.java:288)
	at org.springframework.context.annotation.ComponentScanAnnotationParser.parse(ComponentScanAnnotationParser.java:128)
	at org.springframework.context.annotation.ConfigurationClassParser.doProcessConfigurationClass(ConfigurationClassParser.java:332)
	at org.springframework.context.annotation.ConfigurationClassParser.processConfigurationClass(ConfigurationClassParser.java:267)
	at org.springframework.context.annotation.ConfigurationClassParser.parse(ConfigurationClassParser.java:193)
	at org.springframework.context.annotation.ConfigurationClassParser.parse(ConfigurationClassParser.java:171)
	... 13 common frames omitted
2025-02-37 16:10 o.h.validator.internal.util.Version-HV000001: Hibernate Validator 8.0.2.Final
2025-02-37 16:10 c.b.S.StomachForceApplication-Starting StomachForceApplication using Java 17.0.13 with PID 18336 (C:\Users\Playdata\Desktop\StomachForce\build\classes\java\main started by Playdata in C:\Users\Playdata\Desktop\StomachForce)
2025-02-37 16:10 c.b.S.StomachForceApplication-No active profile set, falling back to 1 default profile: "default"
2025-02-37 16:10 o.s.d.r.c.RepositoryConfigurationDelegate-Multiple Spring Data modules found, entering strict repository configuration mode
2025-02-37 16:10 o.s.d.r.c.RepositoryConfigurationDelegate-Bootstrapping Spring Data JPA repositories in DEFAULT mode.
2025-02-37 16:10 o.s.d.r.c.RepositoryConfigurationDelegate-Finished Spring Data repository scanning in 178 ms. Found 10 JPA repository interfaces.
2025-02-37 16:10 o.s.d.r.c.RepositoryConfigurationDelegate-Multiple Spring Data modules found, entering strict repository configuration mode
2025-02-37 16:10 o.s.d.r.c.RepositoryConfigurationDelegate-Bootstrapping Spring Data Redis repositories in DEFAULT mode.
2025-02-37 16:10 o.s.d.r.c.RepositoryConfigurationExtensionSupport-Spring Data Redis - Could not safely identify store assignment for repository candidate interface com.beyond.StomachForce.Post.repository.LikeRepository; If you want this repository to be a Redis repository, consider annotating your entities with one of these annotations: org.springframework.data.redis.core.RedisHash (preferred), or consider extending one of the following types with your repository: org.springframework.data.keyvalue.repository.KeyValueRepository
2025-02-37 16:10 o.s.d.r.c.RepositoryConfigurationExtensionSupport-Spring Data Redis - Could not safely identify store assignment for repository candidate interface com.beyond.StomachForce.Post.repository.PostRepository; If you want this repository to be a Redis repository, consider annotating your entities with one of these annotations: org.springframework.data.redis.core.RedisHash (preferred), or consider extending one of the following types with your repository: org.springframework.data.keyvalue.repository.KeyValueRepository
2025-02-37 16:10 o.s.d.r.c.RepositoryConfigurationExtensionSupport-Spring Data Redis - Could not safely identify store assignment for repository candidate interface com.beyond.StomachForce.restaurant.repository.AddressRepository; If you want this repository to be a Redis repository, consider annotating your entities with one of these annotations: org.springframework.data.redis.core.RedisHash (preferred), or consider extending one of the following types with your repository: org.springframework.data.keyvalue.repository.KeyValueRepository
2025-02-37 16:10 o.s.d.r.c.RepositoryConfigurationExtensionSupport-Spring Data Redis - Could not safely identify store assignment for repository candidate interface com.beyond.StomachForce.restaurant.repository.BookmarkRepository; If you want this repository to be a Redis repository, consider annotating your entities with one of these annotations: org.springframework.data.redis.core.RedisHash (preferred), or consider extending one of the following types with your repository: org.springframework.data.keyvalue.repository.KeyValueRepository
2025-02-37 16:10 o.s.d.r.c.RepositoryConfigurationExtensionSupport-Spring Data Redis - Could not safely identify store assignment for repository candidate interface com.beyond.StomachForce.restaurant.repository.RestaurantConvenienceRepository; If you want this repository to be a Redis repository, consider annotating your entities with one of these annotations: org.springframework.data.redis.core.RedisHash (preferred), or consider extending one of the following types with your repository: org.springframework.data.keyvalue.repository.KeyValueRepository
2025-02-37 16:10 o.s.d.r.c.RepositoryConfigurationExtensionSupport-Spring Data Redis - Could not safely identify store assignment for repository candidate interface com.beyond.StomachForce.restaurant.repository.RestaurantPhotoRepository; If you want this repository to be a Redis repository, consider annotating your entities with one of these annotations: org.springframework.data.redis.core.RedisHash (preferred), or consider extending one of the following types with your repository: org.springframework.data.keyvalue.repository.KeyValueRepository
2025-02-37 16:10 o.s.d.r.c.RepositoryConfigurationExtensionSupport-Spring Data Redis - Could not safely identify store assignment for repository candidate interface com.beyond.StomachForce.restaurant.repository.RestaurantRepository; If you want this repository to be a Redis repository, consider annotating your entities with one of these annotations: org.springframework.data.redis.core.RedisHash (preferred), or consider extending one of the following types with your repository: org.springframework.data.keyvalue.repository.KeyValueRepository
2025-02-37 16:10 o.s.d.r.c.RepositoryConfigurationExtensionSupport-Spring Data Redis - Could not safely identify store assignment for repository candidate interface com.beyond.StomachForce.review.repository.ReviewPhotoRepository; If you want this repository to be a Redis repository, consider annotating your entities with one of these annotations: org.springframework.data.redis.core.RedisHash (preferred), or consider extending one of the following types with your repository: org.springframework.data.keyvalue.repository.KeyValueRepository
2025-02-37 16:10 o.s.d.r.c.RepositoryConfigurationExtensionSupport-Spring Data Redis - Could not safely identify store assignment for repository candidate interface com.beyond.StomachForce.review.repository.ReviewRepository; If you want this repository to be a Redis repository, consider annotating your entities with one of these annotations: org.springframework.data.redis.core.RedisHash (preferred), or consider extending one of the following types with your repository: org.springframework.data.keyvalue.repository.KeyValueRepository
2025-02-37 16:10 o.s.d.r.c.RepositoryConfigurationExtensionSupport-Spring Data Redis - Could not safely identify store assignment for repository candidate interface com.beyond.StomachForce.User.repository.UserRepository; If you want this repository to be a Redis repository, consider annotating your entities with one of these annotations: org.springframework.data.redis.core.RedisHash (preferred), or consider extending one of the following types with your repository: org.springframework.data.keyvalue.repository.KeyValueRepository
2025-02-37 16:10 o.s.d.r.c.RepositoryConfigurationDelegate-Finished Spring Data repository scanning in 17 ms. Found 0 Redis repository interfaces.
2025-02-37 16:10 o.s.b.w.e.tomcat.TomcatWebServer-Tomcat initialized with port 8080 (http)
2025-02-37 16:10 o.a.coyote.http11.Http11NioProtocol-Initializing ProtocolHandler ["http-nio-8080"]
2025-02-37 16:10 o.a.catalina.core.StandardService-Starting service [Tomcat]
2025-02-37 16:10 o.a.catalina.core.StandardEngine-Starting Servlet engine: [Apache Tomcat/10.1.34]
2025-02-37 16:10 o.a.c.c.C.[Tomcat].[localhost].[/]-Initializing Spring embedded WebApplicationContext
2025-02-37 16:10 o.s.b.w.s.c.ServletWebServerApplicationContext-Root WebApplicationContext: initialization completed in 2193 ms
2025-02-37 16:10 o.h.jpa.internal.util.LogHelper-HHH000204: Processing PersistenceUnitInfo [name: default]
2025-02-37 16:10 org.hibernate.Version-HHH000412: Hibernate ORM core version 6.6.5.Final
2025-02-37 16:10 o.h.c.i.RegionFactoryInitiator-HHH000026: Second-level cache disabled
2025-02-37 16:10 o.s.o.j.p.SpringPersistenceUnitInfo-No LoadTimeWeaver setup: ignoring JPA class transformer
2025-02-37 16:10 com.zaxxer.hikari.HikariDataSource-HikariPool-1 - Starting...
2025-02-37 16:10 com.zaxxer.hikari.pool.HikariPool-HikariPool-1 - Added connection org.mariadb.jdbc.Connection@2d3b0978
2025-02-37 16:10 com.zaxxer.hikari.HikariDataSource-HikariPool-1 - Start completed.
2025-02-37 16:10 org.hibernate.orm.deprecation-HHH90000025: MariaDBDialect does not need to be specified explicitly using 'hibernate.dialect' (remove the property setting and it will be selected by default)
2025-02-37 16:10 o.hibernate.orm.connections.pooling-HHH10001005: Database info:
	Database JDBC URL [Connecting through datasource 'HikariDataSource (HikariPool-1)']
	Database driver: undefined/unknown
	Database version: 11.5.2
	Autocommit mode: undefined/unknown
	Isolation level: undefined/unknown
	Minimum pool size: undefined/unknown
	Maximum pool size: undefined/unknown
2025-02-37 16:10 o.s.o.j.LocalContainerEntityManagerFactoryBean-Failed to initialize JPA EntityManagerFactory: Association 'com.beyond.StomachForce.restaurant.domain.Restaurant.address' is 'mappedBy' a property named 'restaurant' which does not exist in the target entity type 'com.beyond.StomachForce.restaurant.domain.RestaurantAddress'
2025-02-37 16:10 o.s.b.w.s.c.AnnotationConfigServletWebServerApplicationContext-Exception encountered during context initialization - cancelling refresh attempt: org.springframework.beans.factory.BeanCreationException: Error creating bean with name 'entityManagerFactory' defined in class path resource [org/springframework/boot/autoconfigure/orm/jpa/HibernateJpaConfiguration.class]: Association 'com.beyond.StomachForce.restaurant.domain.Restaurant.address' is 'mappedBy' a property named 'restaurant' which does not exist in the target entity type 'com.beyond.StomachForce.restaurant.domain.RestaurantAddress'
2025-02-37 16:10 com.zaxxer.hikari.HikariDataSource-HikariPool-1 - Shutdown initiated...
2025-02-37 16:10 com.zaxxer.hikari.HikariDataSource-HikariPool-1 - Shutdown completed.
2025-02-37 16:10 o.a.catalina.core.StandardService-Stopping service [Tomcat]
2025-02-37 16:10 o.s.b.a.l.ConditionEvaluationReportLogger-

Error starting ApplicationContext. To display the condition evaluation report re-run your application with 'debug' enabled.
2025-02-37 16:10 o.s.boot.SpringApplication-Application run failed
org.springframework.beans.factory.BeanCreationException: Error creating bean with name 'entityManagerFactory' defined in class path resource [org/springframework/boot/autoconfigure/orm/jpa/HibernateJpaConfiguration.class]: Association 'com.beyond.StomachForce.restaurant.domain.Restaurant.address' is 'mappedBy' a property named 'restaurant' which does not exist in the target entity type 'com.beyond.StomachForce.restaurant.domain.RestaurantAddress'
	at org.springframework.beans.factory.support.AbstractAutowireCapableBeanFactory.initializeBean(AbstractAutowireCapableBeanFactory.java:1812)
	at org.springframework.beans.factory.support.AbstractAutowireCapableBeanFactory.doCreateBean(AbstractAutowireCapableBeanFactory.java:601)
	at org.springframework.beans.factory.support.AbstractAutowireCapableBeanFactory.createBean(AbstractAutowireCapableBeanFactory.java:523)
	at org.springframework.beans.factory.support.AbstractBeanFactory.lambda$doGetBean$0(AbstractBeanFactory.java:336)
	at org.springframework.beans.factory.support.DefaultSingletonBeanRegistry.getSingleton(DefaultSingletonBeanRegistry.java:307)
	at org.springframework.beans.factory.support.AbstractBeanFactory.doGetBean(AbstractBeanFactory.java:334)
	at org.springframework.beans.factory.support.AbstractBeanFactory.getBean(AbstractBeanFactory.java:204)
	at org.springframework.context.support.AbstractApplicationContext.finishBeanFactoryInitialization(AbstractApplicationContext.java:970)
	at org.springframework.context.support.AbstractApplicationContext.refresh(AbstractApplicationContext.java:627)
	at org.springframework.boot.web.servlet.context.ServletWebServerApplicationContext.refresh(ServletWebServerApplicationContext.java:146)
	at org.springframework.boot.SpringApplication.refresh(SpringApplication.java:752)
	at org.springframework.boot.SpringApplication.refreshContext(SpringApplication.java:439)
	at org.springframework.boot.SpringApplication.run(SpringApplication.java:318)
	at org.springframework.boot.SpringApplication.run(SpringApplication.java:1361)
	at org.springframework.boot.SpringApplication.run(SpringApplication.java:1350)
	at com.beyond.StomachForce.StomachForceApplication.main(StomachForceApplication.java:9)
Caused by: org.hibernate.AnnotationException: Association 'com.beyond.StomachForce.restaurant.domain.Restaurant.address' is 'mappedBy' a property named 'restaurant' which does not exist in the target entity type 'com.beyond.StomachForce.restaurant.domain.RestaurantAddress'
	at org.hibernate.boot.model.internal.OneToOneSecondPass.targetProperty(OneToOneSecondPass.java:240)
	at org.hibernate.boot.model.internal.OneToOneSecondPass.bindUnowned(OneToOneSecondPass.java:149)
	at org.hibernate.boot.model.internal.OneToOneSecondPass.doSecondPass(OneToOneSecondPass.java:128)
	at org.hibernate.boot.internal.InFlightMetadataCollectorImpl.processSecondPasses(InFlightMetadataCollectorImpl.java:1842)
	at org.hibernate.boot.internal.InFlightMetadataCollectorImpl.processSecondPasses(InFlightMetadataCollectorImpl.java:1800)
	at org.hibernate.boot.model.process.spi.MetadataBuildingProcess.complete(MetadataBuildingProcess.java:334)
	at org.hibernate.jpa.boot.internal.EntityManagerFactoryBuilderImpl.metadata(EntityManagerFactoryBuilderImpl.java:1431)
	at org.hibernate.jpa.boot.internal.EntityManagerFactoryBuilderImpl.build(EntityManagerFactoryBuilderImpl.java:1502)
	at org.springframework.orm.jpa.vendor.SpringHibernateJpaPersistenceProvider.createContainerEntityManagerFactory(SpringHibernateJpaPersistenceProvider.java:66)
	at org.springframework.orm.jpa.LocalContainerEntityManagerFactoryBean.createNativeEntityManagerFactory(LocalContainerEntityManagerFactoryBean.java:390)
	at org.springframework.orm.jpa.AbstractEntityManagerFactoryBean.buildNativeEntityManagerFactory(AbstractEntityManagerFactoryBean.java:419)
	at org.springframework.orm.jpa.AbstractEntityManagerFactoryBean.afterPropertiesSet(AbstractEntityManagerFactoryBean.java:400)
	at org.springframework.orm.jpa.LocalContainerEntityManagerFactoryBean.afterPropertiesSet(LocalContainerEntityManagerFactoryBean.java:366)
	at org.springframework.beans.factory.support.AbstractAutowireCapableBeanFactory.invokeInitMethods(AbstractAutowireCapableBeanFactory.java:1859)
	at org.springframework.beans.factory.support.AbstractAutowireCapableBeanFactory.initializeBean(AbstractAutowireCapableBeanFactory.java:1808)
	... 15 common frames omitted
2025-02-37 16:11 o.h.validator.internal.util.Version-HV000001: Hibernate Validator 8.0.2.Final
2025-02-37 16:11 c.b.S.StomachForceApplication-Starting StomachForceApplication using Java 17.0.13 with PID 15564 (C:\Users\Playdata\Desktop\StomachForce\build\classes\java\main started by Playdata in C:\Users\Playdata\Desktop\StomachForce)
2025-02-37 16:11 c.b.S.StomachForceApplication-No active profile set, falling back to 1 default profile: "default"
2025-02-37 16:11 o.s.d.r.c.RepositoryConfigurationDelegate-Multiple Spring Data modules found, entering strict repository configuration mode
2025-02-37 16:11 o.s.d.r.c.RepositoryConfigurationDelegate-Bootstrapping Spring Data JPA repositories in DEFAULT mode.
2025-02-37 16:11 o.s.d.r.c.RepositoryConfigurationDelegate-Finished Spring Data repository scanning in 195 ms. Found 10 JPA repository interfaces.
2025-02-37 16:11 o.s.d.r.c.RepositoryConfigurationDelegate-Multiple Spring Data modules found, entering strict repository configuration mode
2025-02-37 16:11 o.s.d.r.c.RepositoryConfigurationDelegate-Bootstrapping Spring Data Redis repositories in DEFAULT mode.
2025-02-37 16:11 o.s.d.r.c.RepositoryConfigurationExtensionSupport-Spring Data Redis - Could not safely identify store assignment for repository candidate interface com.beyond.StomachForce.Post.repository.LikeRepository; If you want this repository to be a Redis repository, consider annotating your entities with one of these annotations: org.springframework.data.redis.core.RedisHash (preferred), or consider extending one of the following types with your repository: org.springframework.data.keyvalue.repository.KeyValueRepository
2025-02-37 16:11 o.s.d.r.c.RepositoryConfigurationExtensionSupport-Spring Data Redis - Could not safely identify store assignment for repository candidate interface com.beyond.StomachForce.Post.repository.PostRepository; If you want this repository to be a Redis repository, consider annotating your entities with one of these annotations: org.springframework.data.redis.core.RedisHash (preferred), or consider extending one of the following types with your repository: org.springframework.data.keyvalue.repository.KeyValueRepository
2025-02-37 16:11 o.s.d.r.c.RepositoryConfigurationExtensionSupport-Spring Data Redis - Could not safely identify store assignment for repository candidate interface com.beyond.StomachForce.restaurant.repository.AddressRepository; If you want this repository to be a Redis repository, consider annotating your entities with one of these annotations: org.springframework.data.redis.core.RedisHash (preferred), or consider extending one of the following types with your repository: org.springframework.data.keyvalue.repository.KeyValueRepository
2025-02-37 16:11 o.s.d.r.c.RepositoryConfigurationExtensionSupport-Spring Data Redis - Could not safely identify store assignment for repository candidate interface com.beyond.StomachForce.restaurant.repository.BookmarkRepository; If you want this repository to be a Redis repository, consider annotating your entities with one of these annotations: org.springframework.data.redis.core.RedisHash (preferred), or consider extending one of the following types with your repository: org.springframework.data.keyvalue.repository.KeyValueRepository
2025-02-37 16:11 o.s.d.r.c.RepositoryConfigurationExtensionSupport-Spring Data Redis - Could not safely identify store assignment for repository candidate interface com.beyond.StomachForce.restaurant.repository.RestaurantConvenienceRepository; If you want this repository to be a Redis repository, consider annotating your entities with one of these annotations: org.springframework.data.redis.core.RedisHash (preferred), or consider extending one of the following types with your repository: org.springframework.data.keyvalue.repository.KeyValueRepository
2025-02-37 16:11 o.s.d.r.c.RepositoryConfigurationExtensionSupport-Spring Data Redis - Could not safely identify store assignment for repository candidate interface com.beyond.StomachForce.restaurant.repository.RestaurantPhotoRepository; If you want this repository to be a Redis repository, consider annotating your entities with one of these annotations: org.springframework.data.redis.core.RedisHash (preferred), or consider extending one of the following types with your repository: org.springframework.data.keyvalue.repository.KeyValueRepository
2025-02-37 16:11 o.s.d.r.c.RepositoryConfigurationExtensionSupport-Spring Data Redis - Could not safely identify store assignment for repository candidate interface com.beyond.StomachForce.restaurant.repository.RestaurantRepository; If you want this repository to be a Redis repository, consider annotating your entities with one of these annotations: org.springframework.data.redis.core.RedisHash (preferred), or consider extending one of the following types with your repository: org.springframework.data.keyvalue.repository.KeyValueRepository
2025-02-37 16:11 o.s.d.r.c.RepositoryConfigurationExtensionSupport-Spring Data Redis - Could not safely identify store assignment for repository candidate interface com.beyond.StomachForce.review.repository.ReviewPhotoRepository; If you want this repository to be a Redis repository, consider annotating your entities with one of these annotations: org.springframework.data.redis.core.RedisHash (preferred), or consider extending one of the following types with your repository: org.springframework.data.keyvalue.repository.KeyValueRepository
2025-02-37 16:11 o.s.d.r.c.RepositoryConfigurationExtensionSupport-Spring Data Redis - Could not safely identify store assignment for repository candidate interface com.beyond.StomachForce.review.repository.ReviewRepository; If you want this repository to be a Redis repository, consider annotating your entities with one of these annotations: org.springframework.data.redis.core.RedisHash (preferred), or consider extending one of the following types with your repository: org.springframework.data.keyvalue.repository.KeyValueRepository
2025-02-37 16:11 o.s.d.r.c.RepositoryConfigurationExtensionSupport-Spring Data Redis - Could not safely identify store assignment for repository candidate interface com.beyond.StomachForce.User.repository.UserRepository; If you want this repository to be a Redis repository, consider annotating your entities with one of these annotations: org.springframework.data.redis.core.RedisHash (preferred), or consider extending one of the following types with your repository: org.springframework.data.keyvalue.repository.KeyValueRepository
2025-02-37 16:11 o.s.d.r.c.RepositoryConfigurationDelegate-Finished Spring Data repository scanning in 20 ms. Found 0 Redis repository interfaces.
2025-02-37 16:11 o.s.b.w.e.tomcat.TomcatWebServer-Tomcat initialized with port 8080 (http)
2025-02-37 16:11 o.a.coyote.http11.Http11NioProtocol-Initializing ProtocolHandler ["http-nio-8080"]
2025-02-37 16:11 o.a.catalina.core.StandardService-Starting service [Tomcat]
2025-02-37 16:11 o.a.catalina.core.StandardEngine-Starting Servlet engine: [Apache Tomcat/10.1.34]
2025-02-37 16:11 o.a.c.c.C.[Tomcat].[localhost].[/]-Initializing Spring embedded WebApplicationContext
2025-02-37 16:11 o.s.b.w.s.c.ServletWebServerApplicationContext-Root WebApplicationContext: initialization completed in 2380 ms
2025-02-37 16:11 o.h.jpa.internal.util.LogHelper-HHH000204: Processing PersistenceUnitInfo [name: default]
2025-02-37 16:11 org.hibernate.Version-HHH000412: Hibernate ORM core version 6.6.5.Final
2025-02-37 16:11 o.h.c.i.RegionFactoryInitiator-HHH000026: Second-level cache disabled
2025-02-37 16:11 o.s.o.j.p.SpringPersistenceUnitInfo-No LoadTimeWeaver setup: ignoring JPA class transformer
2025-02-37 16:11 com.zaxxer.hikari.HikariDataSource-HikariPool-1 - Starting...
2025-02-37 16:11 com.zaxxer.hikari.pool.HikariPool-HikariPool-1 - Added connection org.mariadb.jdbc.Connection@65b73689
2025-02-37 16:11 com.zaxxer.hikari.HikariDataSource-HikariPool-1 - Start completed.
2025-02-37 16:11 org.hibernate.orm.deprecation-HHH90000025: MariaDBDialect does not need to be specified explicitly using 'hibernate.dialect' (remove the property setting and it will be selected by default)
2025-02-37 16:11 o.hibernate.orm.connections.pooling-HHH10001005: Database info:
	Database JDBC URL [Connecting through datasource 'HikariDataSource (HikariPool-1)']
	Database driver: undefined/unknown
	Database version: 11.5.2
	Autocommit mode: undefined/unknown
	Isolation level: undefined/unknown
	Minimum pool size: undefined/unknown
	Maximum pool size: undefined/unknown
2025-02-37 16:11 o.s.o.j.LocalContainerEntityManagerFactoryBean-Failed to initialize JPA EntityManagerFactory: Association 'com.beyond.StomachForce.restaurant.domain.RestaurantAddress.restaurant' is 'mappedBy' a property named 'restaurant' which does not exist in the target entity type 'com.beyond.StomachForce.restaurant.domain.Restaurant'
2025-02-37 16:11 o.s.b.w.s.c.AnnotationConfigServletWebServerApplicationContext-Exception encountered during context initialization - cancelling refresh attempt: org.springframework.beans.factory.BeanCreationException: Error creating bean with name 'entityManagerFactory' defined in class path resource [org/springframework/boot/autoconfigure/orm/jpa/HibernateJpaConfiguration.class]: Association 'com.beyond.StomachForce.restaurant.domain.RestaurantAddress.restaurant' is 'mappedBy' a property named 'restaurant' which does not exist in the target entity type 'com.beyond.StomachForce.restaurant.domain.Restaurant'
2025-02-37 16:11 com.zaxxer.hikari.HikariDataSource-HikariPool-1 - Shutdown initiated...
2025-02-37 16:11 com.zaxxer.hikari.HikariDataSource-HikariPool-1 - Shutdown completed.
2025-02-37 16:11 o.a.catalina.core.StandardService-Stopping service [Tomcat]
2025-02-37 16:11 o.s.b.a.l.ConditionEvaluationReportLogger-

Error starting ApplicationContext. To display the condition evaluation report re-run your application with 'debug' enabled.
2025-02-37 16:11 o.s.boot.SpringApplication-Application run failed
org.springframework.beans.factory.BeanCreationException: Error creating bean with name 'entityManagerFactory' defined in class path resource [org/springframework/boot/autoconfigure/orm/jpa/HibernateJpaConfiguration.class]: Association 'com.beyond.StomachForce.restaurant.domain.RestaurantAddress.restaurant' is 'mappedBy' a property named 'restaurant' which does not exist in the target entity type 'com.beyond.StomachForce.restaurant.domain.Restaurant'
	at org.springframework.beans.factory.support.AbstractAutowireCapableBeanFactory.initializeBean(AbstractAutowireCapableBeanFactory.java:1812)
	at org.springframework.beans.factory.support.AbstractAutowireCapableBeanFactory.doCreateBean(AbstractAutowireCapableBeanFactory.java:601)
	at org.springframework.beans.factory.support.AbstractAutowireCapableBeanFactory.createBean(AbstractAutowireCapableBeanFactory.java:523)
	at org.springframework.beans.factory.support.AbstractBeanFactory.lambda$doGetBean$0(AbstractBeanFactory.java:336)
	at org.springframework.beans.factory.support.DefaultSingletonBeanRegistry.getSingleton(DefaultSingletonBeanRegistry.java:307)
	at org.springframework.beans.factory.support.AbstractBeanFactory.doGetBean(AbstractBeanFactory.java:334)
	at org.springframework.beans.factory.support.AbstractBeanFactory.getBean(AbstractBeanFactory.java:204)
	at org.springframework.context.support.AbstractApplicationContext.finishBeanFactoryInitialization(AbstractApplicationContext.java:970)
	at org.springframework.context.support.AbstractApplicationContext.refresh(AbstractApplicationContext.java:627)
	at org.springframework.boot.web.servlet.context.ServletWebServerApplicationContext.refresh(ServletWebServerApplicationContext.java:146)
	at org.springframework.boot.SpringApplication.refresh(SpringApplication.java:752)
	at org.springframework.boot.SpringApplication.refreshContext(SpringApplication.java:439)
	at org.springframework.boot.SpringApplication.run(SpringApplication.java:318)
	at org.springframework.boot.SpringApplication.run(SpringApplication.java:1361)
	at org.springframework.boot.SpringApplication.run(SpringApplication.java:1350)
	at com.beyond.StomachForce.StomachForceApplication.main(StomachForceApplication.java:9)
Caused by: org.hibernate.AnnotationException: Association 'com.beyond.StomachForce.restaurant.domain.RestaurantAddress.restaurant' is 'mappedBy' a property named 'restaurant' which does not exist in the target entity type 'com.beyond.StomachForce.restaurant.domain.Restaurant'
	at org.hibernate.boot.model.internal.OneToOneSecondPass.targetProperty(OneToOneSecondPass.java:240)
	at org.hibernate.boot.model.internal.OneToOneSecondPass.bindUnowned(OneToOneSecondPass.java:149)
	at org.hibernate.boot.model.internal.OneToOneSecondPass.doSecondPass(OneToOneSecondPass.java:128)
	at org.hibernate.boot.internal.InFlightMetadataCollectorImpl.processSecondPasses(InFlightMetadataCollectorImpl.java:1842)
	at org.hibernate.boot.internal.InFlightMetadataCollectorImpl.processSecondPasses(InFlightMetadataCollectorImpl.java:1800)
	at org.hibernate.boot.model.process.spi.MetadataBuildingProcess.complete(MetadataBuildingProcess.java:334)
	at org.hibernate.jpa.boot.internal.EntityManagerFactoryBuilderImpl.metadata(EntityManagerFactoryBuilderImpl.java:1431)
	at org.hibernate.jpa.boot.internal.EntityManagerFactoryBuilderImpl.build(EntityManagerFactoryBuilderImpl.java:1502)
	at org.springframework.orm.jpa.vendor.SpringHibernateJpaPersistenceProvider.createContainerEntityManagerFactory(SpringHibernateJpaPersistenceProvider.java:66)
	at org.springframework.orm.jpa.LocalContainerEntityManagerFactoryBean.createNativeEntityManagerFactory(LocalContainerEntityManagerFactoryBean.java:390)
	at org.springframework.orm.jpa.AbstractEntityManagerFactoryBean.buildNativeEntityManagerFactory(AbstractEntityManagerFactoryBean.java:419)
	at org.springframework.orm.jpa.AbstractEntityManagerFactoryBean.afterPropertiesSet(AbstractEntityManagerFactoryBean.java:400)
	at org.springframework.orm.jpa.LocalContainerEntityManagerFactoryBean.afterPropertiesSet(LocalContainerEntityManagerFactoryBean.java:366)
	at org.springframework.beans.factory.support.AbstractAutowireCapableBeanFactory.invokeInitMethods(AbstractAutowireCapableBeanFactory.java:1859)
	at org.springframework.beans.factory.support.AbstractAutowireCapableBeanFactory.initializeBean(AbstractAutowireCapableBeanFactory.java:1808)
	... 15 common frames omitted
2025-02-37 16:13 o.h.validator.internal.util.Version-HV000001: Hibernate Validator 8.0.2.Final
2025-02-37 16:13 c.b.S.StomachForceApplication-Starting StomachForceApplication using Java 17.0.13 with PID 20388 (C:\Users\Playdata\Desktop\StomachForce\build\classes\java\main started by Playdata in C:\Users\Playdata\Desktop\StomachForce)
2025-02-37 16:13 c.b.S.StomachForceApplication-No active profile set, falling back to 1 default profile: "default"
2025-02-37 16:13 o.s.d.r.c.RepositoryConfigurationDelegate-Multiple Spring Data modules found, entering strict repository configuration mode
2025-02-37 16:13 o.s.d.r.c.RepositoryConfigurationDelegate-Bootstrapping Spring Data JPA repositories in DEFAULT mode.
2025-02-37 16:13 o.s.d.r.c.RepositoryConfigurationDelegate-Finished Spring Data repository scanning in 210 ms. Found 10 JPA repository interfaces.
2025-02-37 16:13 o.s.d.r.c.RepositoryConfigurationDelegate-Multiple Spring Data modules found, entering strict repository configuration mode
2025-02-37 16:13 o.s.d.r.c.RepositoryConfigurationDelegate-Bootstrapping Spring Data Redis repositories in DEFAULT mode.
2025-02-37 16:13 o.s.d.r.c.RepositoryConfigurationExtensionSupport-Spring Data Redis - Could not safely identify store assignment for repository candidate interface com.beyond.StomachForce.Post.repository.LikeRepository; If you want this repository to be a Redis repository, consider annotating your entities with one of these annotations: org.springframework.data.redis.core.RedisHash (preferred), or consider extending one of the following types with your repository: org.springframework.data.keyvalue.repository.KeyValueRepository
2025-02-37 16:13 o.s.d.r.c.RepositoryConfigurationExtensionSupport-Spring Data Redis - Could not safely identify store assignment for repository candidate interface com.beyond.StomachForce.Post.repository.PostRepository; If you want this repository to be a Redis repository, consider annotating your entities with one of these annotations: org.springframework.data.redis.core.RedisHash (preferred), or consider extending one of the following types with your repository: org.springframework.data.keyvalue.repository.KeyValueRepository
2025-02-37 16:13 o.s.d.r.c.RepositoryConfigurationExtensionSupport-Spring Data Redis - Could not safely identify store assignment for repository candidate interface com.beyond.StomachForce.restaurant.repository.AddressRepository; If you want this repository to be a Redis repository, consider annotating your entities with one of these annotations: org.springframework.data.redis.core.RedisHash (preferred), or consider extending one of the following types with your repository: org.springframework.data.keyvalue.repository.KeyValueRepository
2025-02-37 16:13 o.s.d.r.c.RepositoryConfigurationExtensionSupport-Spring Data Redis - Could not safely identify store assignment for repository candidate interface com.beyond.StomachForce.restaurant.repository.BookmarkRepository; If you want this repository to be a Redis repository, consider annotating your entities with one of these annotations: org.springframework.data.redis.core.RedisHash (preferred), or consider extending one of the following types with your repository: org.springframework.data.keyvalue.repository.KeyValueRepository
2025-02-37 16:13 o.s.d.r.c.RepositoryConfigurationExtensionSupport-Spring Data Redis - Could not safely identify store assignment for repository candidate interface com.beyond.StomachForce.restaurant.repository.RestaurantConvenienceRepository; If you want this repository to be a Redis repository, consider annotating your entities with one of these annotations: org.springframework.data.redis.core.RedisHash (preferred), or consider extending one of the following types with your repository: org.springframework.data.keyvalue.repository.KeyValueRepository
2025-02-37 16:13 o.s.d.r.c.RepositoryConfigurationExtensionSupport-Spring Data Redis - Could not safely identify store assignment for repository candidate interface com.beyond.StomachForce.restaurant.repository.RestaurantPhotoRepository; If you want this repository to be a Redis repository, consider annotating your entities with one of these annotations: org.springframework.data.redis.core.RedisHash (preferred), or consider extending one of the following types with your repository: org.springframework.data.keyvalue.repository.KeyValueRepository
2025-02-37 16:13 o.s.d.r.c.RepositoryConfigurationExtensionSupport-Spring Data Redis - Could not safely identify store assignment for repository candidate interface com.beyond.StomachForce.restaurant.repository.RestaurantRepository; If you want this repository to be a Redis repository, consider annotating your entities with one of these annotations: org.springframework.data.redis.core.RedisHash (preferred), or consider extending one of the following types with your repository: org.springframework.data.keyvalue.repository.KeyValueRepository
2025-02-37 16:13 o.s.d.r.c.RepositoryConfigurationExtensionSupport-Spring Data Redis - Could not safely identify store assignment for repository candidate interface com.beyond.StomachForce.review.repository.ReviewPhotoRepository; If you want this repository to be a Redis repository, consider annotating your entities with one of these annotations: org.springframework.data.redis.core.RedisHash (preferred), or consider extending one of the following types with your repository: org.springframework.data.keyvalue.repository.KeyValueRepository
2025-02-37 16:13 o.s.d.r.c.RepositoryConfigurationExtensionSupport-Spring Data Redis - Could not safely identify store assignment for repository candidate interface com.beyond.StomachForce.review.repository.ReviewRepository; If you want this repository to be a Redis repository, consider annotating your entities with one of these annotations: org.springframework.data.redis.core.RedisHash (preferred), or consider extending one of the following types with your repository: org.springframework.data.keyvalue.repository.KeyValueRepository
2025-02-37 16:13 o.s.d.r.c.RepositoryConfigurationExtensionSupport-Spring Data Redis - Could not safely identify store assignment for repository candidate interface com.beyond.StomachForce.User.repository.UserRepository; If you want this repository to be a Redis repository, consider annotating your entities with one of these annotations: org.springframework.data.redis.core.RedisHash (preferred), or consider extending one of the following types with your repository: org.springframework.data.keyvalue.repository.KeyValueRepository
2025-02-37 16:13 o.s.d.r.c.RepositoryConfigurationDelegate-Finished Spring Data repository scanning in 16 ms. Found 0 Redis repository interfaces.
2025-02-37 16:13 o.s.b.w.e.tomcat.TomcatWebServer-Tomcat initialized with port 8080 (http)
2025-02-37 16:13 o.a.coyote.http11.Http11NioProtocol-Initializing ProtocolHandler ["http-nio-8080"]
2025-02-37 16:13 o.a.catalina.core.StandardService-Starting service [Tomcat]
2025-02-37 16:13 o.a.catalina.core.StandardEngine-Starting Servlet engine: [Apache Tomcat/10.1.34]
2025-02-37 16:13 o.a.c.c.C.[Tomcat].[localhost].[/]-Initializing Spring embedded WebApplicationContext
2025-02-37 16:13 o.s.b.w.s.c.ServletWebServerApplicationContext-Root WebApplicationContext: initialization completed in 2416 ms
2025-02-37 16:13 o.h.jpa.internal.util.LogHelper-HHH000204: Processing PersistenceUnitInfo [name: default]
2025-02-37 16:13 org.hibernate.Version-HHH000412: Hibernate ORM core version 6.6.5.Final
2025-02-37 16:13 o.h.c.i.RegionFactoryInitiator-HHH000026: Second-level cache disabled
2025-02-37 16:13 o.s.o.j.p.SpringPersistenceUnitInfo-No LoadTimeWeaver setup: ignoring JPA class transformer
2025-02-37 16:13 com.zaxxer.hikari.HikariDataSource-HikariPool-1 - Starting...
2025-02-37 16:13 com.zaxxer.hikari.pool.HikariPool-HikariPool-1 - Added connection org.mariadb.jdbc.Connection@5b6cc344
2025-02-37 16:13 com.zaxxer.hikari.HikariDataSource-HikariPool-1 - Start completed.
2025-02-37 16:13 org.hibernate.orm.deprecation-HHH90000025: MariaDBDialect does not need to be specified explicitly using 'hibernate.dialect' (remove the property setting and it will be selected by default)
2025-02-37 16:13 o.hibernate.orm.connections.pooling-HHH10001005: Database info:
	Database JDBC URL [Connecting through datasource 'HikariDataSource (HikariPool-1)']
	Database driver: undefined/unknown
	Database version: 11.5.2
	Autocommit mode: undefined/unknown
	Isolation level: undefined/unknown
	Minimum pool size: undefined/unknown
	Maximum pool size: undefined/unknown
2025-02-37 16:13 o.s.o.j.LocalContainerEntityManagerFactoryBean-Failed to initialize JPA EntityManagerFactory: Association 'com.beyond.StomachForce.restaurant.domain.Restaurant.address' is 'mappedBy' a property named 'restaurant' which does not exist in the target entity type 'com.beyond.StomachForce.restaurant.domain.RestaurantAddress'
2025-02-37 16:13 o.s.b.w.s.c.AnnotationConfigServletWebServerApplicationContext-Exception encountered during context initialization - cancelling refresh attempt: org.springframework.beans.factory.BeanCreationException: Error creating bean with name 'entityManagerFactory' defined in class path resource [org/springframework/boot/autoconfigure/orm/jpa/HibernateJpaConfiguration.class]: Association 'com.beyond.StomachForce.restaurant.domain.Restaurant.address' is 'mappedBy' a property named 'restaurant' which does not exist in the target entity type 'com.beyond.StomachForce.restaurant.domain.RestaurantAddress'
2025-02-37 16:13 com.zaxxer.hikari.HikariDataSource-HikariPool-1 - Shutdown initiated...
2025-02-37 16:13 com.zaxxer.hikari.HikariDataSource-HikariPool-1 - Shutdown completed.
2025-02-37 16:13 o.a.catalina.core.StandardService-Stopping service [Tomcat]
2025-02-37 16:13 o.s.b.a.l.ConditionEvaluationReportLogger-

Error starting ApplicationContext. To display the condition evaluation report re-run your application with 'debug' enabled.
2025-02-37 16:13 o.s.boot.SpringApplication-Application run failed
org.springframework.beans.factory.BeanCreationException: Error creating bean with name 'entityManagerFactory' defined in class path resource [org/springframework/boot/autoconfigure/orm/jpa/HibernateJpaConfiguration.class]: Association 'com.beyond.StomachForce.restaurant.domain.Restaurant.address' is 'mappedBy' a property named 'restaurant' which does not exist in the target entity type 'com.beyond.StomachForce.restaurant.domain.RestaurantAddress'
	at org.springframework.beans.factory.support.AbstractAutowireCapableBeanFactory.initializeBean(AbstractAutowireCapableBeanFactory.java:1812)
	at org.springframework.beans.factory.support.AbstractAutowireCapableBeanFactory.doCreateBean(AbstractAutowireCapableBeanFactory.java:601)
	at org.springframework.beans.factory.support.AbstractAutowireCapableBeanFactory.createBean(AbstractAutowireCapableBeanFactory.java:523)
	at org.springframework.beans.factory.support.AbstractBeanFactory.lambda$doGetBean$0(AbstractBeanFactory.java:336)
	at org.springframework.beans.factory.support.DefaultSingletonBeanRegistry.getSingleton(DefaultSingletonBeanRegistry.java:307)
	at org.springframework.beans.factory.support.AbstractBeanFactory.doGetBean(AbstractBeanFactory.java:334)
	at org.springframework.beans.factory.support.AbstractBeanFactory.getBean(AbstractBeanFactory.java:204)
	at org.springframework.context.support.AbstractApplicationContext.finishBeanFactoryInitialization(AbstractApplicationContext.java:970)
	at org.springframework.context.support.AbstractApplicationContext.refresh(AbstractApplicationContext.java:627)
	at org.springframework.boot.web.servlet.context.ServletWebServerApplicationContext.refresh(ServletWebServerApplicationContext.java:146)
	at org.springframework.boot.SpringApplication.refresh(SpringApplication.java:752)
	at org.springframework.boot.SpringApplication.refreshContext(SpringApplication.java:439)
	at org.springframework.boot.SpringApplication.run(SpringApplication.java:318)
	at org.springframework.boot.SpringApplication.run(SpringApplication.java:1361)
	at org.springframework.boot.SpringApplication.run(SpringApplication.java:1350)
	at com.beyond.StomachForce.StomachForceApplication.main(StomachForceApplication.java:9)
Caused by: org.hibernate.AnnotationException: Association 'com.beyond.StomachForce.restaurant.domain.Restaurant.address' is 'mappedBy' a property named 'restaurant' which does not exist in the target entity type 'com.beyond.StomachForce.restaurant.domain.RestaurantAddress'
	at org.hibernate.boot.model.internal.OneToOneSecondPass.targetProperty(OneToOneSecondPass.java:240)
	at org.hibernate.boot.model.internal.OneToOneSecondPass.bindUnowned(OneToOneSecondPass.java:149)
	at org.hibernate.boot.model.internal.OneToOneSecondPass.doSecondPass(OneToOneSecondPass.java:128)
	at org.hibernate.boot.internal.InFlightMetadataCollectorImpl.processSecondPasses(InFlightMetadataCollectorImpl.java:1842)
	at org.hibernate.boot.internal.InFlightMetadataCollectorImpl.processSecondPasses(InFlightMetadataCollectorImpl.java:1800)
	at org.hibernate.boot.model.process.spi.MetadataBuildingProcess.complete(MetadataBuildingProcess.java:334)
	at org.hibernate.jpa.boot.internal.EntityManagerFactoryBuilderImpl.metadata(EntityManagerFactoryBuilderImpl.java:1431)
	at org.hibernate.jpa.boot.internal.EntityManagerFactoryBuilderImpl.build(EntityManagerFactoryBuilderImpl.java:1502)
	at org.springframework.orm.jpa.vendor.SpringHibernateJpaPersistenceProvider.createContainerEntityManagerFactory(SpringHibernateJpaPersistenceProvider.java:66)
	at org.springframework.orm.jpa.LocalContainerEntityManagerFactoryBean.createNativeEntityManagerFactory(LocalContainerEntityManagerFactoryBean.java:390)
	at org.springframework.orm.jpa.AbstractEntityManagerFactoryBean.buildNativeEntityManagerFactory(AbstractEntityManagerFactoryBean.java:419)
	at org.springframework.orm.jpa.AbstractEntityManagerFactoryBean.afterPropertiesSet(AbstractEntityManagerFactoryBean.java:400)
	at org.springframework.orm.jpa.LocalContainerEntityManagerFactoryBean.afterPropertiesSet(LocalContainerEntityManagerFactoryBean.java:366)
	at org.springframework.beans.factory.support.AbstractAutowireCapableBeanFactory.invokeInitMethods(AbstractAutowireCapableBeanFactory.java:1859)
	at org.springframework.beans.factory.support.AbstractAutowireCapableBeanFactory.initializeBean(AbstractAutowireCapableBeanFactory.java:1808)
	... 15 common frames omitted
2025-02-37 16:13 o.h.validator.internal.util.Version-HV000001: Hibernate Validator 8.0.2.Final
2025-02-37 16:13 c.b.S.StomachForceApplication-Starting StomachForceApplication using Java 17.0.13 with PID 4816 (C:\Users\Playdata\Desktop\StomachForce\build\classes\java\main started by Playdata in C:\Users\Playdata\Desktop\StomachForce)
2025-02-37 16:13 c.b.S.StomachForceApplication-No active profile set, falling back to 1 default profile: "default"
2025-02-37 16:13 o.s.d.r.c.RepositoryConfigurationDelegate-Multiple Spring Data modules found, entering strict repository configuration mode
2025-02-37 16:13 o.s.d.r.c.RepositoryConfigurationDelegate-Bootstrapping Spring Data JPA repositories in DEFAULT mode.
2025-02-37 16:13 o.s.d.r.c.RepositoryConfigurationDelegate-Finished Spring Data repository scanning in 186 ms. Found 10 JPA repository interfaces.
2025-02-37 16:13 o.s.d.r.c.RepositoryConfigurationDelegate-Multiple Spring Data modules found, entering strict repository configuration mode
2025-02-37 16:13 o.s.d.r.c.RepositoryConfigurationDelegate-Bootstrapping Spring Data Redis repositories in DEFAULT mode.
2025-02-37 16:13 o.s.d.r.c.RepositoryConfigurationExtensionSupport-Spring Data Redis - Could not safely identify store assignment for repository candidate interface com.beyond.StomachForce.Post.repository.LikeRepository; If you want this repository to be a Redis repository, consider annotating your entities with one of these annotations: org.springframework.data.redis.core.RedisHash (preferred), or consider extending one of the following types with your repository: org.springframework.data.keyvalue.repository.KeyValueRepository
2025-02-37 16:13 o.s.d.r.c.RepositoryConfigurationExtensionSupport-Spring Data Redis - Could not safely identify store assignment for repository candidate interface com.beyond.StomachForce.Post.repository.PostRepository; If you want this repository to be a Redis repository, consider annotating your entities with one of these annotations: org.springframework.data.redis.core.RedisHash (preferred), or consider extending one of the following types with your repository: org.springframework.data.keyvalue.repository.KeyValueRepository
2025-02-37 16:13 o.s.d.r.c.RepositoryConfigurationExtensionSupport-Spring Data Redis - Could not safely identify store assignment for repository candidate interface com.beyond.StomachForce.restaurant.repository.AddressRepository; If you want this repository to be a Redis repository, consider annotating your entities with one of these annotations: org.springframework.data.redis.core.RedisHash (preferred), or consider extending one of the following types with your repository: org.springframework.data.keyvalue.repository.KeyValueRepository
2025-02-37 16:13 o.s.d.r.c.RepositoryConfigurationExtensionSupport-Spring Data Redis - Could not safely identify store assignment for repository candidate interface com.beyond.StomachForce.restaurant.repository.BookmarkRepository; If you want this repository to be a Redis repository, consider annotating your entities with one of these annotations: org.springframework.data.redis.core.RedisHash (preferred), or consider extending one of the following types with your repository: org.springframework.data.keyvalue.repository.KeyValueRepository
2025-02-37 16:13 o.s.d.r.c.RepositoryConfigurationExtensionSupport-Spring Data Redis - Could not safely identify store assignment for repository candidate interface com.beyond.StomachForce.restaurant.repository.RestaurantConvenienceRepository; If you want this repository to be a Redis repository, consider annotating your entities with one of these annotations: org.springframework.data.redis.core.RedisHash (preferred), or consider extending one of the following types with your repository: org.springframework.data.keyvalue.repository.KeyValueRepository
2025-02-37 16:13 o.s.d.r.c.RepositoryConfigurationExtensionSupport-Spring Data Redis - Could not safely identify store assignment for repository candidate interface com.beyond.StomachForce.restaurant.repository.RestaurantPhotoRepository; If you want this repository to be a Redis repository, consider annotating your entities with one of these annotations: org.springframework.data.redis.core.RedisHash (preferred), or consider extending one of the following types with your repository: org.springframework.data.keyvalue.repository.KeyValueRepository
2025-02-37 16:13 o.s.d.r.c.RepositoryConfigurationExtensionSupport-Spring Data Redis - Could not safely identify store assignment for repository candidate interface com.beyond.StomachForce.restaurant.repository.RestaurantRepository; If you want this repository to be a Redis repository, consider annotating your entities with one of these annotations: org.springframework.data.redis.core.RedisHash (preferred), or consider extending one of the following types with your repository: org.springframework.data.keyvalue.repository.KeyValueRepository
2025-02-37 16:13 o.s.d.r.c.RepositoryConfigurationExtensionSupport-Spring Data Redis - Could not safely identify store assignment for repository candidate interface com.beyond.StomachForce.review.repository.ReviewPhotoRepository; If you want this repository to be a Redis repository, consider annotating your entities with one of these annotations: org.springframework.data.redis.core.RedisHash (preferred), or consider extending one of the following types with your repository: org.springframework.data.keyvalue.repository.KeyValueRepository
2025-02-37 16:13 o.s.d.r.c.RepositoryConfigurationExtensionSupport-Spring Data Redis - Could not safely identify store assignment for repository candidate interface com.beyond.StomachForce.review.repository.ReviewRepository; If you want this repository to be a Redis repository, consider annotating your entities with one of these annotations: org.springframework.data.redis.core.RedisHash (preferred), or consider extending one of the following types with your repository: org.springframework.data.keyvalue.repository.KeyValueRepository
2025-02-37 16:13 o.s.d.r.c.RepositoryConfigurationExtensionSupport-Spring Data Redis - Could not safely identify store assignment for repository candidate interface com.beyond.StomachForce.User.repository.UserRepository; If you want this repository to be a Redis repository, consider annotating your entities with one of these annotations: org.springframework.data.redis.core.RedisHash (preferred), or consider extending one of the following types with your repository: org.springframework.data.keyvalue.repository.KeyValueRepository
2025-02-37 16:13 o.s.d.r.c.RepositoryConfigurationDelegate-Finished Spring Data repository scanning in 19 ms. Found 0 Redis repository interfaces.
2025-02-37 16:14 o.s.b.w.e.tomcat.TomcatWebServer-Tomcat initialized with port 8080 (http)
2025-02-37 16:14 o.a.coyote.http11.Http11NioProtocol-Initializing ProtocolHandler ["http-nio-8080"]
2025-02-37 16:14 o.a.catalina.core.StandardService-Starting service [Tomcat]
2025-02-37 16:14 o.a.catalina.core.StandardEngine-Starting Servlet engine: [Apache Tomcat/10.1.34]
2025-02-37 16:14 o.a.c.c.C.[Tomcat].[localhost].[/]-Initializing Spring embedded WebApplicationContext
2025-02-37 16:14 o.s.b.w.s.c.ServletWebServerApplicationContext-Root WebApplicationContext: initialization completed in 2233 ms
2025-02-37 16:14 o.h.jpa.internal.util.LogHelper-HHH000204: Processing PersistenceUnitInfo [name: default]
2025-02-37 16:14 org.hibernate.Version-HHH000412: Hibernate ORM core version 6.6.5.Final
2025-02-37 16:14 o.h.c.i.RegionFactoryInitiator-HHH000026: Second-level cache disabled
2025-02-37 16:14 o.s.o.j.p.SpringPersistenceUnitInfo-No LoadTimeWeaver setup: ignoring JPA class transformer
2025-02-37 16:14 com.zaxxer.hikari.HikariDataSource-HikariPool-1 - Starting...
2025-02-37 16:14 com.zaxxer.hikari.pool.HikariPool-HikariPool-1 - Added connection org.mariadb.jdbc.Connection@62794582
2025-02-37 16:14 com.zaxxer.hikari.HikariDataSource-HikariPool-1 - Start completed.
2025-02-37 16:14 org.hibernate.orm.deprecation-HHH90000025: MariaDBDialect does not need to be specified explicitly using 'hibernate.dialect' (remove the property setting and it will be selected by default)
2025-02-37 16:14 o.hibernate.orm.connections.pooling-HHH10001005: Database info:
	Database JDBC URL [Connecting through datasource 'HikariDataSource (HikariPool-1)']
	Database driver: undefined/unknown
	Database version: 11.5.2
	Autocommit mode: undefined/unknown
	Isolation level: undefined/unknown
	Minimum pool size: undefined/unknown
	Maximum pool size: undefined/unknown
2025-02-37 16:14 o.h.e.t.j.p.i.JtaPlatformInitiator-HHH000489: No JTA platform available (set 'hibernate.transaction.jta.platform' to enable JTA platform integration)
2025-02-37 16:14 o.s.o.j.LocalContainerEntityManagerFactoryBean-Initialized JPA EntityManagerFactory for persistence unit 'default'
2025-02-37 16:14 o.s.d.j.r.query.QueryEnhancerFactory-Hibernate is in classpath; If applicable, HQL parser will be used.
2025-02-37 16:14 o.s.b.w.s.c.AnnotationConfigServletWebServerApplicationContext-Exception encountered during context initialization - cancelling refresh attempt: org.springframework.beans.factory.BeanCreationException: Error creating bean with name 'restaurantController': Injection of autowired dependencies failed
2025-02-37 16:14 o.s.o.j.LocalContainerEntityManagerFactoryBean-Closing JPA EntityManagerFactory for persistence unit 'default'
2025-02-37 16:14 com.zaxxer.hikari.HikariDataSource-HikariPool-1 - Shutdown initiated...
2025-02-37 16:14 com.zaxxer.hikari.HikariDataSource-HikariPool-1 - Shutdown completed.
2025-02-37 16:14 o.a.catalina.core.StandardService-Stopping service [Tomcat]
2025-02-37 16:14 o.s.b.a.l.ConditionEvaluationReportLogger-

Error starting ApplicationContext. To display the condition evaluation report re-run your application with 'debug' enabled.
2025-02-37 16:14 o.s.boot.SpringApplication-Application run failed
org.springframework.beans.factory.BeanCreationException: Error creating bean with name 'restaurantController': Injection of autowired dependencies failed
	at org.springframework.beans.factory.annotation.AutowiredAnnotationBeanPostProcessor.postProcessProperties(AutowiredAnnotationBeanPostProcessor.java:515)
	at org.springframework.beans.factory.support.AbstractAutowireCapableBeanFactory.populateBean(AbstractAutowireCapableBeanFactory.java:1445)
	at org.springframework.beans.factory.support.AbstractAutowireCapableBeanFactory.doCreateBean(AbstractAutowireCapableBeanFactory.java:600)
	at org.springframework.beans.factory.support.AbstractAutowireCapableBeanFactory.createBean(AbstractAutowireCapableBeanFactory.java:523)
	at org.springframework.beans.factory.support.AbstractBeanFactory.lambda$doGetBean$0(AbstractBeanFactory.java:336)
	at org.springframework.beans.factory.support.DefaultSingletonBeanRegistry.getSingleton(DefaultSingletonBeanRegistry.java:307)
	at org.springframework.beans.factory.support.AbstractBeanFactory.doGetBean(AbstractBeanFactory.java:334)
	at org.springframework.beans.factory.support.AbstractBeanFactory.getBean(AbstractBeanFactory.java:199)
	at org.springframework.beans.factory.support.DefaultListableBeanFactory.instantiateSingleton(DefaultListableBeanFactory.java:1122)
	at org.springframework.beans.factory.support.DefaultListableBeanFactory.preInstantiateSingleton(DefaultListableBeanFactory.java:1093)
	at org.springframework.beans.factory.support.DefaultListableBeanFactory.preInstantiateSingletons(DefaultListableBeanFactory.java:1030)
	at org.springframework.context.support.AbstractApplicationContext.finishBeanFactoryInitialization(AbstractApplicationContext.java:987)
	at org.springframework.context.support.AbstractApplicationContext.refresh(AbstractApplicationContext.java:627)
	at org.springframework.boot.web.servlet.context.ServletWebServerApplicationContext.refresh(ServletWebServerApplicationContext.java:146)
	at org.springframework.boot.SpringApplication.refresh(SpringApplication.java:752)
	at org.springframework.boot.SpringApplication.refreshContext(SpringApplication.java:439)
	at org.springframework.boot.SpringApplication.run(SpringApplication.java:318)
	at org.springframework.boot.SpringApplication.run(SpringApplication.java:1361)
	at org.springframework.boot.SpringApplication.run(SpringApplication.java:1350)
	at com.beyond.StomachForce.StomachForceApplication.main(StomachForceApplication.java:9)
Caused by: org.springframework.util.PlaceholderResolutionException: Could not resolve placeholder 'jwt.secretKeyRt' in value "${jwt.secretKeyRt}"
	at org.springframework.util.PlaceholderResolutionException.withValue(PlaceholderResolutionException.java:81)
	at org.springframework.util.PlaceholderParser$ParsedValue.resolve(PlaceholderParser.java:416)
	at org.springframework.util.PlaceholderParser.replacePlaceholders(PlaceholderParser.java:128)
	at org.springframework.util.PropertyPlaceholderHelper.parseStringValue(PropertyPlaceholderHelper.java:118)
	at org.springframework.util.PropertyPlaceholderHelper.replacePlaceholders(PropertyPlaceholderHelper.java:114)
	at org.springframework.core.env.AbstractPropertyResolver.doResolvePlaceholders(AbstractPropertyResolver.java:255)
	at org.springframework.core.env.AbstractPropertyResolver.resolveRequiredPlaceholders(AbstractPropertyResolver.java:226)
	at org.springframework.context.support.PropertySourcesPlaceholderConfigurer.lambda$processProperties$0(PropertySourcesPlaceholderConfigurer.java:201)
	at org.springframework.beans.factory.support.AbstractBeanFactory.resolveEmbeddedValue(AbstractBeanFactory.java:963)
	at org.springframework.beans.factory.support.DefaultListableBeanFactory.doResolveDependency(DefaultListableBeanFactory.java:1541)
	at org.springframework.beans.factory.support.DefaultListableBeanFactory.resolveDependency(DefaultListableBeanFactory.java:1519)
	at org.springframework.beans.factory.annotation.AutowiredAnnotationBeanPostProcessor$AutowiredFieldElement.resolveFieldValue(AutowiredAnnotationBeanPostProcessor.java:785)
	at org.springframework.beans.factory.annotation.AutowiredAnnotationBeanPostProcessor$AutowiredFieldElement.inject(AutowiredAnnotationBeanPostProcessor.java:768)
	at org.springframework.beans.factory.annotation.InjectionMetadata.inject(InjectionMetadata.java:146)
	at org.springframework.beans.factory.annotation.AutowiredAnnotationBeanPostProcessor.postProcessProperties(AutowiredAnnotationBeanPostProcessor.java:509)
	... 19 common frames omitted
2025-02-37 16:17 o.h.validator.internal.util.Version-HV000001: Hibernate Validator 8.0.2.Final
2025-02-37 16:17 c.b.S.StomachForceApplication-Starting StomachForceApplication using Java 17.0.13 with PID 21948 (C:\Users\Playdata\Desktop\StomachForce\build\classes\java\main started by Playdata in C:\Users\Playdata\Desktop\StomachForce)
2025-02-37 16:17 c.b.S.StomachForceApplication-No active profile set, falling back to 1 default profile: "default"
2025-02-37 16:17 o.s.d.r.c.RepositoryConfigurationDelegate-Multiple Spring Data modules found, entering strict repository configuration mode
2025-02-37 16:17 o.s.d.r.c.RepositoryConfigurationDelegate-Bootstrapping Spring Data JPA repositories in DEFAULT mode.
2025-02-37 16:17 o.s.d.r.c.RepositoryConfigurationDelegate-Finished Spring Data repository scanning in 160 ms. Found 10 JPA repository interfaces.
2025-02-37 16:17 o.s.d.r.c.RepositoryConfigurationDelegate-Multiple Spring Data modules found, entering strict repository configuration mode
2025-02-37 16:17 o.s.d.r.c.RepositoryConfigurationDelegate-Bootstrapping Spring Data Redis repositories in DEFAULT mode.
2025-02-37 16:17 o.s.d.r.c.RepositoryConfigurationExtensionSupport-Spring Data Redis - Could not safely identify store assignment for repository candidate interface com.beyond.StomachForce.Post.repository.LikeRepository; If you want this repository to be a Redis repository, consider annotating your entities with one of these annotations: org.springframework.data.redis.core.RedisHash (preferred), or consider extending one of the following types with your repository: org.springframework.data.keyvalue.repository.KeyValueRepository
2025-02-37 16:17 o.s.d.r.c.RepositoryConfigurationExtensionSupport-Spring Data Redis - Could not safely identify store assignment for repository candidate interface com.beyond.StomachForce.Post.repository.PostRepository; If you want this repository to be a Redis repository, consider annotating your entities with one of these annotations: org.springframework.data.redis.core.RedisHash (preferred), or consider extending one of the following types with your repository: org.springframework.data.keyvalue.repository.KeyValueRepository
2025-02-37 16:17 o.s.d.r.c.RepositoryConfigurationExtensionSupport-Spring Data Redis - Could not safely identify store assignment for repository candidate interface com.beyond.StomachForce.restaurant.repository.AddressRepository; If you want this repository to be a Redis repository, consider annotating your entities with one of these annotations: org.springframework.data.redis.core.RedisHash (preferred), or consider extending one of the following types with your repository: org.springframework.data.keyvalue.repository.KeyValueRepository
2025-02-37 16:17 o.s.d.r.c.RepositoryConfigurationExtensionSupport-Spring Data Redis - Could not safely identify store assignment for repository candidate interface com.beyond.StomachForce.restaurant.repository.BookmarkRepository; If you want this repository to be a Redis repository, consider annotating your entities with one of these annotations: org.springframework.data.redis.core.RedisHash (preferred), or consider extending one of the following types with your repository: org.springframework.data.keyvalue.repository.KeyValueRepository
2025-02-37 16:17 o.s.d.r.c.RepositoryConfigurationExtensionSupport-Spring Data Redis - Could not safely identify store assignment for repository candidate interface com.beyond.StomachForce.restaurant.repository.RestaurantConvenienceRepository; If you want this repository to be a Redis repository, consider annotating your entities with one of these annotations: org.springframework.data.redis.core.RedisHash (preferred), or consider extending one of the following types with your repository: org.springframework.data.keyvalue.repository.KeyValueRepository
2025-02-37 16:17 o.s.d.r.c.RepositoryConfigurationExtensionSupport-Spring Data Redis - Could not safely identify store assignment for repository candidate interface com.beyond.StomachForce.restaurant.repository.RestaurantPhotoRepository; If you want this repository to be a Redis repository, consider annotating your entities with one of these annotations: org.springframework.data.redis.core.RedisHash (preferred), or consider extending one of the following types with your repository: org.springframework.data.keyvalue.repository.KeyValueRepository
2025-02-37 16:17 o.s.d.r.c.RepositoryConfigurationExtensionSupport-Spring Data Redis - Could not safely identify store assignment for repository candidate interface com.beyond.StomachForce.restaurant.repository.RestaurantRepository; If you want this repository to be a Redis repository, consider annotating your entities with one of these annotations: org.springframework.data.redis.core.RedisHash (preferred), or consider extending one of the following types with your repository: org.springframework.data.keyvalue.repository.KeyValueRepository
2025-02-37 16:17 o.s.d.r.c.RepositoryConfigurationExtensionSupport-Spring Data Redis - Could not safely identify store assignment for repository candidate interface com.beyond.StomachForce.review.repository.ReviewPhotoRepository; If you want this repository to be a Redis repository, consider annotating your entities with one of these annotations: org.springframework.data.redis.core.RedisHash (preferred), or consider extending one of the following types with your repository: org.springframework.data.keyvalue.repository.KeyValueRepository
2025-02-37 16:17 o.s.d.r.c.RepositoryConfigurationExtensionSupport-Spring Data Redis - Could not safely identify store assignment for repository candidate interface com.beyond.StomachForce.review.repository.ReviewRepository; If you want this repository to be a Redis repository, consider annotating your entities with one of these annotations: org.springframework.data.redis.core.RedisHash (preferred), or consider extending one of the following types with your repository: org.springframework.data.keyvalue.repository.KeyValueRepository
2025-02-37 16:17 o.s.d.r.c.RepositoryConfigurationExtensionSupport-Spring Data Redis - Could not safely identify store assignment for repository candidate interface com.beyond.StomachForce.User.repository.UserRepository; If you want this repository to be a Redis repository, consider annotating your entities with one of these annotations: org.springframework.data.redis.core.RedisHash (preferred), or consider extending one of the following types with your repository: org.springframework.data.keyvalue.repository.KeyValueRepository
2025-02-37 16:17 o.s.d.r.c.RepositoryConfigurationDelegate-Finished Spring Data repository scanning in 18 ms. Found 0 Redis repository interfaces.
2025-02-37 16:17 o.s.b.w.e.tomcat.TomcatWebServer-Tomcat initialized with port 8080 (http)
2025-02-37 16:17 o.a.coyote.http11.Http11NioProtocol-Initializing ProtocolHandler ["http-nio-8080"]
2025-02-37 16:17 o.a.catalina.core.StandardService-Starting service [Tomcat]
2025-02-37 16:17 o.a.catalina.core.StandardEngine-Starting Servlet engine: [Apache Tomcat/10.1.34]
2025-02-37 16:17 o.a.c.c.C.[Tomcat].[localhost].[/]-Initializing Spring embedded WebApplicationContext
2025-02-37 16:17 o.s.b.w.s.c.ServletWebServerApplicationContext-Root WebApplicationContext: initialization completed in 2083 ms
2025-02-37 16:17 o.h.jpa.internal.util.LogHelper-HHH000204: Processing PersistenceUnitInfo [name: default]
2025-02-37 16:17 org.hibernate.Version-HHH000412: Hibernate ORM core version 6.6.5.Final
2025-02-37 16:17 o.h.c.i.RegionFactoryInitiator-HHH000026: Second-level cache disabled
2025-02-37 16:17 o.s.o.j.p.SpringPersistenceUnitInfo-No LoadTimeWeaver setup: ignoring JPA class transformer
2025-02-37 16:17 com.zaxxer.hikari.HikariDataSource-HikariPool-1 - Starting...
2025-02-37 16:17 com.zaxxer.hikari.pool.HikariPool-HikariPool-1 - Added connection org.mariadb.jdbc.Connection@71668a67
2025-02-37 16:17 com.zaxxer.hikari.HikariDataSource-HikariPool-1 - Start completed.
2025-02-37 16:17 org.hibernate.orm.deprecation-HHH90000025: MariaDBDialect does not need to be specified explicitly using 'hibernate.dialect' (remove the property setting and it will be selected by default)
2025-02-37 16:17 o.hibernate.orm.connections.pooling-HHH10001005: Database info:
	Database JDBC URL [Connecting through datasource 'HikariDataSource (HikariPool-1)']
	Database driver: undefined/unknown
	Database version: 11.5.2
	Autocommit mode: undefined/unknown
	Isolation level: undefined/unknown
	Minimum pool size: undefined/unknown
	Maximum pool size: undefined/unknown
2025-02-37 16:18 o.h.e.t.j.p.i.JtaPlatformInitiator-HHH000489: No JTA platform available (set 'hibernate.transaction.jta.platform' to enable JTA platform integration)
2025-02-37 16:18 o.s.o.j.LocalContainerEntityManagerFactoryBean-Initialized JPA EntityManagerFactory for persistence unit 'default'
2025-02-37 16:18 o.s.d.j.r.query.QueryEnhancerFactory-Hibernate is in classpath; If applicable, HQL parser will be used.
2025-02-37 16:18 o.s.b.a.o.j.JpaBaseConfiguration$JpaWebConfiguration-spring.jpa.open-in-view is enabled by default. Therefore, database queries may be performed during view rendering. Explicitly configure spring.jpa.open-in-view to disable this warning
2025-02-37 16:18 o.s.b.a.s.s.UserDetailsServiceAutoConfiguration-

Using generated security password: 6d947e1a-7c17-4330-b26c-1688b06a5848

This generated password is for development use only. Your security configuration must be updated before running your application in production.

2025-02-37 16:18 o.s.s.c.a.a.c.InitializeUserDetailsBeanManagerConfigurer$InitializeUserDetailsManagerConfigurer-Global AuthenticationManager configured with UserDetailsService bean with name inMemoryUserDetailsManager
2025-02-37 16:18 o.s.s.c.a.w.c.AuthorizeHttpRequestsConfigurer$AuthorizationManagerRequestMatcherRegistry-One of the patterns in [/user/create, /user/doLogin, /user/refresh-token, /restaurant/create, restaurant/doLogin, restaurant/refresh-token, restaurant/list] is missing a leading slash. This is discouraged; please include the leading slash in all your request matcher patterns. In future versions of Spring Security, leaving out the leading slash will result in an exception.
2025-02-37 16:18 o.a.coyote.http11.Http11NioProtocol-Starting ProtocolHandler ["http-nio-8080"]
2025-02-37 16:18 o.s.b.w.e.tomcat.TomcatWebServer-Tomcat started on port 8080 (http) with context path '/'
2025-02-37 16:18 c.b.S.StomachForceApplication-Started StomachForceApplication in 7.795 seconds (process running for 8.471)
2025-02-37 16:18 o.a.c.c.C.[Tomcat].[localhost].[/]-Initializing Spring DispatcherServlet 'dispatcherServlet'
2025-02-37 16:18 o.s.web.servlet.DispatcherServlet-Initializing Servlet 'dispatcherServlet'
2025-02-37 16:18 o.s.web.servlet.DispatcherServlet-Completed initialization in 15 ms
2025-02-37 16:23 c.b.S.C.c.CommonExceptionHandler-사업자등록증 또는 비밀번호를 확인해주세요.
2025-02-37 16:24 c.b.S.C.c.CommonExceptionHandler-email already exists
2025-02-37 16:24 c.b.S.C.c.CommonExceptionHandler-사업자등록증 또는 비밀번호를 확인해주세요.
2025-02-37 16:29 o.h.validator.internal.util.Version-HV000001: Hibernate Validator 8.0.2.Final
2025-02-37 16:29 c.b.S.StomachForceApplication-Starting StomachForceApplication using Java 17.0.13 with PID 20668 (C:\Users\Playdata\Desktop\StomachForce\build\classes\java\main started by Playdata in C:\Users\Playdata\Desktop\StomachForce)
2025-02-37 16:29 c.b.S.StomachForceApplication-No active profile set, falling back to 1 default profile: "default"
2025-02-37 16:29 o.s.d.r.c.RepositoryConfigurationDelegate-Multiple Spring Data modules found, entering strict repository configuration mode
2025-02-37 16:29 o.s.d.r.c.RepositoryConfigurationDelegate-Bootstrapping Spring Data JPA repositories in DEFAULT mode.
2025-02-37 16:29 o.s.d.r.c.RepositoryConfigurationDelegate-Finished Spring Data repository scanning in 209 ms. Found 10 JPA repository interfaces.
2025-02-37 16:29 o.s.d.r.c.RepositoryConfigurationDelegate-Multiple Spring Data modules found, entering strict repository configuration mode
2025-02-37 16:29 o.s.d.r.c.RepositoryConfigurationDelegate-Bootstrapping Spring Data Redis repositories in DEFAULT mode.
2025-02-37 16:29 o.s.d.r.c.RepositoryConfigurationExtensionSupport-Spring Data Redis - Could not safely identify store assignment for repository candidate interface com.beyond.StomachForce.Post.repository.LikeRepository; If you want this repository to be a Redis repository, consider annotating your entities with one of these annotations: org.springframework.data.redis.core.RedisHash (preferred), or consider extending one of the following types with your repository: org.springframework.data.keyvalue.repository.KeyValueRepository
2025-02-37 16:29 o.s.d.r.c.RepositoryConfigurationExtensionSupport-Spring Data Redis - Could not safely identify store assignment for repository candidate interface com.beyond.StomachForce.Post.repository.PostRepository; If you want this repository to be a Redis repository, consider annotating your entities with one of these annotations: org.springframework.data.redis.core.RedisHash (preferred), or consider extending one of the following types with your repository: org.springframework.data.keyvalue.repository.KeyValueRepository
2025-02-37 16:29 o.s.d.r.c.RepositoryConfigurationExtensionSupport-Spring Data Redis - Could not safely identify store assignment for repository candidate interface com.beyond.StomachForce.restaurant.repository.AddressRepository; If you want this repository to be a Redis repository, consider annotating your entities with one of these annotations: org.springframework.data.redis.core.RedisHash (preferred), or consider extending one of the following types with your repository: org.springframework.data.keyvalue.repository.KeyValueRepository
2025-02-37 16:29 o.s.d.r.c.RepositoryConfigurationExtensionSupport-Spring Data Redis - Could not safely identify store assignment for repository candidate interface com.beyond.StomachForce.restaurant.repository.BookmarkRepository; If you want this repository to be a Redis repository, consider annotating your entities with one of these annotations: org.springframework.data.redis.core.RedisHash (preferred), or consider extending one of the following types with your repository: org.springframework.data.keyvalue.repository.KeyValueRepository
2025-02-37 16:29 o.s.d.r.c.RepositoryConfigurationExtensionSupport-Spring Data Redis - Could not safely identify store assignment for repository candidate interface com.beyond.StomachForce.restaurant.repository.RestaurantConvenienceRepository; If you want this repository to be a Redis repository, consider annotating your entities with one of these annotations: org.springframework.data.redis.core.RedisHash (preferred), or consider extending one of the following types with your repository: org.springframework.data.keyvalue.repository.KeyValueRepository
2025-02-37 16:29 o.s.d.r.c.RepositoryConfigurationExtensionSupport-Spring Data Redis - Could not safely identify store assignment for repository candidate interface com.beyond.StomachForce.restaurant.repository.RestaurantPhotoRepository; If you want this repository to be a Redis repository, consider annotating your entities with one of these annotations: org.springframework.data.redis.core.RedisHash (preferred), or consider extending one of the following types with your repository: org.springframework.data.keyvalue.repository.KeyValueRepository
2025-02-37 16:29 o.s.d.r.c.RepositoryConfigurationExtensionSupport-Spring Data Redis - Could not safely identify store assignment for repository candidate interface com.beyond.StomachForce.restaurant.repository.RestaurantRepository; If you want this repository to be a Redis repository, consider annotating your entities with one of these annotations: org.springframework.data.redis.core.RedisHash (preferred), or consider extending one of the following types with your repository: org.springframework.data.keyvalue.repository.KeyValueRepository
2025-02-37 16:29 o.s.d.r.c.RepositoryConfigurationExtensionSupport-Spring Data Redis - Could not safely identify store assignment for repository candidate interface com.beyond.StomachForce.review.repository.ReviewPhotoRepository; If you want this repository to be a Redis repository, consider annotating your entities with one of these annotations: org.springframework.data.redis.core.RedisHash (preferred), or consider extending one of the following types with your repository: org.springframework.data.keyvalue.repository.KeyValueRepository
2025-02-37 16:29 o.s.d.r.c.RepositoryConfigurationExtensionSupport-Spring Data Redis - Could not safely identify store assignment for repository candidate interface com.beyond.StomachForce.review.repository.ReviewRepository; If you want this repository to be a Redis repository, consider annotating your entities with one of these annotations: org.springframework.data.redis.core.RedisHash (preferred), or consider extending one of the following types with your repository: org.springframework.data.keyvalue.repository.KeyValueRepository
2025-02-37 16:29 o.s.d.r.c.RepositoryConfigurationExtensionSupport-Spring Data Redis - Could not safely identify store assignment for repository candidate interface com.beyond.StomachForce.User.repository.UserRepository; If you want this repository to be a Redis repository, consider annotating your entities with one of these annotations: org.springframework.data.redis.core.RedisHash (preferred), or consider extending one of the following types with your repository: org.springframework.data.keyvalue.repository.KeyValueRepository
2025-02-37 16:29 o.s.d.r.c.RepositoryConfigurationDelegate-Finished Spring Data repository scanning in 23 ms. Found 0 Redis repository interfaces.
2025-02-37 16:29 o.s.b.w.e.tomcat.TomcatWebServer-Tomcat initialized with port 8080 (http)
2025-02-37 16:29 o.a.coyote.http11.Http11NioProtocol-Initializing ProtocolHandler ["http-nio-8080"]
2025-02-37 16:29 o.a.catalina.core.StandardService-Starting service [Tomcat]
2025-02-37 16:29 o.a.catalina.core.StandardEngine-Starting Servlet engine: [Apache Tomcat/10.1.34]
2025-02-37 16:29 o.a.c.c.C.[Tomcat].[localhost].[/]-Initializing Spring embedded WebApplicationContext
2025-02-37 16:29 o.s.b.w.s.c.ServletWebServerApplicationContext-Root WebApplicationContext: initialization completed in 2181 ms
2025-02-37 16:29 o.h.jpa.internal.util.LogHelper-HHH000204: Processing PersistenceUnitInfo [name: default]
2025-02-37 16:29 org.hibernate.Version-HHH000412: Hibernate ORM core version 6.6.5.Final
2025-02-37 16:29 o.h.c.i.RegionFactoryInitiator-HHH000026: Second-level cache disabled
2025-02-37 16:29 o.s.o.j.p.SpringPersistenceUnitInfo-No LoadTimeWeaver setup: ignoring JPA class transformer
2025-02-37 16:29 com.zaxxer.hikari.HikariDataSource-HikariPool-1 - Starting...
2025-02-37 16:29 com.zaxxer.hikari.pool.HikariPool-HikariPool-1 - Added connection org.mariadb.jdbc.Connection@46591e98
2025-02-37 16:29 com.zaxxer.hikari.HikariDataSource-HikariPool-1 - Start completed.
2025-02-37 16:29 org.hibernate.orm.deprecation-HHH90000025: MariaDBDialect does not need to be specified explicitly using 'hibernate.dialect' (remove the property setting and it will be selected by default)
2025-02-37 16:29 o.hibernate.orm.connections.pooling-HHH10001005: Database info:
	Database JDBC URL [Connecting through datasource 'HikariDataSource (HikariPool-1)']
	Database driver: undefined/unknown
	Database version: 11.5.2
	Autocommit mode: undefined/unknown
	Isolation level: undefined/unknown
	Minimum pool size: undefined/unknown
	Maximum pool size: undefined/unknown
2025-02-37 16:30 o.h.e.t.j.p.i.JtaPlatformInitiator-HHH000489: No JTA platform available (set 'hibernate.transaction.jta.platform' to enable JTA platform integration)
2025-02-37 16:30 o.s.o.j.LocalContainerEntityManagerFactoryBean-Initialized JPA EntityManagerFactory for persistence unit 'default'
2025-02-37 16:30 o.s.d.j.r.query.QueryEnhancerFactory-Hibernate is in classpath; If applicable, HQL parser will be used.
2025-02-37 16:30 o.s.b.a.o.j.JpaBaseConfiguration$JpaWebConfiguration-spring.jpa.open-in-view is enabled by default. Therefore, database queries may be performed during view rendering. Explicitly configure spring.jpa.open-in-view to disable this warning
2025-02-37 16:30 o.s.b.a.s.s.UserDetailsServiceAutoConfiguration-

Using generated security password: 4b95f0aa-8b62-4d5c-8d2c-c03f5a2c8060

This generated password is for development use only. Your security configuration must be updated before running your application in production.

2025-02-37 16:30 o.s.s.c.a.a.c.InitializeUserDetailsBeanManagerConfigurer$InitializeUserDetailsManagerConfigurer-Global AuthenticationManager configured with UserDetailsService bean with name inMemoryUserDetailsManager
2025-02-37 16:30 o.s.s.c.a.w.c.AuthorizeHttpRequestsConfigurer$AuthorizationManagerRequestMatcherRegistry-One of the patterns in [/user/create, /user/doLogin, /user/refresh-token, /restaurant/create, restaurant/doLogin, restaurant/refresh-token, restaurant/list] is missing a leading slash. This is discouraged; please include the leading slash in all your request matcher patterns. In future versions of Spring Security, leaving out the leading slash will result in an exception.
2025-02-37 16:30 o.a.coyote.http11.Http11NioProtocol-Starting ProtocolHandler ["http-nio-8080"]
2025-02-37 16:30 o.s.b.w.e.tomcat.TomcatWebServer-Tomcat started on port 8080 (http) with context path '/'
2025-02-37 16:30 c.b.S.StomachForceApplication-Started StomachForceApplication in 7.309 seconds (process running for 8.008)
2025-02-37 16:30 o.a.c.c.C.[Tomcat].[localhost].[/]-Initializing Spring DispatcherServlet 'dispatcherServlet'
2025-02-37 16:30 o.s.web.servlet.DispatcherServlet-Initializing Servlet 'dispatcherServlet'
2025-02-37 16:30 o.s.web.servlet.DispatcherServlet-Completed initialization in 10 ms
2025-02-37 16:31 o.h.validator.internal.util.Version-HV000001: Hibernate Validator 8.0.2.Final
2025-02-37 16:31 c.b.S.StomachForceApplication-Starting StomachForceApplication using Java 17.0.13 with PID 22016 (C:\Users\Playdata\Desktop\StomachForce\build\classes\java\main started by Playdata in C:\Users\Playdata\Desktop\StomachForce)
2025-02-37 16:31 c.b.S.StomachForceApplication-No active profile set, falling back to 1 default profile: "default"
2025-02-37 16:31 o.s.d.r.c.RepositoryConfigurationDelegate-Multiple Spring Data modules found, entering strict repository configuration mode
2025-02-37 16:31 o.s.d.r.c.RepositoryConfigurationDelegate-Bootstrapping Spring Data JPA repositories in DEFAULT mode.
2025-02-37 16:31 o.s.d.r.c.RepositoryConfigurationDelegate-Finished Spring Data repository scanning in 174 ms. Found 10 JPA repository interfaces.
2025-02-37 16:31 o.s.d.r.c.RepositoryConfigurationDelegate-Multiple Spring Data modules found, entering strict repository configuration mode
2025-02-37 16:31 o.s.d.r.c.RepositoryConfigurationDelegate-Bootstrapping Spring Data Redis repositories in DEFAULT mode.
2025-02-37 16:31 o.s.d.r.c.RepositoryConfigurationExtensionSupport-Spring Data Redis - Could not safely identify store assignment for repository candidate interface com.beyond.StomachForce.Post.repository.LikeRepository; If you want this repository to be a Redis repository, consider annotating your entities with one of these annotations: org.springframework.data.redis.core.RedisHash (preferred), or consider extending one of the following types with your repository: org.springframework.data.keyvalue.repository.KeyValueRepository
2025-02-37 16:31 o.s.d.r.c.RepositoryConfigurationExtensionSupport-Spring Data Redis - Could not safely identify store assignment for repository candidate interface com.beyond.StomachForce.Post.repository.PostRepository; If you want this repository to be a Redis repository, consider annotating your entities with one of these annotations: org.springframework.data.redis.core.RedisHash (preferred), or consider extending one of the following types with your repository: org.springframework.data.keyvalue.repository.KeyValueRepository
2025-02-37 16:31 o.s.d.r.c.RepositoryConfigurationExtensionSupport-Spring Data Redis - Could not safely identify store assignment for repository candidate interface com.beyond.StomachForce.restaurant.repository.AddressRepository; If you want this repository to be a Redis repository, consider annotating your entities with one of these annotations: org.springframework.data.redis.core.RedisHash (preferred), or consider extending one of the following types with your repository: org.springframework.data.keyvalue.repository.KeyValueRepository
2025-02-37 16:31 o.s.d.r.c.RepositoryConfigurationExtensionSupport-Spring Data Redis - Could not safely identify store assignment for repository candidate interface com.beyond.StomachForce.restaurant.repository.BookmarkRepository; If you want this repository to be a Redis repository, consider annotating your entities with one of these annotations: org.springframework.data.redis.core.RedisHash (preferred), or consider extending one of the following types with your repository: org.springframework.data.keyvalue.repository.KeyValueRepository
2025-02-37 16:31 o.s.d.r.c.RepositoryConfigurationExtensionSupport-Spring Data Redis - Could not safely identify store assignment for repository candidate interface com.beyond.StomachForce.restaurant.repository.RestaurantConvenienceRepository; If you want this repository to be a Redis repository, consider annotating your entities with one of these annotations: org.springframework.data.redis.core.RedisHash (preferred), or consider extending one of the following types with your repository: org.springframework.data.keyvalue.repository.KeyValueRepository
2025-02-37 16:31 o.s.d.r.c.RepositoryConfigurationExtensionSupport-Spring Data Redis - Could not safely identify store assignment for repository candidate interface com.beyond.StomachForce.restaurant.repository.RestaurantPhotoRepository; If you want this repository to be a Redis repository, consider annotating your entities with one of these annotations: org.springframework.data.redis.core.RedisHash (preferred), or consider extending one of the following types with your repository: org.springframework.data.keyvalue.repository.KeyValueRepository
2025-02-37 16:31 o.s.d.r.c.RepositoryConfigurationExtensionSupport-Spring Data Redis - Could not safely identify store assignment for repository candidate interface com.beyond.StomachForce.restaurant.repository.RestaurantRepository; If you want this repository to be a Redis repository, consider annotating your entities with one of these annotations: org.springframework.data.redis.core.RedisHash (preferred), or consider extending one of the following types with your repository: org.springframework.data.keyvalue.repository.KeyValueRepository
2025-02-37 16:31 o.s.d.r.c.RepositoryConfigurationExtensionSupport-Spring Data Redis - Could not safely identify store assignment for repository candidate interface com.beyond.StomachForce.review.repository.ReviewPhotoRepository; If you want this repository to be a Redis repository, consider annotating your entities with one of these annotations: org.springframework.data.redis.core.RedisHash (preferred), or consider extending one of the following types with your repository: org.springframework.data.keyvalue.repository.KeyValueRepository
2025-02-37 16:31 o.s.d.r.c.RepositoryConfigurationExtensionSupport-Spring Data Redis - Could not safely identify store assignment for repository candidate interface com.beyond.StomachForce.review.repository.ReviewRepository; If you want this repository to be a Redis repository, consider annotating your entities with one of these annotations: org.springframework.data.redis.core.RedisHash (preferred), or consider extending one of the following types with your repository: org.springframework.data.keyvalue.repository.KeyValueRepository
2025-02-37 16:31 o.s.d.r.c.RepositoryConfigurationExtensionSupport-Spring Data Redis - Could not safely identify store assignment for repository candidate interface com.beyond.StomachForce.User.repository.UserRepository; If you want this repository to be a Redis repository, consider annotating your entities with one of these annotations: org.springframework.data.redis.core.RedisHash (preferred), or consider extending one of the following types with your repository: org.springframework.data.keyvalue.repository.KeyValueRepository
2025-02-37 16:31 o.s.d.r.c.RepositoryConfigurationDelegate-Finished Spring Data repository scanning in 21 ms. Found 0 Redis repository interfaces.
2025-02-37 16:31 o.s.b.w.e.tomcat.TomcatWebServer-Tomcat initialized with port 8080 (http)
2025-02-37 16:31 o.a.coyote.http11.Http11NioProtocol-Initializing ProtocolHandler ["http-nio-8080"]
2025-02-37 16:31 o.a.catalina.core.StandardService-Starting service [Tomcat]
2025-02-37 16:31 o.a.catalina.core.StandardEngine-Starting Servlet engine: [Apache Tomcat/10.1.34]
2025-02-37 16:31 o.a.c.c.C.[Tomcat].[localhost].[/]-Initializing Spring embedded WebApplicationContext
2025-02-37 16:31 o.s.b.w.s.c.ServletWebServerApplicationContext-Root WebApplicationContext: initialization completed in 2150 ms
2025-02-37 16:31 o.h.jpa.internal.util.LogHelper-HHH000204: Processing PersistenceUnitInfo [name: default]
2025-02-37 16:31 org.hibernate.Version-HHH000412: Hibernate ORM core version 6.6.5.Final
2025-02-37 16:31 o.h.c.i.RegionFactoryInitiator-HHH000026: Second-level cache disabled
2025-02-37 16:31 o.s.o.j.p.SpringPersistenceUnitInfo-No LoadTimeWeaver setup: ignoring JPA class transformer
2025-02-37 16:31 com.zaxxer.hikari.HikariDataSource-HikariPool-1 - Starting...
2025-02-37 16:31 com.zaxxer.hikari.pool.HikariPool-HikariPool-1 - Added connection org.mariadb.jdbc.Connection@1a06602f
2025-02-37 16:31 com.zaxxer.hikari.HikariDataSource-HikariPool-1 - Start completed.
2025-02-37 16:31 org.hibernate.orm.deprecation-HHH90000025: MariaDBDialect does not need to be specified explicitly using 'hibernate.dialect' (remove the property setting and it will be selected by default)
2025-02-37 16:31 o.hibernate.orm.connections.pooling-HHH10001005: Database info:
	Database JDBC URL [Connecting through datasource 'HikariDataSource (HikariPool-1)']
	Database driver: undefined/unknown
	Database version: 11.5.2
	Autocommit mode: undefined/unknown
	Isolation level: undefined/unknown
	Minimum pool size: undefined/unknown
	Maximum pool size: undefined/unknown
2025-02-37 16:31 o.h.e.t.j.p.i.JtaPlatformInitiator-HHH000489: No JTA platform available (set 'hibernate.transaction.jta.platform' to enable JTA platform integration)
2025-02-37 16:31 o.s.o.j.LocalContainerEntityManagerFactoryBean-Initialized JPA EntityManagerFactory for persistence unit 'default'
2025-02-37 16:31 o.s.d.j.r.query.QueryEnhancerFactory-Hibernate is in classpath; If applicable, HQL parser will be used.
2025-02-37 16:31 o.s.b.a.o.j.JpaBaseConfiguration$JpaWebConfiguration-spring.jpa.open-in-view is enabled by default. Therefore, database queries may be performed during view rendering. Explicitly configure spring.jpa.open-in-view to disable this warning
2025-02-37 16:31 o.s.b.a.s.s.UserDetailsServiceAutoConfiguration-

Using generated security password: 095e8af6-57e8-4bbd-b01f-84503afaec0e

This generated password is for development use only. Your security configuration must be updated before running your application in production.

2025-02-37 16:31 o.s.s.c.a.a.c.InitializeUserDetailsBeanManagerConfigurer$InitializeUserDetailsManagerConfigurer-Global AuthenticationManager configured with UserDetailsService bean with name inMemoryUserDetailsManager
2025-02-37 16:31 o.a.coyote.http11.Http11NioProtocol-Starting ProtocolHandler ["http-nio-8080"]
2025-02-37 16:31 o.s.b.w.e.tomcat.TomcatWebServer-Tomcat started on port 8080 (http) with context path '/'
2025-02-37 16:31 c.b.S.StomachForceApplication-Started StomachForceApplication in 7.574 seconds (process running for 8.154)
2025-02-37 16:31 o.a.c.c.C.[Tomcat].[localhost].[/]-Initializing Spring DispatcherServlet 'dispatcherServlet'
2025-02-37 16:31 o.s.web.servlet.DispatcherServlet-Initializing Servlet 'dispatcherServlet'
2025-02-37 16:31 o.s.web.servlet.DispatcherServlet-Completed initialization in 10 ms
2025-02-37 16:36 o.h.validator.internal.util.Version-HV000001: Hibernate Validator 8.0.2.Final
2025-02-37 16:36 c.b.S.StomachForceApplication-Starting StomachForceApplication using Java 17.0.13 with PID 19320 (C:\Users\Playdata\Desktop\StomachForce\build\classes\java\main started by Playdata in C:\Users\Playdata\Desktop\StomachForce)
2025-02-37 16:36 c.b.S.StomachForceApplication-No active profile set, falling back to 1 default profile: "default"
2025-02-37 16:36 o.s.d.r.c.RepositoryConfigurationDelegate-Multiple Spring Data modules found, entering strict repository configuration mode
2025-02-37 16:36 o.s.d.r.c.RepositoryConfigurationDelegate-Bootstrapping Spring Data JPA repositories in DEFAULT mode.
2025-02-37 16:36 o.s.d.r.c.RepositoryConfigurationDelegate-Finished Spring Data repository scanning in 172 ms. Found 10 JPA repository interfaces.
2025-02-37 16:36 o.s.d.r.c.RepositoryConfigurationDelegate-Multiple Spring Data modules found, entering strict repository configuration mode
2025-02-37 16:36 o.s.d.r.c.RepositoryConfigurationDelegate-Bootstrapping Spring Data Redis repositories in DEFAULT mode.
2025-02-37 16:36 o.s.d.r.c.RepositoryConfigurationExtensionSupport-Spring Data Redis - Could not safely identify store assignment for repository candidate interface com.beyond.StomachForce.Post.repository.LikeRepository; If you want this repository to be a Redis repository, consider annotating your entities with one of these annotations: org.springframework.data.redis.core.RedisHash (preferred), or consider extending one of the following types with your repository: org.springframework.data.keyvalue.repository.KeyValueRepository
2025-02-37 16:36 o.s.d.r.c.RepositoryConfigurationExtensionSupport-Spring Data Redis - Could not safely identify store assignment for repository candidate interface com.beyond.StomachForce.Post.repository.PostRepository; If you want this repository to be a Redis repository, consider annotating your entities with one of these annotations: org.springframework.data.redis.core.RedisHash (preferred), or consider extending one of the following types with your repository: org.springframework.data.keyvalue.repository.KeyValueRepository
2025-02-37 16:36 o.s.d.r.c.RepositoryConfigurationExtensionSupport-Spring Data Redis - Could not safely identify store assignment for repository candidate interface com.beyond.StomachForce.restaurant.repository.AddressRepository; If you want this repository to be a Redis repository, consider annotating your entities with one of these annotations: org.springframework.data.redis.core.RedisHash (preferred), or consider extending one of the following types with your repository: org.springframework.data.keyvalue.repository.KeyValueRepository
2025-02-37 16:36 o.s.d.r.c.RepositoryConfigurationExtensionSupport-Spring Data Redis - Could not safely identify store assignment for repository candidate interface com.beyond.StomachForce.restaurant.repository.BookmarkRepository; If you want this repository to be a Redis repository, consider annotating your entities with one of these annotations: org.springframework.data.redis.core.RedisHash (preferred), or consider extending one of the following types with your repository: org.springframework.data.keyvalue.repository.KeyValueRepository
2025-02-37 16:36 o.s.d.r.c.RepositoryConfigurationExtensionSupport-Spring Data Redis - Could not safely identify store assignment for repository candidate interface com.beyond.StomachForce.restaurant.repository.RestaurantConvenienceRepository; If you want this repository to be a Redis repository, consider annotating your entities with one of these annotations: org.springframework.data.redis.core.RedisHash (preferred), or consider extending one of the following types with your repository: org.springframework.data.keyvalue.repository.KeyValueRepository
2025-02-37 16:36 o.s.d.r.c.RepositoryConfigurationExtensionSupport-Spring Data Redis - Could not safely identify store assignment for repository candidate interface com.beyond.StomachForce.restaurant.repository.RestaurantPhotoRepository; If you want this repository to be a Redis repository, consider annotating your entities with one of these annotations: org.springframework.data.redis.core.RedisHash (preferred), or consider extending one of the following types with your repository: org.springframework.data.keyvalue.repository.KeyValueRepository
2025-02-37 16:36 o.s.d.r.c.RepositoryConfigurationExtensionSupport-Spring Data Redis - Could not safely identify store assignment for repository candidate interface com.beyond.StomachForce.restaurant.repository.RestaurantRepository; If you want this repository to be a Redis repository, consider annotating your entities with one of these annotations: org.springframework.data.redis.core.RedisHash (preferred), or consider extending one of the following types with your repository: org.springframework.data.keyvalue.repository.KeyValueRepository
2025-02-37 16:36 o.s.d.r.c.RepositoryConfigurationExtensionSupport-Spring Data Redis - Could not safely identify store assignment for repository candidate interface com.beyond.StomachForce.review.repository.ReviewPhotoRepository; If you want this repository to be a Redis repository, consider annotating your entities with one of these annotations: org.springframework.data.redis.core.RedisHash (preferred), or consider extending one of the following types with your repository: org.springframework.data.keyvalue.repository.KeyValueRepository
2025-02-37 16:36 o.s.d.r.c.RepositoryConfigurationExtensionSupport-Spring Data Redis - Could not safely identify store assignment for repository candidate interface com.beyond.StomachForce.review.repository.ReviewRepository; If you want this repository to be a Redis repository, consider annotating your entities with one of these annotations: org.springframework.data.redis.core.RedisHash (preferred), or consider extending one of the following types with your repository: org.springframework.data.keyvalue.repository.KeyValueRepository
2025-02-37 16:36 o.s.d.r.c.RepositoryConfigurationExtensionSupport-Spring Data Redis - Could not safely identify store assignment for repository candidate interface com.beyond.StomachForce.User.repository.UserRepository; If you want this repository to be a Redis repository, consider annotating your entities with one of these annotations: org.springframework.data.redis.core.RedisHash (preferred), or consider extending one of the following types with your repository: org.springframework.data.keyvalue.repository.KeyValueRepository
2025-02-37 16:36 o.s.d.r.c.RepositoryConfigurationDelegate-Finished Spring Data repository scanning in 18 ms. Found 0 Redis repository interfaces.
2025-02-37 16:36 o.s.b.w.e.tomcat.TomcatWebServer-Tomcat initialized with port 8080 (http)
2025-02-37 16:36 o.a.coyote.http11.Http11NioProtocol-Initializing ProtocolHandler ["http-nio-8080"]
2025-02-37 16:36 o.a.catalina.core.StandardService-Starting service [Tomcat]
2025-02-37 16:36 o.a.catalina.core.StandardEngine-Starting Servlet engine: [Apache Tomcat/10.1.34]
2025-02-37 16:36 o.a.c.c.C.[Tomcat].[localhost].[/]-Initializing Spring embedded WebApplicationContext
2025-02-37 16:36 o.s.b.w.s.c.ServletWebServerApplicationContext-Root WebApplicationContext: initialization completed in 2303 ms
2025-02-37 16:36 o.h.jpa.internal.util.LogHelper-HHH000204: Processing PersistenceUnitInfo [name: default]
2025-02-37 16:36 org.hibernate.Version-HHH000412: Hibernate ORM core version 6.6.5.Final
2025-02-37 16:36 o.h.c.i.RegionFactoryInitiator-HHH000026: Second-level cache disabled
2025-02-37 16:36 o.s.o.j.p.SpringPersistenceUnitInfo-No LoadTimeWeaver setup: ignoring JPA class transformer
2025-02-37 16:36 com.zaxxer.hikari.HikariDataSource-HikariPool-1 - Starting...
2025-02-37 16:36 com.zaxxer.hikari.pool.HikariPool-HikariPool-1 - Added connection org.mariadb.jdbc.Connection@5c60c08
2025-02-37 16:36 com.zaxxer.hikari.HikariDataSource-HikariPool-1 - Start completed.
2025-02-37 16:36 org.hibernate.orm.deprecation-HHH90000025: MariaDBDialect does not need to be specified explicitly using 'hibernate.dialect' (remove the property setting and it will be selected by default)
2025-02-37 16:36 o.hibernate.orm.connections.pooling-HHH10001005: Database info:
	Database JDBC URL [Connecting through datasource 'HikariDataSource (HikariPool-1)']
	Database driver: undefined/unknown
	Database version: 11.5.2
	Autocommit mode: undefined/unknown
	Isolation level: undefined/unknown
	Minimum pool size: undefined/unknown
	Maximum pool size: undefined/unknown
2025-02-37 16:36 o.h.e.t.j.p.i.JtaPlatformInitiator-HHH000489: No JTA platform available (set 'hibernate.transaction.jta.platform' to enable JTA platform integration)
2025-02-37 16:36 o.s.o.j.LocalContainerEntityManagerFactoryBean-Initialized JPA EntityManagerFactory for persistence unit 'default'
2025-02-37 16:36 o.s.d.j.r.query.QueryEnhancerFactory-Hibernate is in classpath; If applicable, HQL parser will be used.
2025-02-37 16:36 o.s.b.a.o.j.JpaBaseConfiguration$JpaWebConfiguration-spring.jpa.open-in-view is enabled by default. Therefore, database queries may be performed during view rendering. Explicitly configure spring.jpa.open-in-view to disable this warning
2025-02-37 16:36 o.s.b.a.s.s.UserDetailsServiceAutoConfiguration-

Using generated security password: 8e51c335-8e23-4b5f-b936-45f36266bc4f

This generated password is for development use only. Your security configuration must be updated before running your application in production.

2025-02-37 16:36 o.s.s.c.a.a.c.InitializeUserDetailsBeanManagerConfigurer$InitializeUserDetailsManagerConfigurer-Global AuthenticationManager configured with UserDetailsService bean with name inMemoryUserDetailsManager
2025-02-37 16:36 o.a.coyote.http11.Http11NioProtocol-Starting ProtocolHandler ["http-nio-8080"]
2025-02-37 16:36 o.s.b.w.e.tomcat.TomcatWebServer-Tomcat started on port 8080 (http) with context path '/'
2025-02-37 16:36 c.b.S.StomachForceApplication-Started StomachForceApplication in 7.73 seconds (process running for 8.347)
2025-02-37 16:37 o.h.validator.internal.util.Version-HV000001: Hibernate Validator 8.0.2.Final
2025-02-37 16:37 c.b.S.StomachForceApplication-Starting StomachForceApplication using Java 17.0.13 with PID 17172 (C:\Users\Playdata\Desktop\StomachForce\build\classes\java\main started by Playdata in C:\Users\Playdata\Desktop\StomachForce)
2025-02-37 16:37 c.b.S.StomachForceApplication-No active profile set, falling back to 1 default profile: "default"
2025-02-37 16:37 o.s.d.r.c.RepositoryConfigurationDelegate-Multiple Spring Data modules found, entering strict repository configuration mode
2025-02-37 16:37 o.s.d.r.c.RepositoryConfigurationDelegate-Bootstrapping Spring Data JPA repositories in DEFAULT mode.
2025-02-37 16:37 o.s.d.r.c.RepositoryConfigurationDelegate-Finished Spring Data repository scanning in 201 ms. Found 10 JPA repository interfaces.
2025-02-37 16:37 o.s.d.r.c.RepositoryConfigurationDelegate-Multiple Spring Data modules found, entering strict repository configuration mode
2025-02-37 16:37 o.s.d.r.c.RepositoryConfigurationDelegate-Bootstrapping Spring Data Redis repositories in DEFAULT mode.
2025-02-37 16:37 o.s.d.r.c.RepositoryConfigurationExtensionSupport-Spring Data Redis - Could not safely identify store assignment for repository candidate interface com.beyond.StomachForce.Post.repository.LikeRepository; If you want this repository to be a Redis repository, consider annotating your entities with one of these annotations: org.springframework.data.redis.core.RedisHash (preferred), or consider extending one of the following types with your repository: org.springframework.data.keyvalue.repository.KeyValueRepository
2025-02-37 16:37 o.s.d.r.c.RepositoryConfigurationExtensionSupport-Spring Data Redis - Could not safely identify store assignment for repository candidate interface com.beyond.StomachForce.Post.repository.PostRepository; If you want this repository to be a Redis repository, consider annotating your entities with one of these annotations: org.springframework.data.redis.core.RedisHash (preferred), or consider extending one of the following types with your repository: org.springframework.data.keyvalue.repository.KeyValueRepository
2025-02-37 16:37 o.s.d.r.c.RepositoryConfigurationExtensionSupport-Spring Data Redis - Could not safely identify store assignment for repository candidate interface com.beyond.StomachForce.restaurant.repository.AddressRepository; If you want this repository to be a Redis repository, consider annotating your entities with one of these annotations: org.springframework.data.redis.core.RedisHash (preferred), or consider extending one of the following types with your repository: org.springframework.data.keyvalue.repository.KeyValueRepository
2025-02-37 16:37 o.s.d.r.c.RepositoryConfigurationExtensionSupport-Spring Data Redis - Could not safely identify store assignment for repository candidate interface com.beyond.StomachForce.restaurant.repository.BookmarkRepository; If you want this repository to be a Redis repository, consider annotating your entities with one of these annotations: org.springframework.data.redis.core.RedisHash (preferred), or consider extending one of the following types with your repository: org.springframework.data.keyvalue.repository.KeyValueRepository
2025-02-37 16:37 o.s.d.r.c.RepositoryConfigurationExtensionSupport-Spring Data Redis - Could not safely identify store assignment for repository candidate interface com.beyond.StomachForce.restaurant.repository.RestaurantConvenienceRepository; If you want this repository to be a Redis repository, consider annotating your entities with one of these annotations: org.springframework.data.redis.core.RedisHash (preferred), or consider extending one of the following types with your repository: org.springframework.data.keyvalue.repository.KeyValueRepository
2025-02-37 16:37 o.s.d.r.c.RepositoryConfigurationExtensionSupport-Spring Data Redis - Could not safely identify store assignment for repository candidate interface com.beyond.StomachForce.restaurant.repository.RestaurantPhotoRepository; If you want this repository to be a Redis repository, consider annotating your entities with one of these annotations: org.springframework.data.redis.core.RedisHash (preferred), or consider extending one of the following types with your repository: org.springframework.data.keyvalue.repository.KeyValueRepository
2025-02-37 16:37 o.s.d.r.c.RepositoryConfigurationExtensionSupport-Spring Data Redis - Could not safely identify store assignment for repository candidate interface com.beyond.StomachForce.restaurant.repository.RestaurantRepository; If you want this repository to be a Redis repository, consider annotating your entities with one of these annotations: org.springframework.data.redis.core.RedisHash (preferred), or consider extending one of the following types with your repository: org.springframework.data.keyvalue.repository.KeyValueRepository
2025-02-37 16:37 o.s.d.r.c.RepositoryConfigurationExtensionSupport-Spring Data Redis - Could not safely identify store assignment for repository candidate interface com.beyond.StomachForce.review.repository.ReviewPhotoRepository; If you want this repository to be a Redis repository, consider annotating your entities with one of these annotations: org.springframework.data.redis.core.RedisHash (preferred), or consider extending one of the following types with your repository: org.springframework.data.keyvalue.repository.KeyValueRepository
2025-02-37 16:37 o.s.d.r.c.RepositoryConfigurationExtensionSupport-Spring Data Redis - Could not safely identify store assignment for repository candidate interface com.beyond.StomachForce.review.repository.ReviewRepository; If you want this repository to be a Redis repository, consider annotating your entities with one of these annotations: org.springframework.data.redis.core.RedisHash (preferred), or consider extending one of the following types with your repository: org.springframework.data.keyvalue.repository.KeyValueRepository
2025-02-37 16:37 o.s.d.r.c.RepositoryConfigurationExtensionSupport-Spring Data Redis - Could not safely identify store assignment for repository candidate interface com.beyond.StomachForce.User.repository.UserRepository; If you want this repository to be a Redis repository, consider annotating your entities with one of these annotations: org.springframework.data.redis.core.RedisHash (preferred), or consider extending one of the following types with your repository: org.springframework.data.keyvalue.repository.KeyValueRepository
2025-02-37 16:37 o.s.d.r.c.RepositoryConfigurationDelegate-Finished Spring Data repository scanning in 22 ms. Found 0 Redis repository interfaces.
2025-02-37 16:37 o.s.b.w.e.tomcat.TomcatWebServer-Tomcat initialized with port 8080 (http)
2025-02-37 16:37 o.a.coyote.http11.Http11NioProtocol-Initializing ProtocolHandler ["http-nio-8080"]
2025-02-37 16:37 o.a.catalina.core.StandardService-Starting service [Tomcat]
2025-02-37 16:37 o.a.catalina.core.StandardEngine-Starting Servlet engine: [Apache Tomcat/10.1.34]
2025-02-37 16:37 o.a.c.c.C.[Tomcat].[localhost].[/]-Initializing Spring embedded WebApplicationContext
2025-02-37 16:37 o.s.b.w.s.c.ServletWebServerApplicationContext-Root WebApplicationContext: initialization completed in 2224 ms
2025-02-37 16:37 o.h.jpa.internal.util.LogHelper-HHH000204: Processing PersistenceUnitInfo [name: default]
2025-02-37 16:37 org.hibernate.Version-HHH000412: Hibernate ORM core version 6.6.5.Final
2025-02-37 16:37 o.h.c.i.RegionFactoryInitiator-HHH000026: Second-level cache disabled
2025-02-37 16:37 o.s.o.j.p.SpringPersistenceUnitInfo-No LoadTimeWeaver setup: ignoring JPA class transformer
2025-02-37 16:37 com.zaxxer.hikari.HikariDataSource-HikariPool-1 - Starting...
2025-02-37 16:37 com.zaxxer.hikari.pool.HikariPool-HikariPool-1 - Added connection org.mariadb.jdbc.Connection@3b56947a
2025-02-37 16:37 com.zaxxer.hikari.HikariDataSource-HikariPool-1 - Start completed.
2025-02-37 16:37 org.hibernate.orm.deprecation-HHH90000025: MariaDBDialect does not need to be specified explicitly using 'hibernate.dialect' (remove the property setting and it will be selected by default)
2025-02-37 16:37 o.hibernate.orm.connections.pooling-HHH10001005: Database info:
	Database JDBC URL [Connecting through datasource 'HikariDataSource (HikariPool-1)']
	Database driver: undefined/unknown
	Database version: 11.5.2
	Autocommit mode: undefined/unknown
	Isolation level: undefined/unknown
	Minimum pool size: undefined/unknown
	Maximum pool size: undefined/unknown
2025-02-37 16:37 o.h.e.t.j.p.i.JtaPlatformInitiator-HHH000489: No JTA platform available (set 'hibernate.transaction.jta.platform' to enable JTA platform integration)
2025-02-37 16:37 o.s.o.j.LocalContainerEntityManagerFactoryBean-Initialized JPA EntityManagerFactory for persistence unit 'default'
2025-02-37 16:37 o.s.d.j.r.query.QueryEnhancerFactory-Hibernate is in classpath; If applicable, HQL parser will be used.
2025-02-37 16:37 o.s.b.a.o.j.JpaBaseConfiguration$JpaWebConfiguration-spring.jpa.open-in-view is enabled by default. Therefore, database queries may be performed during view rendering. Explicitly configure spring.jpa.open-in-view to disable this warning
2025-02-37 16:37 o.s.b.a.s.s.UserDetailsServiceAutoConfiguration-

Using generated security password: bd0031ce-cdf3-443f-9c78-51bad999e9a4

This generated password is for development use only. Your security configuration must be updated before running your application in production.

2025-02-37 16:37 o.s.s.c.a.a.c.InitializeUserDetailsBeanManagerConfigurer$InitializeUserDetailsManagerConfigurer-Global AuthenticationManager configured with UserDetailsService bean with name inMemoryUserDetailsManager
2025-02-37 16:37 o.a.coyote.http11.Http11NioProtocol-Starting ProtocolHandler ["http-nio-8080"]
2025-02-37 16:37 o.s.b.w.e.tomcat.TomcatWebServer-Tomcat started on port 8080 (http) with context path '/'
2025-02-37 16:37 c.b.S.StomachForceApplication-Started StomachForceApplication in 7.595 seconds (process running for 8.199)
2025-02-37 16:39 o.h.validator.internal.util.Version-HV000001: Hibernate Validator 8.0.2.Final
2025-02-37 16:39 c.b.S.StomachForceApplication-Starting StomachForceApplication using Java 17.0.13 with PID 944 (C:\Users\Playdata\Desktop\StomachForce\build\classes\java\main started by Playdata in C:\Users\Playdata\Desktop\StomachForce)
2025-02-37 16:39 c.b.S.StomachForceApplication-No active profile set, falling back to 1 default profile: "default"
2025-02-37 16:39 o.s.d.r.c.RepositoryConfigurationDelegate-Multiple Spring Data modules found, entering strict repository configuration mode
2025-02-37 16:39 o.s.d.r.c.RepositoryConfigurationDelegate-Bootstrapping Spring Data JPA repositories in DEFAULT mode.
2025-02-37 16:39 o.s.d.r.c.RepositoryConfigurationDelegate-Finished Spring Data repository scanning in 169 ms. Found 10 JPA repository interfaces.
2025-02-37 16:39 o.s.d.r.c.RepositoryConfigurationDelegate-Multiple Spring Data modules found, entering strict repository configuration mode
2025-02-37 16:39 o.s.d.r.c.RepositoryConfigurationDelegate-Bootstrapping Spring Data Redis repositories in DEFAULT mode.
2025-02-37 16:39 o.s.d.r.c.RepositoryConfigurationExtensionSupport-Spring Data Redis - Could not safely identify store assignment for repository candidate interface com.beyond.StomachForce.Post.repository.LikeRepository; If you want this repository to be a Redis repository, consider annotating your entities with one of these annotations: org.springframework.data.redis.core.RedisHash (preferred), or consider extending one of the following types with your repository: org.springframework.data.keyvalue.repository.KeyValueRepository
2025-02-37 16:39 o.s.d.r.c.RepositoryConfigurationExtensionSupport-Spring Data Redis - Could not safely identify store assignment for repository candidate interface com.beyond.StomachForce.Post.repository.PostRepository; If you want this repository to be a Redis repository, consider annotating your entities with one of these annotations: org.springframework.data.redis.core.RedisHash (preferred), or consider extending one of the following types with your repository: org.springframework.data.keyvalue.repository.KeyValueRepository
2025-02-37 16:39 o.s.d.r.c.RepositoryConfigurationExtensionSupport-Spring Data Redis - Could not safely identify store assignment for repository candidate interface com.beyond.StomachForce.restaurant.repository.AddressRepository; If you want this repository to be a Redis repository, consider annotating your entities with one of these annotations: org.springframework.data.redis.core.RedisHash (preferred), or consider extending one of the following types with your repository: org.springframework.data.keyvalue.repository.KeyValueRepository
2025-02-37 16:39 o.s.d.r.c.RepositoryConfigurationExtensionSupport-Spring Data Redis - Could not safely identify store assignment for repository candidate interface com.beyond.StomachForce.restaurant.repository.BookmarkRepository; If you want this repository to be a Redis repository, consider annotating your entities with one of these annotations: org.springframework.data.redis.core.RedisHash (preferred), or consider extending one of the following types with your repository: org.springframework.data.keyvalue.repository.KeyValueRepository
2025-02-37 16:39 o.s.d.r.c.RepositoryConfigurationExtensionSupport-Spring Data Redis - Could not safely identify store assignment for repository candidate interface com.beyond.StomachForce.restaurant.repository.RestaurantConvenienceRepository; If you want this repository to be a Redis repository, consider annotating your entities with one of these annotations: org.springframework.data.redis.core.RedisHash (preferred), or consider extending one of the following types with your repository: org.springframework.data.keyvalue.repository.KeyValueRepository
2025-02-37 16:39 o.s.d.r.c.RepositoryConfigurationExtensionSupport-Spring Data Redis - Could not safely identify store assignment for repository candidate interface com.beyond.StomachForce.restaurant.repository.RestaurantPhotoRepository; If you want this repository to be a Redis repository, consider annotating your entities with one of these annotations: org.springframework.data.redis.core.RedisHash (preferred), or consider extending one of the following types with your repository: org.springframework.data.keyvalue.repository.KeyValueRepository
2025-02-37 16:39 o.s.d.r.c.RepositoryConfigurationExtensionSupport-Spring Data Redis - Could not safely identify store assignment for repository candidate interface com.beyond.StomachForce.restaurant.repository.RestaurantRepository; If you want this repository to be a Redis repository, consider annotating your entities with one of these annotations: org.springframework.data.redis.core.RedisHash (preferred), or consider extending one of the following types with your repository: org.springframework.data.keyvalue.repository.KeyValueRepository
2025-02-37 16:39 o.s.d.r.c.RepositoryConfigurationExtensionSupport-Spring Data Redis - Could not safely identify store assignment for repository candidate interface com.beyond.StomachForce.review.repository.ReviewPhotoRepository; If you want this repository to be a Redis repository, consider annotating your entities with one of these annotations: org.springframework.data.redis.core.RedisHash (preferred), or consider extending one of the following types with your repository: org.springframework.data.keyvalue.repository.KeyValueRepository
2025-02-37 16:39 o.s.d.r.c.RepositoryConfigurationExtensionSupport-Spring Data Redis - Could not safely identify store assignment for repository candidate interface com.beyond.StomachForce.review.repository.ReviewRepository; If you want this repository to be a Redis repository, consider annotating your entities with one of these annotations: org.springframework.data.redis.core.RedisHash (preferred), or consider extending one of the following types with your repository: org.springframework.data.keyvalue.repository.KeyValueRepository
2025-02-37 16:39 o.s.d.r.c.RepositoryConfigurationExtensionSupport-Spring Data Redis - Could not safely identify store assignment for repository candidate interface com.beyond.StomachForce.User.repository.UserRepository; If you want this repository to be a Redis repository, consider annotating your entities with one of these annotations: org.springframework.data.redis.core.RedisHash (preferred), or consider extending one of the following types with your repository: org.springframework.data.keyvalue.repository.KeyValueRepository
2025-02-37 16:39 o.s.d.r.c.RepositoryConfigurationDelegate-Finished Spring Data repository scanning in 15 ms. Found 0 Redis repository interfaces.
2025-02-37 16:39 o.s.b.w.e.tomcat.TomcatWebServer-Tomcat initialized with port 8080 (http)
2025-02-37 16:39 o.a.coyote.http11.Http11NioProtocol-Initializing ProtocolHandler ["http-nio-8080"]
2025-02-37 16:39 o.a.catalina.core.StandardService-Starting service [Tomcat]
2025-02-37 16:39 o.a.catalina.core.StandardEngine-Starting Servlet engine: [Apache Tomcat/10.1.34]
2025-02-37 16:39 o.a.c.c.C.[Tomcat].[localhost].[/]-Initializing Spring embedded WebApplicationContext
2025-02-37 16:39 o.s.b.w.s.c.ServletWebServerApplicationContext-Root WebApplicationContext: initialization completed in 2204 ms
2025-02-37 16:39 o.h.jpa.internal.util.LogHelper-HHH000204: Processing PersistenceUnitInfo [name: default]
2025-02-37 16:39 org.hibernate.Version-HHH000412: Hibernate ORM core version 6.6.5.Final
2025-02-37 16:39 o.h.c.i.RegionFactoryInitiator-HHH000026: Second-level cache disabled
2025-02-37 16:39 o.s.o.j.p.SpringPersistenceUnitInfo-No LoadTimeWeaver setup: ignoring JPA class transformer
2025-02-37 16:39 com.zaxxer.hikari.HikariDataSource-HikariPool-1 - Starting...
2025-02-37 16:39 com.zaxxer.hikari.pool.HikariPool-HikariPool-1 - Added connection org.mariadb.jdbc.Connection@1eb9d69a
2025-02-37 16:39 com.zaxxer.hikari.HikariDataSource-HikariPool-1 - Start completed.
2025-02-37 16:39 org.hibernate.orm.deprecation-HHH90000025: MariaDBDialect does not need to be specified explicitly using 'hibernate.dialect' (remove the property setting and it will be selected by default)
2025-02-37 16:39 o.hibernate.orm.connections.pooling-HHH10001005: Database info:
	Database JDBC URL [Connecting through datasource 'HikariDataSource (HikariPool-1)']
	Database driver: undefined/unknown
	Database version: 11.5.2
	Autocommit mode: undefined/unknown
	Isolation level: undefined/unknown
	Minimum pool size: undefined/unknown
	Maximum pool size: undefined/unknown
2025-02-37 16:39 o.h.e.t.j.p.i.JtaPlatformInitiator-HHH000489: No JTA platform available (set 'hibernate.transaction.jta.platform' to enable JTA platform integration)
2025-02-37 16:39 o.s.o.j.LocalContainerEntityManagerFactoryBean-Initialized JPA EntityManagerFactory for persistence unit 'default'
2025-02-37 16:39 o.s.d.j.r.query.QueryEnhancerFactory-Hibernate is in classpath; If applicable, HQL parser will be used.
2025-02-37 16:39 o.s.b.a.o.j.JpaBaseConfiguration$JpaWebConfiguration-spring.jpa.open-in-view is enabled by default. Therefore, database queries may be performed during view rendering. Explicitly configure spring.jpa.open-in-view to disable this warning
2025-02-37 16:39 o.s.b.a.s.s.UserDetailsServiceAutoConfiguration-

Using generated security password: 82b03632-251b-4a6a-b417-2960439a5a14

This generated password is for development use only. Your security configuration must be updated before running your application in production.

2025-02-37 16:39 o.s.s.c.a.a.c.InitializeUserDetailsBeanManagerConfigurer$InitializeUserDetailsManagerConfigurer-Global AuthenticationManager configured with UserDetailsService bean with name inMemoryUserDetailsManager
2025-02-37 16:39 o.a.coyote.http11.Http11NioProtocol-Starting ProtocolHandler ["http-nio-8080"]
2025-02-37 16:39 o.s.b.w.e.tomcat.TomcatWebServer-Tomcat started on port 8080 (http) with context path '/'
2025-02-37 16:39 c.b.S.StomachForceApplication-Started StomachForceApplication in 7.65 seconds (process running for 8.245)
2025-02-37 16:40 o.h.validator.internal.util.Version-HV000001: Hibernate Validator 8.0.2.Final
2025-02-37 16:40 c.b.S.StomachForceApplication-Starting StomachForceApplication using Java 17.0.13 with PID 11036 (C:\Users\Playdata\Desktop\StomachForce\build\classes\java\main started by Playdata in C:\Users\Playdata\Desktop\StomachForce)
2025-02-37 16:40 c.b.S.StomachForceApplication-No active profile set, falling back to 1 default profile: "default"
2025-02-37 16:40 o.s.d.r.c.RepositoryConfigurationDelegate-Multiple Spring Data modules found, entering strict repository configuration mode
2025-02-37 16:40 o.s.d.r.c.RepositoryConfigurationDelegate-Bootstrapping Spring Data JPA repositories in DEFAULT mode.
2025-02-37 16:40 o.s.d.r.c.RepositoryConfigurationDelegate-Finished Spring Data repository scanning in 199 ms. Found 10 JPA repository interfaces.
2025-02-37 16:40 o.s.d.r.c.RepositoryConfigurationDelegate-Multiple Spring Data modules found, entering strict repository configuration mode
2025-02-37 16:40 o.s.d.r.c.RepositoryConfigurationDelegate-Bootstrapping Spring Data Redis repositories in DEFAULT mode.
2025-02-37 16:40 o.s.d.r.c.RepositoryConfigurationExtensionSupport-Spring Data Redis - Could not safely identify store assignment for repository candidate interface com.beyond.StomachForce.Post.repository.LikeRepository; If you want this repository to be a Redis repository, consider annotating your entities with one of these annotations: org.springframework.data.redis.core.RedisHash (preferred), or consider extending one of the following types with your repository: org.springframework.data.keyvalue.repository.KeyValueRepository
2025-02-37 16:40 o.s.d.r.c.RepositoryConfigurationExtensionSupport-Spring Data Redis - Could not safely identify store assignment for repository candidate interface com.beyond.StomachForce.Post.repository.PostRepository; If you want this repository to be a Redis repository, consider annotating your entities with one of these annotations: org.springframework.data.redis.core.RedisHash (preferred), or consider extending one of the following types with your repository: org.springframework.data.keyvalue.repository.KeyValueRepository
2025-02-37 16:40 o.s.d.r.c.RepositoryConfigurationExtensionSupport-Spring Data Redis - Could not safely identify store assignment for repository candidate interface com.beyond.StomachForce.restaurant.repository.AddressRepository; If you want this repository to be a Redis repository, consider annotating your entities with one of these annotations: org.springframework.data.redis.core.RedisHash (preferred), or consider extending one of the following types with your repository: org.springframework.data.keyvalue.repository.KeyValueRepository
2025-02-37 16:40 o.s.d.r.c.RepositoryConfigurationExtensionSupport-Spring Data Redis - Could not safely identify store assignment for repository candidate interface com.beyond.StomachForce.restaurant.repository.BookmarkRepository; If you want this repository to be a Redis repository, consider annotating your entities with one of these annotations: org.springframework.data.redis.core.RedisHash (preferred), or consider extending one of the following types with your repository: org.springframework.data.keyvalue.repository.KeyValueRepository
2025-02-37 16:40 o.s.d.r.c.RepositoryConfigurationExtensionSupport-Spring Data Redis - Could not safely identify store assignment for repository candidate interface com.beyond.StomachForce.restaurant.repository.RestaurantConvenienceRepository; If you want this repository to be a Redis repository, consider annotating your entities with one of these annotations: org.springframework.data.redis.core.RedisHash (preferred), or consider extending one of the following types with your repository: org.springframework.data.keyvalue.repository.KeyValueRepository
2025-02-37 16:40 o.s.d.r.c.RepositoryConfigurationExtensionSupport-Spring Data Redis - Could not safely identify store assignment for repository candidate interface com.beyond.StomachForce.restaurant.repository.RestaurantPhotoRepository; If you want this repository to be a Redis repository, consider annotating your entities with one of these annotations: org.springframework.data.redis.core.RedisHash (preferred), or consider extending one of the following types with your repository: org.springframework.data.keyvalue.repository.KeyValueRepository
2025-02-37 16:40 o.s.d.r.c.RepositoryConfigurationExtensionSupport-Spring Data Redis - Could not safely identify store assignment for repository candidate interface com.beyond.StomachForce.restaurant.repository.RestaurantRepository; If you want this repository to be a Redis repository, consider annotating your entities with one of these annotations: org.springframework.data.redis.core.RedisHash (preferred), or consider extending one of the following types with your repository: org.springframework.data.keyvalue.repository.KeyValueRepository
2025-02-37 16:40 o.s.d.r.c.RepositoryConfigurationExtensionSupport-Spring Data Redis - Could not safely identify store assignment for repository candidate interface com.beyond.StomachForce.review.repository.ReviewPhotoRepository; If you want this repository to be a Redis repository, consider annotating your entities with one of these annotations: org.springframework.data.redis.core.RedisHash (preferred), or consider extending one of the following types with your repository: org.springframework.data.keyvalue.repository.KeyValueRepository
2025-02-37 16:40 o.s.d.r.c.RepositoryConfigurationExtensionSupport-Spring Data Redis - Could not safely identify store assignment for repository candidate interface com.beyond.StomachForce.review.repository.ReviewRepository; If you want this repository to be a Redis repository, consider annotating your entities with one of these annotations: org.springframework.data.redis.core.RedisHash (preferred), or consider extending one of the following types with your repository: org.springframework.data.keyvalue.repository.KeyValueRepository
2025-02-37 16:40 o.s.d.r.c.RepositoryConfigurationExtensionSupport-Spring Data Redis - Could not safely identify store assignment for repository candidate interface com.beyond.StomachForce.User.repository.UserRepository; If you want this repository to be a Redis repository, consider annotating your entities with one of these annotations: org.springframework.data.redis.core.RedisHash (preferred), or consider extending one of the following types with your repository: org.springframework.data.keyvalue.repository.KeyValueRepository
2025-02-37 16:40 o.s.d.r.c.RepositoryConfigurationDelegate-Finished Spring Data repository scanning in 29 ms. Found 0 Redis repository interfaces.
2025-02-37 16:40 o.s.b.w.e.tomcat.TomcatWebServer-Tomcat initialized with port 8080 (http)
2025-02-37 16:40 o.a.coyote.http11.Http11NioProtocol-Initializing ProtocolHandler ["http-nio-8080"]
2025-02-37 16:40 o.a.catalina.core.StandardService-Starting service [Tomcat]
2025-02-37 16:40 o.a.catalina.core.StandardEngine-Starting Servlet engine: [Apache Tomcat/10.1.34]
2025-02-37 16:40 o.a.c.c.C.[Tomcat].[localhost].[/]-Initializing Spring embedded WebApplicationContext
2025-02-37 16:40 o.s.b.w.s.c.ServletWebServerApplicationContext-Root WebApplicationContext: initialization completed in 2168 ms
2025-02-37 16:40 o.h.jpa.internal.util.LogHelper-HHH000204: Processing PersistenceUnitInfo [name: default]
2025-02-37 16:40 org.hibernate.Version-HHH000412: Hibernate ORM core version 6.6.5.Final
2025-02-37 16:40 o.h.c.i.RegionFactoryInitiator-HHH000026: Second-level cache disabled
2025-02-37 16:40 o.s.o.j.p.SpringPersistenceUnitInfo-No LoadTimeWeaver setup: ignoring JPA class transformer
2025-02-37 16:40 com.zaxxer.hikari.HikariDataSource-HikariPool-1 - Starting...
2025-02-37 16:40 com.zaxxer.hikari.pool.HikariPool-HikariPool-1 - Added connection org.mariadb.jdbc.Connection@69f3e556
2025-02-37 16:40 com.zaxxer.hikari.HikariDataSource-HikariPool-1 - Start completed.
2025-02-37 16:40 org.hibernate.orm.deprecation-HHH90000025: MariaDBDialect does not need to be specified explicitly using 'hibernate.dialect' (remove the property setting and it will be selected by default)
2025-02-37 16:40 o.hibernate.orm.connections.pooling-HHH10001005: Database info:
	Database JDBC URL [Connecting through datasource 'HikariDataSource (HikariPool-1)']
	Database driver: undefined/unknown
	Database version: 11.5.2
	Autocommit mode: undefined/unknown
	Isolation level: undefined/unknown
	Minimum pool size: undefined/unknown
	Maximum pool size: undefined/unknown
2025-02-37 16:40 o.h.e.t.j.p.i.JtaPlatformInitiator-HHH000489: No JTA platform available (set 'hibernate.transaction.jta.platform' to enable JTA platform integration)
2025-02-37 16:40 o.s.o.j.LocalContainerEntityManagerFactoryBean-Initialized JPA EntityManagerFactory for persistence unit 'default'
2025-02-37 16:40 o.s.d.j.r.query.QueryEnhancerFactory-Hibernate is in classpath; If applicable, HQL parser will be used.
2025-02-37 16:40 o.s.b.a.o.j.JpaBaseConfiguration$JpaWebConfiguration-spring.jpa.open-in-view is enabled by default. Therefore, database queries may be performed during view rendering. Explicitly configure spring.jpa.open-in-view to disable this warning
2025-02-37 16:40 o.s.b.a.s.s.UserDetailsServiceAutoConfiguration-

Using generated security password: c89f53f8-5dee-40e3-8d2a-19506901bd51

This generated password is for development use only. Your security configuration must be updated before running your application in production.

2025-02-37 16:40 o.s.s.c.a.a.c.InitializeUserDetailsBeanManagerConfigurer$InitializeUserDetailsManagerConfigurer-Global AuthenticationManager configured with UserDetailsService bean with name inMemoryUserDetailsManager
2025-02-37 16:40 o.a.coyote.http11.Http11NioProtocol-Starting ProtocolHandler ["http-nio-8080"]
2025-02-37 16:40 o.s.b.w.e.tomcat.TomcatWebServer-Tomcat started on port 8080 (http) with context path '/'
2025-02-37 16:40 c.b.S.StomachForceApplication-Started StomachForceApplication in 8.079 seconds (process running for 8.706)
2025-02-37 16:40 o.a.c.c.C.[Tomcat].[localhost].[/]-Initializing Spring DispatcherServlet 'dispatcherServlet'
2025-02-37 16:40 o.s.web.servlet.DispatcherServlet-Initializing Servlet 'dispatcherServlet'
2025-02-37 16:40 o.s.web.servlet.DispatcherServlet-Completed initialization in 2 ms
2025-02-37 16:41 o.h.validator.internal.util.Version-HV000001: Hibernate Validator 8.0.2.Final
2025-02-37 16:41 c.b.S.StomachForceApplication-Starting StomachForceApplication using Java 17.0.13 with PID 22304 (C:\Users\Playdata\Desktop\StomachForce\build\classes\java\main started by Playdata in C:\Users\Playdata\Desktop\StomachForce)
2025-02-37 16:41 c.b.S.StomachForceApplication-No active profile set, falling back to 1 default profile: "default"
2025-02-37 16:41 o.s.d.r.c.RepositoryConfigurationDelegate-Multiple Spring Data modules found, entering strict repository configuration mode
2025-02-37 16:41 o.s.d.r.c.RepositoryConfigurationDelegate-Bootstrapping Spring Data JPA repositories in DEFAULT mode.
2025-02-37 16:41 o.s.d.r.c.RepositoryConfigurationDelegate-Finished Spring Data repository scanning in 195 ms. Found 10 JPA repository interfaces.
2025-02-37 16:41 o.s.d.r.c.RepositoryConfigurationDelegate-Multiple Spring Data modules found, entering strict repository configuration mode
2025-02-37 16:41 o.s.d.r.c.RepositoryConfigurationDelegate-Bootstrapping Spring Data Redis repositories in DEFAULT mode.
2025-02-37 16:41 o.s.d.r.c.RepositoryConfigurationExtensionSupport-Spring Data Redis - Could not safely identify store assignment for repository candidate interface com.beyond.StomachForce.Post.repository.LikeRepository; If you want this repository to be a Redis repository, consider annotating your entities with one of these annotations: org.springframework.data.redis.core.RedisHash (preferred), or consider extending one of the following types with your repository: org.springframework.data.keyvalue.repository.KeyValueRepository
2025-02-37 16:41 o.s.d.r.c.RepositoryConfigurationExtensionSupport-Spring Data Redis - Could not safely identify store assignment for repository candidate interface com.beyond.StomachForce.Post.repository.PostRepository; If you want this repository to be a Redis repository, consider annotating your entities with one of these annotations: org.springframework.data.redis.core.RedisHash (preferred), or consider extending one of the following types with your repository: org.springframework.data.keyvalue.repository.KeyValueRepository
2025-02-37 16:41 o.s.d.r.c.RepositoryConfigurationExtensionSupport-Spring Data Redis - Could not safely identify store assignment for repository candidate interface com.beyond.StomachForce.restaurant.repository.AddressRepository; If you want this repository to be a Redis repository, consider annotating your entities with one of these annotations: org.springframework.data.redis.core.RedisHash (preferred), or consider extending one of the following types with your repository: org.springframework.data.keyvalue.repository.KeyValueRepository
2025-02-37 16:41 o.s.d.r.c.RepositoryConfigurationExtensionSupport-Spring Data Redis - Could not safely identify store assignment for repository candidate interface com.beyond.StomachForce.restaurant.repository.BookmarkRepository; If you want this repository to be a Redis repository, consider annotating your entities with one of these annotations: org.springframework.data.redis.core.RedisHash (preferred), or consider extending one of the following types with your repository: org.springframework.data.keyvalue.repository.KeyValueRepository
2025-02-37 16:41 o.s.d.r.c.RepositoryConfigurationExtensionSupport-Spring Data Redis - Could not safely identify store assignment for repository candidate interface com.beyond.StomachForce.restaurant.repository.RestaurantConvenienceRepository; If you want this repository to be a Redis repository, consider annotating your entities with one of these annotations: org.springframework.data.redis.core.RedisHash (preferred), or consider extending one of the following types with your repository: org.springframework.data.keyvalue.repository.KeyValueRepository
2025-02-37 16:41 o.s.d.r.c.RepositoryConfigurationExtensionSupport-Spring Data Redis - Could not safely identify store assignment for repository candidate interface com.beyond.StomachForce.restaurant.repository.RestaurantPhotoRepository; If you want this repository to be a Redis repository, consider annotating your entities with one of these annotations: org.springframework.data.redis.core.RedisHash (preferred), or consider extending one of the following types with your repository: org.springframework.data.keyvalue.repository.KeyValueRepository
2025-02-37 16:41 o.s.d.r.c.RepositoryConfigurationExtensionSupport-Spring Data Redis - Could not safely identify store assignment for repository candidate interface com.beyond.StomachForce.restaurant.repository.RestaurantRepository; If you want this repository to be a Redis repository, consider annotating your entities with one of these annotations: org.springframework.data.redis.core.RedisHash (preferred), or consider extending one of the following types with your repository: org.springframework.data.keyvalue.repository.KeyValueRepository
2025-02-37 16:41 o.s.d.r.c.RepositoryConfigurationExtensionSupport-Spring Data Redis - Could not safely identify store assignment for repository candidate interface com.beyond.StomachForce.review.repository.ReviewPhotoRepository; If you want this repository to be a Redis repository, consider annotating your entities with one of these annotations: org.springframework.data.redis.core.RedisHash (preferred), or consider extending one of the following types with your repository: org.springframework.data.keyvalue.repository.KeyValueRepository
2025-02-37 16:41 o.s.d.r.c.RepositoryConfigurationExtensionSupport-Spring Data Redis - Could not safely identify store assignment for repository candidate interface com.beyond.StomachForce.review.repository.ReviewRepository; If you want this repository to be a Redis repository, consider annotating your entities with one of these annotations: org.springframework.data.redis.core.RedisHash (preferred), or consider extending one of the following types with your repository: org.springframework.data.keyvalue.repository.KeyValueRepository
2025-02-37 16:41 o.s.d.r.c.RepositoryConfigurationExtensionSupport-Spring Data Redis - Could not safely identify store assignment for repository candidate interface com.beyond.StomachForce.User.repository.UserRepository; If you want this repository to be a Redis repository, consider annotating your entities with one of these annotations: org.springframework.data.redis.core.RedisHash (preferred), or consider extending one of the following types with your repository: org.springframework.data.keyvalue.repository.KeyValueRepository
2025-02-37 16:41 o.s.d.r.c.RepositoryConfigurationDelegate-Finished Spring Data repository scanning in 17 ms. Found 0 Redis repository interfaces.
2025-02-37 16:41 o.s.b.w.e.tomcat.TomcatWebServer-Tomcat initialized with port 8080 (http)
2025-02-37 16:41 o.a.coyote.http11.Http11NioProtocol-Initializing ProtocolHandler ["http-nio-8080"]
2025-02-37 16:41 o.a.catalina.core.StandardService-Starting service [Tomcat]
2025-02-37 16:41 o.a.catalina.core.StandardEngine-Starting Servlet engine: [Apache Tomcat/10.1.34]
2025-02-37 16:41 o.a.c.c.C.[Tomcat].[localhost].[/]-Initializing Spring embedded WebApplicationContext
2025-02-37 16:41 o.s.b.w.s.c.ServletWebServerApplicationContext-Root WebApplicationContext: initialization completed in 2168 ms
2025-02-37 16:41 o.h.jpa.internal.util.LogHelper-HHH000204: Processing PersistenceUnitInfo [name: default]
2025-02-37 16:41 org.hibernate.Version-HHH000412: Hibernate ORM core version 6.6.5.Final
2025-02-37 16:41 o.h.c.i.RegionFactoryInitiator-HHH000026: Second-level cache disabled
2025-02-37 16:41 o.s.o.j.p.SpringPersistenceUnitInfo-No LoadTimeWeaver setup: ignoring JPA class transformer
2025-02-37 16:41 com.zaxxer.hikari.HikariDataSource-HikariPool-1 - Starting...
2025-02-37 16:41 com.zaxxer.hikari.pool.HikariPool-HikariPool-1 - Added connection org.mariadb.jdbc.Connection@5ee581db
2025-02-37 16:41 com.zaxxer.hikari.HikariDataSource-HikariPool-1 - Start completed.
2025-02-37 16:41 org.hibernate.orm.deprecation-HHH90000025: MariaDBDialect does not need to be specified explicitly using 'hibernate.dialect' (remove the property setting and it will be selected by default)
2025-02-37 16:41 o.hibernate.orm.connections.pooling-HHH10001005: Database info:
	Database JDBC URL [Connecting through datasource 'HikariDataSource (HikariPool-1)']
	Database driver: undefined/unknown
	Database version: 11.5.2
	Autocommit mode: undefined/unknown
	Isolation level: undefined/unknown
	Minimum pool size: undefined/unknown
	Maximum pool size: undefined/unknown
2025-02-37 16:41 o.h.e.t.j.p.i.JtaPlatformInitiator-HHH000489: No JTA platform available (set 'hibernate.transaction.jta.platform' to enable JTA platform integration)
2025-02-37 16:41 o.s.o.j.LocalContainerEntityManagerFactoryBean-Initialized JPA EntityManagerFactory for persistence unit 'default'
2025-02-37 16:41 o.s.d.j.r.query.QueryEnhancerFactory-Hibernate is in classpath; If applicable, HQL parser will be used.
2025-02-37 16:41 o.s.b.a.o.j.JpaBaseConfiguration$JpaWebConfiguration-spring.jpa.open-in-view is enabled by default. Therefore, database queries may be performed during view rendering. Explicitly configure spring.jpa.open-in-view to disable this warning
2025-02-37 16:41 o.s.b.a.s.s.UserDetailsServiceAutoConfiguration-

Using generated security password: 0adae091-79b5-4ffe-95d1-76cd1215395e

This generated password is for development use only. Your security configuration must be updated before running your application in production.

2025-02-37 16:41 o.s.s.c.a.a.c.InitializeUserDetailsBeanManagerConfigurer$InitializeUserDetailsManagerConfigurer-Global AuthenticationManager configured with UserDetailsService bean with name inMemoryUserDetailsManager
2025-02-37 16:41 o.a.coyote.http11.Http11NioProtocol-Starting ProtocolHandler ["http-nio-8080"]
2025-02-37 16:41 o.s.b.w.e.tomcat.TomcatWebServer-Tomcat started on port 8080 (http) with context path '/'
2025-02-37 16:41 c.b.S.StomachForceApplication-Started StomachForceApplication in 8.059 seconds (process running for 8.7)
2025-02-37 16:41 o.a.c.c.C.[Tomcat].[localhost].[/]-Initializing Spring DispatcherServlet 'dispatcherServlet'
2025-02-37 16:41 o.s.web.servlet.DispatcherServlet-Initializing Servlet 'dispatcherServlet'
2025-02-37 16:41 o.s.web.servlet.DispatcherServlet-Completed initialization in 3 ms
2025-02-37 16:43 o.h.validator.internal.util.Version-HV000001: Hibernate Validator 8.0.2.Final
2025-02-37 16:43 c.b.S.StomachForceApplication-Starting StomachForceApplication using Java 17.0.13 with PID 10844 (C:\Users\Playdata\Desktop\StomachForce\build\classes\java\main started by Playdata in C:\Users\Playdata\Desktop\StomachForce)
2025-02-37 16:43 c.b.S.StomachForceApplication-No active profile set, falling back to 1 default profile: "default"
2025-02-37 16:43 o.s.d.r.c.RepositoryConfigurationDelegate-Multiple Spring Data modules found, entering strict repository configuration mode
2025-02-37 16:43 o.s.d.r.c.RepositoryConfigurationDelegate-Bootstrapping Spring Data JPA repositories in DEFAULT mode.
2025-02-37 16:43 o.s.d.r.c.RepositoryConfigurationDelegate-Finished Spring Data repository scanning in 257 ms. Found 10 JPA repository interfaces.
2025-02-37 16:43 o.s.d.r.c.RepositoryConfigurationDelegate-Multiple Spring Data modules found, entering strict repository configuration mode
2025-02-37 16:43 o.s.d.r.c.RepositoryConfigurationDelegate-Bootstrapping Spring Data Redis repositories in DEFAULT mode.
2025-02-37 16:43 o.s.d.r.c.RepositoryConfigurationExtensionSupport-Spring Data Redis - Could not safely identify store assignment for repository candidate interface com.beyond.StomachForce.Post.repository.LikeRepository; If you want this repository to be a Redis repository, consider annotating your entities with one of these annotations: org.springframework.data.redis.core.RedisHash (preferred), or consider extending one of the following types with your repository: org.springframework.data.keyvalue.repository.KeyValueRepository
2025-02-37 16:43 o.s.d.r.c.RepositoryConfigurationExtensionSupport-Spring Data Redis - Could not safely identify store assignment for repository candidate interface com.beyond.StomachForce.Post.repository.PostRepository; If you want this repository to be a Redis repository, consider annotating your entities with one of these annotations: org.springframework.data.redis.core.RedisHash (preferred), or consider extending one of the following types with your repository: org.springframework.data.keyvalue.repository.KeyValueRepository
2025-02-37 16:43 o.s.d.r.c.RepositoryConfigurationExtensionSupport-Spring Data Redis - Could not safely identify store assignment for repository candidate interface com.beyond.StomachForce.restaurant.repository.AddressRepository; If you want this repository to be a Redis repository, consider annotating your entities with one of these annotations: org.springframework.data.redis.core.RedisHash (preferred), or consider extending one of the following types with your repository: org.springframework.data.keyvalue.repository.KeyValueRepository
2025-02-37 16:43 o.s.d.r.c.RepositoryConfigurationExtensionSupport-Spring Data Redis - Could not safely identify store assignment for repository candidate interface com.beyond.StomachForce.restaurant.repository.BookmarkRepository; If you want this repository to be a Redis repository, consider annotating your entities with one of these annotations: org.springframework.data.redis.core.RedisHash (preferred), or consider extending one of the following types with your repository: org.springframework.data.keyvalue.repository.KeyValueRepository
2025-02-37 16:43 o.s.d.r.c.RepositoryConfigurationExtensionSupport-Spring Data Redis - Could not safely identify store assignment for repository candidate interface com.beyond.StomachForce.restaurant.repository.RestaurantConvenienceRepository; If you want this repository to be a Redis repository, consider annotating your entities with one of these annotations: org.springframework.data.redis.core.RedisHash (preferred), or consider extending one of the following types with your repository: org.springframework.data.keyvalue.repository.KeyValueRepository
2025-02-37 16:43 o.s.d.r.c.RepositoryConfigurationExtensionSupport-Spring Data Redis - Could not safely identify store assignment for repository candidate interface com.beyond.StomachForce.restaurant.repository.RestaurantPhotoRepository; If you want this repository to be a Redis repository, consider annotating your entities with one of these annotations: org.springframework.data.redis.core.RedisHash (preferred), or consider extending one of the following types with your repository: org.springframework.data.keyvalue.repository.KeyValueRepository
2025-02-37 16:43 o.s.d.r.c.RepositoryConfigurationExtensionSupport-Spring Data Redis - Could not safely identify store assignment for repository candidate interface com.beyond.StomachForce.restaurant.repository.RestaurantRepository; If you want this repository to be a Redis repository, consider annotating your entities with one of these annotations: org.springframework.data.redis.core.RedisHash (preferred), or consider extending one of the following types with your repository: org.springframework.data.keyvalue.repository.KeyValueRepository
2025-02-37 16:43 o.s.d.r.c.RepositoryConfigurationExtensionSupport-Spring Data Redis - Could not safely identify store assignment for repository candidate interface com.beyond.StomachForce.review.repository.ReviewPhotoRepository; If you want this repository to be a Redis repository, consider annotating your entities with one of these annotations: org.springframework.data.redis.core.RedisHash (preferred), or consider extending one of the following types with your repository: org.springframework.data.keyvalue.repository.KeyValueRepository
2025-02-37 16:43 o.s.d.r.c.RepositoryConfigurationExtensionSupport-Spring Data Redis - Could not safely identify store assignment for repository candidate interface com.beyond.StomachForce.review.repository.ReviewRepository; If you want this repository to be a Redis repository, consider annotating your entities with one of these annotations: org.springframework.data.redis.core.RedisHash (preferred), or consider extending one of the following types with your repository: org.springframework.data.keyvalue.repository.KeyValueRepository
2025-02-37 16:43 o.s.d.r.c.RepositoryConfigurationExtensionSupport-Spring Data Redis - Could not safely identify store assignment for repository candidate interface com.beyond.StomachForce.User.repository.UserRepository; If you want this repository to be a Redis repository, consider annotating your entities with one of these annotations: org.springframework.data.redis.core.RedisHash (preferred), or consider extending one of the following types with your repository: org.springframework.data.keyvalue.repository.KeyValueRepository
2025-02-37 16:43 o.s.d.r.c.RepositoryConfigurationDelegate-Finished Spring Data repository scanning in 16 ms. Found 0 Redis repository interfaces.
2025-02-37 16:43 o.s.b.w.e.tomcat.TomcatWebServer-Tomcat initialized with port 8080 (http)
2025-02-37 16:43 o.a.coyote.http11.Http11NioProtocol-Initializing ProtocolHandler ["http-nio-8080"]
2025-02-37 16:43 o.a.catalina.core.StandardService-Starting service [Tomcat]
2025-02-37 16:43 o.a.catalina.core.StandardEngine-Starting Servlet engine: [Apache Tomcat/10.1.34]
2025-02-37 16:43 o.a.c.c.C.[Tomcat].[localhost].[/]-Initializing Spring embedded WebApplicationContext
2025-02-37 16:43 o.s.b.w.s.c.ServletWebServerApplicationContext-Root WebApplicationContext: initialization completed in 2171 ms
2025-02-37 16:43 o.h.jpa.internal.util.LogHelper-HHH000204: Processing PersistenceUnitInfo [name: default]
2025-02-37 16:43 org.hibernate.Version-HHH000412: Hibernate ORM core version 6.6.5.Final
2025-02-37 16:43 o.h.c.i.RegionFactoryInitiator-HHH000026: Second-level cache disabled
2025-02-37 16:43 o.s.o.j.p.SpringPersistenceUnitInfo-No LoadTimeWeaver setup: ignoring JPA class transformer
2025-02-37 16:43 com.zaxxer.hikari.HikariDataSource-HikariPool-1 - Starting...
2025-02-37 16:43 com.zaxxer.hikari.pool.HikariPool-HikariPool-1 - Added connection org.mariadb.jdbc.Connection@3e5ebdfe
2025-02-37 16:43 com.zaxxer.hikari.HikariDataSource-HikariPool-1 - Start completed.
2025-02-37 16:43 org.hibernate.orm.deprecation-HHH90000025: MariaDBDialect does not need to be specified explicitly using 'hibernate.dialect' (remove the property setting and it will be selected by default)
2025-02-37 16:44 o.hibernate.orm.connections.pooling-HHH10001005: Database info:
	Database JDBC URL [Connecting through datasource 'HikariDataSource (HikariPool-1)']
	Database driver: undefined/unknown
	Database version: 11.5.2
	Autocommit mode: undefined/unknown
	Isolation level: undefined/unknown
	Minimum pool size: undefined/unknown
	Maximum pool size: undefined/unknown
2025-02-37 16:44 o.h.e.t.j.p.i.JtaPlatformInitiator-HHH000489: No JTA platform available (set 'hibernate.transaction.jta.platform' to enable JTA platform integration)
2025-02-37 16:44 o.s.o.j.LocalContainerEntityManagerFactoryBean-Initialized JPA EntityManagerFactory for persistence unit 'default'
2025-02-37 16:44 o.s.d.j.r.query.QueryEnhancerFactory-Hibernate is in classpath; If applicable, HQL parser will be used.
2025-02-37 16:44 o.s.b.a.o.j.JpaBaseConfiguration$JpaWebConfiguration-spring.jpa.open-in-view is enabled by default. Therefore, database queries may be performed during view rendering. Explicitly configure spring.jpa.open-in-view to disable this warning
2025-02-37 16:44 o.s.b.a.s.s.UserDetailsServiceAutoConfiguration-

Using generated security password: 11d51580-d04f-45ae-8990-2676d44f24c0

This generated password is for development use only. Your security configuration must be updated before running your application in production.

2025-02-37 16:44 o.s.s.c.a.a.c.InitializeUserDetailsBeanManagerConfigurer$InitializeUserDetailsManagerConfigurer-Global AuthenticationManager configured with UserDetailsService bean with name inMemoryUserDetailsManager
2025-02-37 16:44 o.a.coyote.http11.Http11NioProtocol-Starting ProtocolHandler ["http-nio-8080"]
2025-02-37 16:44 o.s.b.w.e.tomcat.TomcatWebServer-Tomcat started on port 8080 (http) with context path '/'
2025-02-37 16:44 c.b.S.StomachForceApplication-Started StomachForceApplication in 8.152 seconds (process running for 8.748)
2025-02-37 16:44 o.a.c.c.C.[Tomcat].[localhost].[/]-Initializing Spring DispatcherServlet 'dispatcherServlet'
2025-02-37 16:44 o.s.web.servlet.DispatcherServlet-Initializing Servlet 'dispatcherServlet'
2025-02-37 16:44 o.s.web.servlet.DispatcherServlet-Completed initialization in 2 ms
2025-02-37 17:13 o.h.validator.internal.util.Version-HV000001: Hibernate Validator 8.0.2.Final
2025-02-37 17:13 c.b.S.StomachForceApplication-Starting StomachForceApplication using Java 17.0.13 with PID 21772 (C:\Users\Playdata\Desktop\be11-2nd-ChulungChulung-StomachForce-BE\build\classes\java\main started by Playdata in C:\Users\Playdata\Desktop\be11-2nd-ChulungChulung-StomachForce-BE)
2025-02-37 17:13 c.b.S.StomachForceApplication-No active profile set, falling back to 1 default profile: "default"
2025-02-37 17:13 o.s.d.r.c.RepositoryConfigurationDelegate-Multiple Spring Data modules found, entering strict repository configuration mode
2025-02-37 17:13 o.s.d.r.c.RepositoryConfigurationDelegate-Bootstrapping Spring Data JPA repositories in DEFAULT mode.
2025-02-37 17:13 o.s.d.r.c.RepositoryConfigurationDelegate-Finished Spring Data repository scanning in 171 ms. Found 10 JPA repository interfaces.
2025-02-37 17:13 o.s.d.r.c.RepositoryConfigurationDelegate-Multiple Spring Data modules found, entering strict repository configuration mode
2025-02-37 17:13 o.s.d.r.c.RepositoryConfigurationDelegate-Bootstrapping Spring Data Redis repositories in DEFAULT mode.
2025-02-37 17:13 o.s.d.r.c.RepositoryConfigurationExtensionSupport-Spring Data Redis - Could not safely identify store assignment for repository candidate interface com.beyond.StomachForce.Post.repository.LikeRepository; If you want this repository to be a Redis repository, consider annotating your entities with one of these annotations: org.springframework.data.redis.core.RedisHash (preferred), or consider extending one of the following types with your repository: org.springframework.data.keyvalue.repository.KeyValueRepository
2025-02-37 17:13 o.s.d.r.c.RepositoryConfigurationExtensionSupport-Spring Data Redis - Could not safely identify store assignment for repository candidate interface com.beyond.StomachForce.Post.repository.PostRepository; If you want this repository to be a Redis repository, consider annotating your entities with one of these annotations: org.springframework.data.redis.core.RedisHash (preferred), or consider extending one of the following types with your repository: org.springframework.data.keyvalue.repository.KeyValueRepository
2025-02-37 17:13 o.s.d.r.c.RepositoryConfigurationExtensionSupport-Spring Data Redis - Could not safely identify store assignment for repository candidate interface com.beyond.StomachForce.restaurant.repository.AddressRepository; If you want this repository to be a Redis repository, consider annotating your entities with one of these annotations: org.springframework.data.redis.core.RedisHash (preferred), or consider extending one of the following types with your repository: org.springframework.data.keyvalue.repository.KeyValueRepository
2025-02-37 17:13 o.s.d.r.c.RepositoryConfigurationExtensionSupport-Spring Data Redis - Could not safely identify store assignment for repository candidate interface com.beyond.StomachForce.restaurant.repository.BookmarkRepository; If you want this repository to be a Redis repository, consider annotating your entities with one of these annotations: org.springframework.data.redis.core.RedisHash (preferred), or consider extending one of the following types with your repository: org.springframework.data.keyvalue.repository.KeyValueRepository
2025-02-37 17:13 o.s.d.r.c.RepositoryConfigurationExtensionSupport-Spring Data Redis - Could not safely identify store assignment for repository candidate interface com.beyond.StomachForce.restaurant.repository.RestaurantConvenienceRepository; If you want this repository to be a Redis repository, consider annotating your entities with one of these annotations: org.springframework.data.redis.core.RedisHash (preferred), or consider extending one of the following types with your repository: org.springframework.data.keyvalue.repository.KeyValueRepository
2025-02-37 17:13 o.s.d.r.c.RepositoryConfigurationExtensionSupport-Spring Data Redis - Could not safely identify store assignment for repository candidate interface com.beyond.StomachForce.restaurant.repository.RestaurantPhotoRepository; If you want this repository to be a Redis repository, consider annotating your entities with one of these annotations: org.springframework.data.redis.core.RedisHash (preferred), or consider extending one of the following types with your repository: org.springframework.data.keyvalue.repository.KeyValueRepository
2025-02-37 17:13 o.s.d.r.c.RepositoryConfigurationExtensionSupport-Spring Data Redis - Could not safely identify store assignment for repository candidate interface com.beyond.StomachForce.restaurant.repository.RestaurantRepository; If you want this repository to be a Redis repository, consider annotating your entities with one of these annotations: org.springframework.data.redis.core.RedisHash (preferred), or consider extending one of the following types with your repository: org.springframework.data.keyvalue.repository.KeyValueRepository
2025-02-37 17:13 o.s.d.r.c.RepositoryConfigurationExtensionSupport-Spring Data Redis - Could not safely identify store assignment for repository candidate interface com.beyond.StomachForce.review.repository.ReviewPhotoRepository; If you want this repository to be a Redis repository, consider annotating your entities with one of these annotations: org.springframework.data.redis.core.RedisHash (preferred), or consider extending one of the following types with your repository: org.springframework.data.keyvalue.repository.KeyValueRepository
2025-02-37 17:13 o.s.d.r.c.RepositoryConfigurationExtensionSupport-Spring Data Redis - Could not safely identify store assignment for repository candidate interface com.beyond.StomachForce.review.repository.ReviewRepository; If you want this repository to be a Redis repository, consider annotating your entities with one of these annotations: org.springframework.data.redis.core.RedisHash (preferred), or consider extending one of the following types with your repository: org.springframework.data.keyvalue.repository.KeyValueRepository
2025-02-37 17:13 o.s.d.r.c.RepositoryConfigurationExtensionSupport-Spring Data Redis - Could not safely identify store assignment for repository candidate interface com.beyond.StomachForce.User.repository.UserRepository; If you want this repository to be a Redis repository, consider annotating your entities with one of these annotations: org.springframework.data.redis.core.RedisHash (preferred), or consider extending one of the following types with your repository: org.springframework.data.keyvalue.repository.KeyValueRepository
2025-02-37 17:13 o.s.d.r.c.RepositoryConfigurationDelegate-Finished Spring Data repository scanning in 21 ms. Found 0 Redis repository interfaces.
2025-02-37 17:13 o.s.b.w.e.tomcat.TomcatWebServer-Tomcat initialized with port 8080 (http)
2025-02-37 17:13 o.a.coyote.http11.Http11NioProtocol-Initializing ProtocolHandler ["http-nio-8080"]
2025-02-37 17:13 o.a.catalina.core.StandardService-Starting service [Tomcat]
2025-02-37 17:13 o.a.catalina.core.StandardEngine-Starting Servlet engine: [Apache Tomcat/10.1.34]
2025-02-37 17:13 o.a.c.c.C.[Tomcat].[localhost].[/]-Initializing Spring embedded WebApplicationContext
2025-02-37 17:13 o.s.b.w.s.c.ServletWebServerApplicationContext-Root WebApplicationContext: initialization completed in 1965 ms
2025-02-37 17:13 o.h.jpa.internal.util.LogHelper-HHH000204: Processing PersistenceUnitInfo [name: default]
2025-02-37 17:13 org.hibernate.Version-HHH000412: Hibernate ORM core version 6.6.5.Final
2025-02-37 17:13 o.h.c.i.RegionFactoryInitiator-HHH000026: Second-level cache disabled
2025-02-37 17:13 o.s.o.j.p.SpringPersistenceUnitInfo-No LoadTimeWeaver setup: ignoring JPA class transformer
2025-02-37 17:13 com.zaxxer.hikari.HikariDataSource-HikariPool-1 - Starting...
2025-02-37 17:13 com.zaxxer.hikari.pool.HikariPool-HikariPool-1 - Added connection org.mariadb.jdbc.Connection@41404aa2
2025-02-37 17:13 com.zaxxer.hikari.HikariDataSource-HikariPool-1 - Start completed.
2025-02-37 17:13 org.hibernate.orm.deprecation-HHH90000025: MariaDBDialect does not need to be specified explicitly using 'hibernate.dialect' (remove the property setting and it will be selected by default)
2025-02-37 17:13 o.hibernate.orm.connections.pooling-HHH10001005: Database info:
	Database JDBC URL [Connecting through datasource 'HikariDataSource (HikariPool-1)']
	Database driver: undefined/unknown
	Database version: 11.4.4
	Autocommit mode: undefined/unknown
	Isolation level: undefined/unknown
	Minimum pool size: undefined/unknown
	Maximum pool size: undefined/unknown
2025-02-37 17:13 o.h.e.t.j.p.i.JtaPlatformInitiator-HHH000489: No JTA platform available (set 'hibernate.transaction.jta.platform' to enable JTA platform integration)
2025-02-37 17:13 o.s.o.j.LocalContainerEntityManagerFactoryBean-Initialized JPA EntityManagerFactory for persistence unit 'default'
2025-02-37 17:13 o.s.d.j.r.query.QueryEnhancerFactory-Hibernate is in classpath; If applicable, HQL parser will be used.
2025-02-37 17:13 o.s.b.a.o.j.JpaBaseConfiguration$JpaWebConfiguration-spring.jpa.open-in-view is enabled by default. Therefore, database queries may be performed during view rendering. Explicitly configure spring.jpa.open-in-view to disable this warning
2025-02-37 17:13 o.s.b.a.s.s.UserDetailsServiceAutoConfiguration-

Using generated security password: a6e94707-81cd-41ce-8090-315c383649ff

This generated password is for development use only. Your security configuration must be updated before running your application in production.

2025-02-37 17:13 o.s.s.c.a.a.c.InitializeUserDetailsBeanManagerConfigurer$InitializeUserDetailsManagerConfigurer-Global AuthenticationManager configured with UserDetailsService bean with name inMemoryUserDetailsManager
2025-02-37 17:13 o.a.coyote.http11.Http11NioProtocol-Starting ProtocolHandler ["http-nio-8080"]
2025-02-37 17:13 o.s.b.w.e.tomcat.TomcatWebServer-Tomcat started on port 8080 (http) with context path '/'
2025-02-37 17:13 c.b.S.StomachForceApplication-Started StomachForceApplication in 8.11 seconds (process running for 9.999)
2025-02-37 17:27 o.a.c.c.C.[Tomcat].[localhost].[/]-Initializing Spring DispatcherServlet 'dispatcherServlet'
2025-02-37 17:27 o.s.web.servlet.DispatcherServlet-Initializing Servlet 'dispatcherServlet'
2025-02-37 17:27 o.s.web.servlet.DispatcherServlet-Completed initialization in 1 ms
2025-02-37 17:38 o.s.b.w.e.tomcat.GracefulShutdown-Commencing graceful shutdown. Waiting for active requests to complete
2025-02-37 17:38 o.s.b.w.e.tomcat.GracefulShutdown-Graceful shutdown complete
2025-02-37 17:38 o.s.o.j.LocalContainerEntityManagerFactoryBean-Closing JPA EntityManagerFactory for persistence unit 'default'
2025-02-37 17:38 com.zaxxer.hikari.HikariDataSource-HikariPool-1 - Shutdown initiated...
2025-02-37 17:38 com.zaxxer.hikari.HikariDataSource-HikariPool-1 - Shutdown completed.
2025-02-37 17:38 o.h.validator.internal.util.Version-HV000001: Hibernate Validator 8.0.2.Final
2025-02-37 17:38 c.b.S.StomachForceApplication-Starting StomachForceApplication using Java 17.0.13 with PID 21160 (C:\Users\Playdata\Desktop\be11-2nd-ChulungChulung-StomachForce-BE\build\classes\java\main started by Playdata in C:\Users\Playdata\Desktop\be11-2nd-ChulungChulung-StomachForce-BE)
2025-02-37 17:38 c.b.S.StomachForceApplication-No active profile set, falling back to 1 default profile: "default"
2025-02-37 17:38 o.s.d.r.c.RepositoryConfigurationDelegate-Multiple Spring Data modules found, entering strict repository configuration mode
2025-02-37 17:38 o.s.d.r.c.RepositoryConfigurationDelegate-Bootstrapping Spring Data JPA repositories in DEFAULT mode.
2025-02-37 17:38 o.s.d.r.c.RepositoryConfigurationDelegate-Finished Spring Data repository scanning in 189 ms. Found 10 JPA repository interfaces.
2025-02-37 17:38 o.s.d.r.c.RepositoryConfigurationDelegate-Multiple Spring Data modules found, entering strict repository configuration mode
2025-02-37 17:38 o.s.d.r.c.RepositoryConfigurationDelegate-Bootstrapping Spring Data Redis repositories in DEFAULT mode.
2025-02-37 17:38 o.s.d.r.c.RepositoryConfigurationExtensionSupport-Spring Data Redis - Could not safely identify store assignment for repository candidate interface com.beyond.StomachForce.Post.repository.LikeRepository; If you want this repository to be a Redis repository, consider annotating your entities with one of these annotations: org.springframework.data.redis.core.RedisHash (preferred), or consider extending one of the following types with your repository: org.springframework.data.keyvalue.repository.KeyValueRepository
2025-02-37 17:38 o.s.d.r.c.RepositoryConfigurationExtensionSupport-Spring Data Redis - Could not safely identify store assignment for repository candidate interface com.beyond.StomachForce.Post.repository.PostRepository; If you want this repository to be a Redis repository, consider annotating your entities with one of these annotations: org.springframework.data.redis.core.RedisHash (preferred), or consider extending one of the following types with your repository: org.springframework.data.keyvalue.repository.KeyValueRepository
2025-02-37 17:38 o.s.d.r.c.RepositoryConfigurationExtensionSupport-Spring Data Redis - Could not safely identify store assignment for repository candidate interface com.beyond.StomachForce.restaurant.repository.AddressRepository; If you want this repository to be a Redis repository, consider annotating your entities with one of these annotations: org.springframework.data.redis.core.RedisHash (preferred), or consider extending one of the following types with your repository: org.springframework.data.keyvalue.repository.KeyValueRepository
2025-02-37 17:38 o.s.d.r.c.RepositoryConfigurationExtensionSupport-Spring Data Redis - Could not safely identify store assignment for repository candidate interface com.beyond.StomachForce.restaurant.repository.BookmarkRepository; If you want this repository to be a Redis repository, consider annotating your entities with one of these annotations: org.springframework.data.redis.core.RedisHash (preferred), or consider extending one of the following types with your repository: org.springframework.data.keyvalue.repository.KeyValueRepository
2025-02-37 17:38 o.s.d.r.c.RepositoryConfigurationExtensionSupport-Spring Data Redis - Could not safely identify store assignment for repository candidate interface com.beyond.StomachForce.restaurant.repository.RestaurantConvenienceRepository; If you want this repository to be a Redis repository, consider annotating your entities with one of these annotations: org.springframework.data.redis.core.RedisHash (preferred), or consider extending one of the following types with your repository: org.springframework.data.keyvalue.repository.KeyValueRepository
2025-02-37 17:38 o.s.d.r.c.RepositoryConfigurationExtensionSupport-Spring Data Redis - Could not safely identify store assignment for repository candidate interface com.beyond.StomachForce.restaurant.repository.RestaurantPhotoRepository; If you want this repository to be a Redis repository, consider annotating your entities with one of these annotations: org.springframework.data.redis.core.RedisHash (preferred), or consider extending one of the following types with your repository: org.springframework.data.keyvalue.repository.KeyValueRepository
2025-02-37 17:38 o.s.d.r.c.RepositoryConfigurationExtensionSupport-Spring Data Redis - Could not safely identify store assignment for repository candidate interface com.beyond.StomachForce.restaurant.repository.RestaurantRepository; If you want this repository to be a Redis repository, consider annotating your entities with one of these annotations: org.springframework.data.redis.core.RedisHash (preferred), or consider extending one of the following types with your repository: org.springframework.data.keyvalue.repository.KeyValueRepository
2025-02-37 17:38 o.s.d.r.c.RepositoryConfigurationExtensionSupport-Spring Data Redis - Could not safely identify store assignment for repository candidate interface com.beyond.StomachForce.review.repository.ReviewPhotoRepository; If you want this repository to be a Redis repository, consider annotating your entities with one of these annotations: org.springframework.data.redis.core.RedisHash (preferred), or consider extending one of the following types with your repository: org.springframework.data.keyvalue.repository.KeyValueRepository
2025-02-37 17:38 o.s.d.r.c.RepositoryConfigurationExtensionSupport-Spring Data Redis - Could not safely identify store assignment for repository candidate interface com.beyond.StomachForce.review.repository.ReviewRepository; If you want this repository to be a Redis repository, consider annotating your entities with one of these annotations: org.springframework.data.redis.core.RedisHash (preferred), or consider extending one of the following types with your repository: org.springframework.data.keyvalue.repository.KeyValueRepository
2025-02-37 17:38 o.s.d.r.c.RepositoryConfigurationExtensionSupport-Spring Data Redis - Could not safely identify store assignment for repository candidate interface com.beyond.StomachForce.User.repository.UserRepository; If you want this repository to be a Redis repository, consider annotating your entities with one of these annotations: org.springframework.data.redis.core.RedisHash (preferred), or consider extending one of the following types with your repository: org.springframework.data.keyvalue.repository.KeyValueRepository
2025-02-37 17:38 o.s.d.r.c.RepositoryConfigurationDelegate-Finished Spring Data repository scanning in 17 ms. Found 0 Redis repository interfaces.
2025-02-37 17:38 o.s.b.w.e.tomcat.TomcatWebServer-Tomcat initialized with port 8080 (http)
2025-02-37 17:38 o.a.coyote.http11.Http11NioProtocol-Initializing ProtocolHandler ["http-nio-8080"]
2025-02-37 17:38 o.a.catalina.core.StandardService-Starting service [Tomcat]
2025-02-37 17:38 o.a.catalina.core.StandardEngine-Starting Servlet engine: [Apache Tomcat/10.1.34]
2025-02-37 17:38 o.a.c.c.C.[Tomcat].[localhost].[/]-Initializing Spring embedded WebApplicationContext
2025-02-37 17:38 o.s.b.w.s.c.ServletWebServerApplicationContext-Root WebApplicationContext: initialization completed in 1877 ms
2025-02-37 17:38 o.h.jpa.internal.util.LogHelper-HHH000204: Processing PersistenceUnitInfo [name: default]
2025-02-37 17:38 org.hibernate.Version-HHH000412: Hibernate ORM core version 6.6.5.Final
2025-02-37 17:38 o.h.c.i.RegionFactoryInitiator-HHH000026: Second-level cache disabled
2025-02-37 17:38 o.s.o.j.p.SpringPersistenceUnitInfo-No LoadTimeWeaver setup: ignoring JPA class transformer
2025-02-37 17:38 com.zaxxer.hikari.HikariDataSource-HikariPool-1 - Starting...
2025-02-37 17:38 com.zaxxer.hikari.pool.HikariPool-HikariPool-1 - Added connection org.mariadb.jdbc.Connection@7ef4aceb
2025-02-37 17:38 com.zaxxer.hikari.HikariDataSource-HikariPool-1 - Start completed.
2025-02-37 17:38 org.hibernate.orm.deprecation-HHH90000025: MariaDBDialect does not need to be specified explicitly using 'hibernate.dialect' (remove the property setting and it will be selected by default)
2025-02-37 17:38 o.hibernate.orm.connections.pooling-HHH10001005: Database info:
	Database JDBC URL [Connecting through datasource 'HikariDataSource (HikariPool-1)']
	Database driver: undefined/unknown
	Database version: 11.4.4
	Autocommit mode: undefined/unknown
	Isolation level: undefined/unknown
	Minimum pool size: undefined/unknown
	Maximum pool size: undefined/unknown
2025-02-37 17:38 o.h.e.t.j.p.i.JtaPlatformInitiator-HHH000489: No JTA platform available (set 'hibernate.transaction.jta.platform' to enable JTA platform integration)
2025-02-37 17:38 o.s.o.j.LocalContainerEntityManagerFactoryBean-Initialized JPA EntityManagerFactory for persistence unit 'default'
2025-02-37 17:38 o.s.d.j.r.query.QueryEnhancerFactory-Hibernate is in classpath; If applicable, HQL parser will be used.
2025-02-37 17:38 o.s.b.a.o.j.JpaBaseConfiguration$JpaWebConfiguration-spring.jpa.open-in-view is enabled by default. Therefore, database queries may be performed during view rendering. Explicitly configure spring.jpa.open-in-view to disable this warning
2025-02-37 17:38 o.s.b.a.s.s.UserDetailsServiceAutoConfiguration-

Using generated security password: ee225436-203e-46e9-8a00-2e00bebf2d1e

This generated password is for development use only. Your security configuration must be updated before running your application in production.

2025-02-37 17:38 o.s.s.c.a.a.c.InitializeUserDetailsBeanManagerConfigurer$InitializeUserDetailsManagerConfigurer-Global AuthenticationManager configured with UserDetailsService bean with name inMemoryUserDetailsManager
2025-02-37 17:38 o.a.coyote.http11.Http11NioProtocol-Starting ProtocolHandler ["http-nio-8080"]
2025-02-37 17:38 o.s.b.w.e.tomcat.TomcatWebServer-Tomcat started on port 8080 (http) with context path '/'
2025-02-37 17:38 c.b.S.StomachForceApplication-Started StomachForceApplication in 8.218 seconds (process running for 9.396)
2025-02-37 17:41 o.s.b.w.e.tomcat.GracefulShutdown-Commencing graceful shutdown. Waiting for active requests to complete
2025-02-37 17:41 o.s.b.w.e.tomcat.GracefulShutdown-Graceful shutdown complete
2025-02-37 17:41 o.s.o.j.LocalContainerEntityManagerFactoryBean-Closing JPA EntityManagerFactory for persistence unit 'default'
2025-02-37 17:41 com.zaxxer.hikari.HikariDataSource-HikariPool-1 - Shutdown initiated...
2025-02-37 17:41 com.zaxxer.hikari.HikariDataSource-HikariPool-1 - Shutdown completed.
2025-02-37 17:41 o.h.validator.internal.util.Version-HV000001: Hibernate Validator 8.0.2.Final
2025-02-37 17:41 c.b.S.StomachForceApplication-Starting StomachForceApplication using Java 17.0.13 with PID 8168 (C:\Users\Playdata\Desktop\be11-2nd-ChulungChulung-StomachForce-BE\build\classes\java\main started by Playdata in C:\Users\Playdata\Desktop\be11-2nd-ChulungChulung-StomachForce-BE)
2025-02-37 17:41 c.b.S.StomachForceApplication-No active profile set, falling back to 1 default profile: "default"
2025-02-37 17:41 o.s.d.r.c.RepositoryConfigurationDelegate-Multiple Spring Data modules found, entering strict repository configuration mode
2025-02-37 17:41 o.s.d.r.c.RepositoryConfigurationDelegate-Bootstrapping Spring Data JPA repositories in DEFAULT mode.
2025-02-37 17:41 o.s.d.r.c.RepositoryConfigurationDelegate-Finished Spring Data repository scanning in 246 ms. Found 10 JPA repository interfaces.
2025-02-37 17:41 o.s.d.r.c.RepositoryConfigurationDelegate-Multiple Spring Data modules found, entering strict repository configuration mode
2025-02-37 17:41 o.s.d.r.c.RepositoryConfigurationDelegate-Bootstrapping Spring Data Redis repositories in DEFAULT mode.
2025-02-37 17:41 o.s.d.r.c.RepositoryConfigurationExtensionSupport-Spring Data Redis - Could not safely identify store assignment for repository candidate interface com.beyond.StomachForce.Post.repository.LikeRepository; If you want this repository to be a Redis repository, consider annotating your entities with one of these annotations: org.springframework.data.redis.core.RedisHash (preferred), or consider extending one of the following types with your repository: org.springframework.data.keyvalue.repository.KeyValueRepository
2025-02-37 17:41 o.s.d.r.c.RepositoryConfigurationExtensionSupport-Spring Data Redis - Could not safely identify store assignment for repository candidate interface com.beyond.StomachForce.Post.repository.PostRepository; If you want this repository to be a Redis repository, consider annotating your entities with one of these annotations: org.springframework.data.redis.core.RedisHash (preferred), or consider extending one of the following types with your repository: org.springframework.data.keyvalue.repository.KeyValueRepository
2025-02-37 17:41 o.s.d.r.c.RepositoryConfigurationExtensionSupport-Spring Data Redis - Could not safely identify store assignment for repository candidate interface com.beyond.StomachForce.restaurant.repository.AddressRepository; If you want this repository to be a Redis repository, consider annotating your entities with one of these annotations: org.springframework.data.redis.core.RedisHash (preferred), or consider extending one of the following types with your repository: org.springframework.data.keyvalue.repository.KeyValueRepository
2025-02-37 17:41 o.s.d.r.c.RepositoryConfigurationExtensionSupport-Spring Data Redis - Could not safely identify store assignment for repository candidate interface com.beyond.StomachForce.restaurant.repository.BookmarkRepository; If you want this repository to be a Redis repository, consider annotating your entities with one of these annotations: org.springframework.data.redis.core.RedisHash (preferred), or consider extending one of the following types with your repository: org.springframework.data.keyvalue.repository.KeyValueRepository
2025-02-37 17:41 o.s.d.r.c.RepositoryConfigurationExtensionSupport-Spring Data Redis - Could not safely identify store assignment for repository candidate interface com.beyond.StomachForce.restaurant.repository.RestaurantConvenienceRepository; If you want this repository to be a Redis repository, consider annotating your entities with one of these annotations: org.springframework.data.redis.core.RedisHash (preferred), or consider extending one of the following types with your repository: org.springframework.data.keyvalue.repository.KeyValueRepository
2025-02-37 17:41 o.s.d.r.c.RepositoryConfigurationExtensionSupport-Spring Data Redis - Could not safely identify store assignment for repository candidate interface com.beyond.StomachForce.restaurant.repository.RestaurantPhotoRepository; If you want this repository to be a Redis repository, consider annotating your entities with one of these annotations: org.springframework.data.redis.core.RedisHash (preferred), or consider extending one of the following types with your repository: org.springframework.data.keyvalue.repository.KeyValueRepository
2025-02-37 17:41 o.s.d.r.c.RepositoryConfigurationExtensionSupport-Spring Data Redis - Could not safely identify store assignment for repository candidate interface com.beyond.StomachForce.restaurant.repository.RestaurantRepository; If you want this repository to be a Redis repository, consider annotating your entities with one of these annotations: org.springframework.data.redis.core.RedisHash (preferred), or consider extending one of the following types with your repository: org.springframework.data.keyvalue.repository.KeyValueRepository
2025-02-37 17:41 o.s.d.r.c.RepositoryConfigurationExtensionSupport-Spring Data Redis - Could not safely identify store assignment for repository candidate interface com.beyond.StomachForce.review.repository.ReviewPhotoRepository; If you want this repository to be a Redis repository, consider annotating your entities with one of these annotations: org.springframework.data.redis.core.RedisHash (preferred), or consider extending one of the following types with your repository: org.springframework.data.keyvalue.repository.KeyValueRepository
2025-02-37 17:41 o.s.d.r.c.RepositoryConfigurationExtensionSupport-Spring Data Redis - Could not safely identify store assignment for repository candidate interface com.beyond.StomachForce.review.repository.ReviewRepository; If you want this repository to be a Redis repository, consider annotating your entities with one of these annotations: org.springframework.data.redis.core.RedisHash (preferred), or consider extending one of the following types with your repository: org.springframework.data.keyvalue.repository.KeyValueRepository
2025-02-37 17:41 o.s.d.r.c.RepositoryConfigurationExtensionSupport-Spring Data Redis - Could not safely identify store assignment for repository candidate interface com.beyond.StomachForce.User.repository.UserRepository; If you want this repository to be a Redis repository, consider annotating your entities with one of these annotations: org.springframework.data.redis.core.RedisHash (preferred), or consider extending one of the following types with your repository: org.springframework.data.keyvalue.repository.KeyValueRepository
2025-02-37 17:41 o.s.d.r.c.RepositoryConfigurationDelegate-Finished Spring Data repository scanning in 14 ms. Found 0 Redis repository interfaces.
2025-02-37 17:41 o.s.b.w.e.tomcat.TomcatWebServer-Tomcat initialized with port 8080 (http)
2025-02-37 17:41 o.a.coyote.http11.Http11NioProtocol-Initializing ProtocolHandler ["http-nio-8080"]
2025-02-37 17:41 o.a.catalina.core.StandardService-Starting service [Tomcat]
2025-02-37 17:41 o.a.catalina.core.StandardEngine-Starting Servlet engine: [Apache Tomcat/10.1.34]
2025-02-37 17:41 o.a.c.c.C.[Tomcat].[localhost].[/]-Initializing Spring embedded WebApplicationContext
2025-02-37 17:41 o.s.b.w.s.c.ServletWebServerApplicationContext-Root WebApplicationContext: initialization completed in 1717 ms
2025-02-37 17:41 o.h.jpa.internal.util.LogHelper-HHH000204: Processing PersistenceUnitInfo [name: default]
2025-02-37 17:41 org.hibernate.Version-HHH000412: Hibernate ORM core version 6.6.5.Final
2025-02-37 17:41 o.h.c.i.RegionFactoryInitiator-HHH000026: Second-level cache disabled
2025-02-37 17:41 o.s.o.j.p.SpringPersistenceUnitInfo-No LoadTimeWeaver setup: ignoring JPA class transformer
2025-02-37 17:41 com.zaxxer.hikari.HikariDataSource-HikariPool-1 - Starting...
2025-02-37 17:41 com.zaxxer.hikari.pool.HikariPool-HikariPool-1 - Added connection org.mariadb.jdbc.Connection@33356666
2025-02-37 17:41 com.zaxxer.hikari.HikariDataSource-HikariPool-1 - Start completed.
2025-02-37 17:41 org.hibernate.orm.deprecation-HHH90000025: MariaDBDialect does not need to be specified explicitly using 'hibernate.dialect' (remove the property setting and it will be selected by default)
2025-02-37 17:41 o.hibernate.orm.connections.pooling-HHH10001005: Database info:
	Database JDBC URL [Connecting through datasource 'HikariDataSource (HikariPool-1)']
	Database driver: undefined/unknown
	Database version: 11.4.4
	Autocommit mode: undefined/unknown
	Isolation level: undefined/unknown
	Minimum pool size: undefined/unknown
	Maximum pool size: undefined/unknown
2025-02-37 17:41 o.h.e.t.j.p.i.JtaPlatformInitiator-HHH000489: No JTA platform available (set 'hibernate.transaction.jta.platform' to enable JTA platform integration)
2025-02-37 17:41 o.s.o.j.LocalContainerEntityManagerFactoryBean-Initialized JPA EntityManagerFactory for persistence unit 'default'
2025-02-37 17:41 o.s.d.j.r.query.QueryEnhancerFactory-Hibernate is in classpath; If applicable, HQL parser will be used.
2025-02-37 17:41 o.s.b.a.o.j.JpaBaseConfiguration$JpaWebConfiguration-spring.jpa.open-in-view is enabled by default. Therefore, database queries may be performed during view rendering. Explicitly configure spring.jpa.open-in-view to disable this warning
2025-02-37 17:41 o.s.b.a.s.s.UserDetailsServiceAutoConfiguration-

Using generated security password: 1c4ebead-9312-4468-a72a-ed4325f788cf

This generated password is for development use only. Your security configuration must be updated before running your application in production.

2025-02-37 17:41 o.s.s.c.a.a.c.InitializeUserDetailsBeanManagerConfigurer$InitializeUserDetailsManagerConfigurer-Global AuthenticationManager configured with UserDetailsService bean with name inMemoryUserDetailsManager
2025-02-37 17:41 o.a.coyote.http11.Http11NioProtocol-Starting ProtocolHandler ["http-nio-8080"]
2025-02-37 17:41 o.s.b.w.e.tomcat.TomcatWebServer-Tomcat started on port 8080 (http) with context path '/'
2025-02-37 17:41 c.b.S.StomachForceApplication-Started StomachForceApplication in 7.033 seconds (process running for 7.896)
2025-02-37 17:42 o.a.c.c.C.[Tomcat].[localhost].[/]-Initializing Spring DispatcherServlet 'dispatcherServlet'
2025-02-37 17:42 o.s.web.servlet.DispatcherServlet-Initializing Servlet 'dispatcherServlet'
2025-02-37 17:42 o.s.web.servlet.DispatcherServlet-Completed initialization in 1 ms
2025-02-37 18:05 com.zaxxer.hikari.pool.HikariPool-HikariPool-1 - Thread starvation or clock leap detected (housekeeper delta=5m14s823ms523µs300ns).
2025-02-37 18:08 o.s.b.w.e.tomcat.GracefulShutdown-Commencing graceful shutdown. Waiting for active requests to complete
2025-02-37 18:08 o.s.b.w.e.tomcat.GracefulShutdown-Graceful shutdown complete
2025-02-37 18:08 o.s.o.j.LocalContainerEntityManagerFactoryBean-Closing JPA EntityManagerFactory for persistence unit 'default'
2025-02-37 18:08 com.zaxxer.hikari.HikariDataSource-HikariPool-1 - Shutdown initiated...
2025-02-37 18:08 com.zaxxer.hikari.HikariDataSource-HikariPool-1 - Shutdown completed.
2025-02-37 18:08 o.h.validator.internal.util.Version-HV000001: Hibernate Validator 8.0.2.Final
2025-02-37 18:08 c.b.S.StomachForceApplication-Starting StomachForceApplication using Java 17.0.13 with PID 12268 (C:\Users\Playdata\Desktop\be11-2nd-ChulungChulung-StomachForce-BE\build\classes\java\main started by Playdata in C:\Users\Playdata\Desktop\be11-2nd-ChulungChulung-StomachForce-BE)
2025-02-37 18:08 c.b.S.StomachForceApplication-No active profile set, falling back to 1 default profile: "default"
2025-02-37 18:08 o.s.d.r.c.RepositoryConfigurationDelegate-Multiple Spring Data modules found, entering strict repository configuration mode
2025-02-37 18:08 o.s.d.r.c.RepositoryConfigurationDelegate-Bootstrapping Spring Data JPA repositories in DEFAULT mode.
2025-02-37 18:08 o.s.d.r.c.RepositoryConfigurationDelegate-Finished Spring Data repository scanning in 167 ms. Found 10 JPA repository interfaces.
2025-02-37 18:08 o.s.d.r.c.RepositoryConfigurationDelegate-Multiple Spring Data modules found, entering strict repository configuration mode
2025-02-37 18:08 o.s.d.r.c.RepositoryConfigurationDelegate-Bootstrapping Spring Data Redis repositories in DEFAULT mode.
2025-02-37 18:08 o.s.d.r.c.RepositoryConfigurationExtensionSupport-Spring Data Redis - Could not safely identify store assignment for repository candidate interface com.beyond.StomachForce.Post.repository.LikeRepository; If you want this repository to be a Redis repository, consider annotating your entities with one of these annotations: org.springframework.data.redis.core.RedisHash (preferred), or consider extending one of the following types with your repository: org.springframework.data.keyvalue.repository.KeyValueRepository
2025-02-37 18:08 o.s.d.r.c.RepositoryConfigurationExtensionSupport-Spring Data Redis - Could not safely identify store assignment for repository candidate interface com.beyond.StomachForce.Post.repository.PostRepository; If you want this repository to be a Redis repository, consider annotating your entities with one of these annotations: org.springframework.data.redis.core.RedisHash (preferred), or consider extending one of the following types with your repository: org.springframework.data.keyvalue.repository.KeyValueRepository
2025-02-37 18:08 o.s.d.r.c.RepositoryConfigurationExtensionSupport-Spring Data Redis - Could not safely identify store assignment for repository candidate interface com.beyond.StomachForce.restaurant.repository.AddressRepository; If you want this repository to be a Redis repository, consider annotating your entities with one of these annotations: org.springframework.data.redis.core.RedisHash (preferred), or consider extending one of the following types with your repository: org.springframework.data.keyvalue.repository.KeyValueRepository
2025-02-37 18:08 o.s.d.r.c.RepositoryConfigurationExtensionSupport-Spring Data Redis - Could not safely identify store assignment for repository candidate interface com.beyond.StomachForce.restaurant.repository.BookmarkRepository; If you want this repository to be a Redis repository, consider annotating your entities with one of these annotations: org.springframework.data.redis.core.RedisHash (preferred), or consider extending one of the following types with your repository: org.springframework.data.keyvalue.repository.KeyValueRepository
2025-02-37 18:08 o.s.d.r.c.RepositoryConfigurationExtensionSupport-Spring Data Redis - Could not safely identify store assignment for repository candidate interface com.beyond.StomachForce.restaurant.repository.RestaurantConvenienceRepository; If you want this repository to be a Redis repository, consider annotating your entities with one of these annotations: org.springframework.data.redis.core.RedisHash (preferred), or consider extending one of the following types with your repository: org.springframework.data.keyvalue.repository.KeyValueRepository
2025-02-37 18:08 o.s.d.r.c.RepositoryConfigurationExtensionSupport-Spring Data Redis - Could not safely identify store assignment for repository candidate interface com.beyond.StomachForce.restaurant.repository.RestaurantPhotoRepository; If you want this repository to be a Redis repository, consider annotating your entities with one of these annotations: org.springframework.data.redis.core.RedisHash (preferred), or consider extending one of the following types with your repository: org.springframework.data.keyvalue.repository.KeyValueRepository
2025-02-37 18:08 o.s.d.r.c.RepositoryConfigurationExtensionSupport-Spring Data Redis - Could not safely identify store assignment for repository candidate interface com.beyond.StomachForce.restaurant.repository.RestaurantRepository; If you want this repository to be a Redis repository, consider annotating your entities with one of these annotations: org.springframework.data.redis.core.RedisHash (preferred), or consider extending one of the following types with your repository: org.springframework.data.keyvalue.repository.KeyValueRepository
2025-02-37 18:08 o.s.d.r.c.RepositoryConfigurationExtensionSupport-Spring Data Redis - Could not safely identify store assignment for repository candidate interface com.beyond.StomachForce.review.repository.ReviewPhotoRepository; If you want this repository to be a Redis repository, consider annotating your entities with one of these annotations: org.springframework.data.redis.core.RedisHash (preferred), or consider extending one of the following types with your repository: org.springframework.data.keyvalue.repository.KeyValueRepository
2025-02-37 18:08 o.s.d.r.c.RepositoryConfigurationExtensionSupport-Spring Data Redis - Could not safely identify store assignment for repository candidate interface com.beyond.StomachForce.review.repository.ReviewRepository; If you want this repository to be a Redis repository, consider annotating your entities with one of these annotations: org.springframework.data.redis.core.RedisHash (preferred), or consider extending one of the following types with your repository: org.springframework.data.keyvalue.repository.KeyValueRepository
2025-02-37 18:08 o.s.d.r.c.RepositoryConfigurationExtensionSupport-Spring Data Redis - Could not safely identify store assignment for repository candidate interface com.beyond.StomachForce.User.repository.UserRepository; If you want this repository to be a Redis repository, consider annotating your entities with one of these annotations: org.springframework.data.redis.core.RedisHash (preferred), or consider extending one of the following types with your repository: org.springframework.data.keyvalue.repository.KeyValueRepository
2025-02-37 18:08 o.s.d.r.c.RepositoryConfigurationDelegate-Finished Spring Data repository scanning in 20 ms. Found 0 Redis repository interfaces.
2025-02-37 18:08 o.s.b.w.e.tomcat.TomcatWebServer-Tomcat initialized with port 8080 (http)
2025-02-37 18:08 o.a.coyote.http11.Http11NioProtocol-Initializing ProtocolHandler ["http-nio-8080"]
2025-02-37 18:08 o.a.catalina.core.StandardService-Starting service [Tomcat]
2025-02-37 18:08 o.a.catalina.core.StandardEngine-Starting Servlet engine: [Apache Tomcat/10.1.34]
2025-02-37 18:08 o.a.c.c.C.[Tomcat].[localhost].[/]-Initializing Spring embedded WebApplicationContext
2025-02-37 18:08 o.s.b.w.s.c.ServletWebServerApplicationContext-Root WebApplicationContext: initialization completed in 1684 ms
2025-02-37 18:08 o.h.jpa.internal.util.LogHelper-HHH000204: Processing PersistenceUnitInfo [name: default]
2025-02-37 18:08 org.hibernate.Version-HHH000412: Hibernate ORM core version 6.6.5.Final
2025-02-37 18:08 o.h.c.i.RegionFactoryInitiator-HHH000026: Second-level cache disabled
2025-02-37 18:08 o.s.o.j.p.SpringPersistenceUnitInfo-No LoadTimeWeaver setup: ignoring JPA class transformer
2025-02-37 18:08 com.zaxxer.hikari.HikariDataSource-HikariPool-1 - Starting...
2025-02-37 18:08 com.zaxxer.hikari.pool.HikariPool-HikariPool-1 - Added connection org.mariadb.jdbc.Connection@24f177f5
2025-02-37 18:08 com.zaxxer.hikari.HikariDataSource-HikariPool-1 - Start completed.
2025-02-37 18:08 org.hibernate.orm.deprecation-HHH90000025: MariaDBDialect does not need to be specified explicitly using 'hibernate.dialect' (remove the property setting and it will be selected by default)
2025-02-37 18:08 o.hibernate.orm.connections.pooling-HHH10001005: Database info:
	Database JDBC URL [Connecting through datasource 'HikariDataSource (HikariPool-1)']
	Database driver: undefined/unknown
	Database version: 11.4.4
	Autocommit mode: undefined/unknown
	Isolation level: undefined/unknown
	Minimum pool size: undefined/unknown
	Maximum pool size: undefined/unknown
2025-02-37 18:08 o.h.e.t.j.p.i.JtaPlatformInitiator-HHH000489: No JTA platform available (set 'hibernate.transaction.jta.platform' to enable JTA platform integration)
2025-02-37 18:08 o.s.o.j.LocalContainerEntityManagerFactoryBean-Initialized JPA EntityManagerFactory for persistence unit 'default'
2025-02-37 18:08 o.s.d.j.r.query.QueryEnhancerFactory-Hibernate is in classpath; If applicable, HQL parser will be used.
2025-02-37 18:08 o.s.b.a.o.j.JpaBaseConfiguration$JpaWebConfiguration-spring.jpa.open-in-view is enabled by default. Therefore, database queries may be performed during view rendering. Explicitly configure spring.jpa.open-in-view to disable this warning
2025-02-37 18:08 o.s.b.a.s.s.UserDetailsServiceAutoConfiguration-

Using generated security password: 2353a135-9d66-4db3-88ec-1193b024de9a

This generated password is for development use only. Your security configuration must be updated before running your application in production.

2025-02-37 18:08 o.s.s.c.a.a.c.InitializeUserDetailsBeanManagerConfigurer$InitializeUserDetailsManagerConfigurer-Global AuthenticationManager configured with UserDetailsService bean with name inMemoryUserDetailsManager
2025-02-37 18:08 o.a.coyote.http11.Http11NioProtocol-Starting ProtocolHandler ["http-nio-8080"]
2025-02-37 18:08 o.s.b.w.e.tomcat.TomcatWebServer-Tomcat started on port 8080 (http) with context path '/'
2025-02-37 18:08 c.b.S.StomachForceApplication-Started StomachForceApplication in 6.246 seconds (process running for 7.544)
2025-02-37 18:08 o.a.c.c.C.[Tomcat].[localhost].[/]-Initializing Spring DispatcherServlet 'dispatcherServlet'
2025-02-37 18:08 o.s.web.servlet.DispatcherServlet-Initializing Servlet 'dispatcherServlet'
2025-02-37 18:08 o.s.web.servlet.DispatcherServlet-Completed initialization in 1 ms
2025-02-37 18:08 c.b.S.C.c.CommonExceptionHandler-Access Denied
2025-02-37 18:09 o.s.b.w.e.tomcat.GracefulShutdown-Commencing graceful shutdown. Waiting for active requests to complete
2025-02-37 18:09 o.s.b.w.e.tomcat.GracefulShutdown-Graceful shutdown complete
2025-02-37 18:09 o.s.o.j.LocalContainerEntityManagerFactoryBean-Closing JPA EntityManagerFactory for persistence unit 'default'
2025-02-37 18:09 com.zaxxer.hikari.HikariDataSource-HikariPool-1 - Shutdown initiated...
2025-02-37 18:09 com.zaxxer.hikari.HikariDataSource-HikariPool-1 - Shutdown completed.
2025-02-37 18:09 o.h.validator.internal.util.Version-HV000001: Hibernate Validator 8.0.2.Final
2025-02-37 18:09 c.b.S.StomachForceApplication-Starting StomachForceApplication using Java 17.0.13 with PID 6004 (C:\Users\Playdata\Desktop\be11-2nd-ChulungChulung-StomachForce-BE\build\classes\java\main started by Playdata in C:\Users\Playdata\Desktop\be11-2nd-ChulungChulung-StomachForce-BE)
2025-02-37 18:09 c.b.S.StomachForceApplication-No active profile set, falling back to 1 default profile: "default"
2025-02-37 18:09 o.s.d.r.c.RepositoryConfigurationDelegate-Multiple Spring Data modules found, entering strict repository configuration mode
2025-02-37 18:09 o.s.d.r.c.RepositoryConfigurationDelegate-Bootstrapping Spring Data JPA repositories in DEFAULT mode.
2025-02-37 18:09 o.s.d.r.c.RepositoryConfigurationDelegate-Finished Spring Data repository scanning in 165 ms. Found 10 JPA repository interfaces.
2025-02-37 18:09 o.s.d.r.c.RepositoryConfigurationDelegate-Multiple Spring Data modules found, entering strict repository configuration mode
2025-02-37 18:09 o.s.d.r.c.RepositoryConfigurationDelegate-Bootstrapping Spring Data Redis repositories in DEFAULT mode.
2025-02-37 18:09 o.s.d.r.c.RepositoryConfigurationExtensionSupport-Spring Data Redis - Could not safely identify store assignment for repository candidate interface com.beyond.StomachForce.Post.repository.LikeRepository; If you want this repository to be a Redis repository, consider annotating your entities with one of these annotations: org.springframework.data.redis.core.RedisHash (preferred), or consider extending one of the following types with your repository: org.springframework.data.keyvalue.repository.KeyValueRepository
2025-02-37 18:09 o.s.d.r.c.RepositoryConfigurationExtensionSupport-Spring Data Redis - Could not safely identify store assignment for repository candidate interface com.beyond.StomachForce.Post.repository.PostRepository; If you want this repository to be a Redis repository, consider annotating your entities with one of these annotations: org.springframework.data.redis.core.RedisHash (preferred), or consider extending one of the following types with your repository: org.springframework.data.keyvalue.repository.KeyValueRepository
2025-02-37 18:09 o.s.d.r.c.RepositoryConfigurationExtensionSupport-Spring Data Redis - Could not safely identify store assignment for repository candidate interface com.beyond.StomachForce.restaurant.repository.AddressRepository; If you want this repository to be a Redis repository, consider annotating your entities with one of these annotations: org.springframework.data.redis.core.RedisHash (preferred), or consider extending one of the following types with your repository: org.springframework.data.keyvalue.repository.KeyValueRepository
2025-02-37 18:09 o.s.d.r.c.RepositoryConfigurationExtensionSupport-Spring Data Redis - Could not safely identify store assignment for repository candidate interface com.beyond.StomachForce.restaurant.repository.BookmarkRepository; If you want this repository to be a Redis repository, consider annotating your entities with one of these annotations: org.springframework.data.redis.core.RedisHash (preferred), or consider extending one of the following types with your repository: org.springframework.data.keyvalue.repository.KeyValueRepository
2025-02-37 18:09 o.s.d.r.c.RepositoryConfigurationExtensionSupport-Spring Data Redis - Could not safely identify store assignment for repository candidate interface com.beyond.StomachForce.restaurant.repository.RestaurantConvenienceRepository; If you want this repository to be a Redis repository, consider annotating your entities with one of these annotations: org.springframework.data.redis.core.RedisHash (preferred), or consider extending one of the following types with your repository: org.springframework.data.keyvalue.repository.KeyValueRepository
2025-02-37 18:09 o.s.d.r.c.RepositoryConfigurationExtensionSupport-Spring Data Redis - Could not safely identify store assignment for repository candidate interface com.beyond.StomachForce.restaurant.repository.RestaurantPhotoRepository; If you want this repository to be a Redis repository, consider annotating your entities with one of these annotations: org.springframework.data.redis.core.RedisHash (preferred), or consider extending one of the following types with your repository: org.springframework.data.keyvalue.repository.KeyValueRepository
2025-02-37 18:09 o.s.d.r.c.RepositoryConfigurationExtensionSupport-Spring Data Redis - Could not safely identify store assignment for repository candidate interface com.beyond.StomachForce.restaurant.repository.RestaurantRepository; If you want this repository to be a Redis repository, consider annotating your entities with one of these annotations: org.springframework.data.redis.core.RedisHash (preferred), or consider extending one of the following types with your repository: org.springframework.data.keyvalue.repository.KeyValueRepository
2025-02-37 18:09 o.s.d.r.c.RepositoryConfigurationExtensionSupport-Spring Data Redis - Could not safely identify store assignment for repository candidate interface com.beyond.StomachForce.review.repository.ReviewPhotoRepository; If you want this repository to be a Redis repository, consider annotating your entities with one of these annotations: org.springframework.data.redis.core.RedisHash (preferred), or consider extending one of the following types with your repository: org.springframework.data.keyvalue.repository.KeyValueRepository
2025-02-37 18:09 o.s.d.r.c.RepositoryConfigurationExtensionSupport-Spring Data Redis - Could not safely identify store assignment for repository candidate interface com.beyond.StomachForce.review.repository.ReviewRepository; If you want this repository to be a Redis repository, consider annotating your entities with one of these annotations: org.springframework.data.redis.core.RedisHash (preferred), or consider extending one of the following types with your repository: org.springframework.data.keyvalue.repository.KeyValueRepository
2025-02-37 18:09 o.s.d.r.c.RepositoryConfigurationExtensionSupport-Spring Data Redis - Could not safely identify store assignment for repository candidate interface com.beyond.StomachForce.User.repository.UserRepository; If you want this repository to be a Redis repository, consider annotating your entities with one of these annotations: org.springframework.data.redis.core.RedisHash (preferred), or consider extending one of the following types with your repository: org.springframework.data.keyvalue.repository.KeyValueRepository
2025-02-37 18:09 o.s.d.r.c.RepositoryConfigurationDelegate-Finished Spring Data repository scanning in 16 ms. Found 0 Redis repository interfaces.
2025-02-37 18:09 o.s.b.w.e.tomcat.TomcatWebServer-Tomcat initialized with port 8080 (http)
2025-02-37 18:09 o.a.coyote.http11.Http11NioProtocol-Initializing ProtocolHandler ["http-nio-8080"]
2025-02-37 18:09 o.a.catalina.core.StandardService-Starting service [Tomcat]
2025-02-37 18:09 o.a.catalina.core.StandardEngine-Starting Servlet engine: [Apache Tomcat/10.1.34]
2025-02-37 18:09 o.a.c.c.C.[Tomcat].[localhost].[/]-Initializing Spring embedded WebApplicationContext
2025-02-37 18:09 o.s.b.w.s.c.ServletWebServerApplicationContext-Root WebApplicationContext: initialization completed in 1581 ms
2025-02-37 18:09 o.h.jpa.internal.util.LogHelper-HHH000204: Processing PersistenceUnitInfo [name: default]
2025-02-37 18:09 org.hibernate.Version-HHH000412: Hibernate ORM core version 6.6.5.Final
2025-02-37 18:09 o.h.c.i.RegionFactoryInitiator-HHH000026: Second-level cache disabled
2025-02-37 18:09 o.s.o.j.p.SpringPersistenceUnitInfo-No LoadTimeWeaver setup: ignoring JPA class transformer
2025-02-37 18:09 com.zaxxer.hikari.HikariDataSource-HikariPool-1 - Starting...
2025-02-37 18:09 com.zaxxer.hikari.pool.HikariPool-HikariPool-1 - Added connection org.mariadb.jdbc.Connection@93fb44
2025-02-37 18:09 com.zaxxer.hikari.HikariDataSource-HikariPool-1 - Start completed.
2025-02-37 18:09 org.hibernate.orm.deprecation-HHH90000025: MariaDBDialect does not need to be specified explicitly using 'hibernate.dialect' (remove the property setting and it will be selected by default)
2025-02-37 18:09 o.hibernate.orm.connections.pooling-HHH10001005: Database info:
	Database JDBC URL [Connecting through datasource 'HikariDataSource (HikariPool-1)']
	Database driver: undefined/unknown
	Database version: 11.4.4
	Autocommit mode: undefined/unknown
	Isolation level: undefined/unknown
	Minimum pool size: undefined/unknown
	Maximum pool size: undefined/unknown
2025-02-37 18:09 o.h.e.t.j.p.i.JtaPlatformInitiator-HHH000489: No JTA platform available (set 'hibernate.transaction.jta.platform' to enable JTA platform integration)
2025-02-37 18:09 o.s.o.j.LocalContainerEntityManagerFactoryBean-Initialized JPA EntityManagerFactory for persistence unit 'default'
2025-02-37 18:09 o.s.d.j.r.query.QueryEnhancerFactory-Hibernate is in classpath; If applicable, HQL parser will be used.
2025-02-37 18:09 o.s.b.a.o.j.JpaBaseConfiguration$JpaWebConfiguration-spring.jpa.open-in-view is enabled by default. Therefore, database queries may be performed during view rendering. Explicitly configure spring.jpa.open-in-view to disable this warning
2025-02-37 18:09 o.s.b.a.s.s.UserDetailsServiceAutoConfiguration-

Using generated security password: 7964fc6f-36a5-4ac8-858e-b5d9acbae0b6

This generated password is for development use only. Your security configuration must be updated before running your application in production.

2025-02-37 18:09 o.s.s.c.a.a.c.InitializeUserDetailsBeanManagerConfigurer$InitializeUserDetailsManagerConfigurer-Global AuthenticationManager configured with UserDetailsService bean with name inMemoryUserDetailsManager
2025-02-37 18:09 o.a.coyote.http11.Http11NioProtocol-Starting ProtocolHandler ["http-nio-8080"]
2025-02-37 18:09 o.s.b.w.e.tomcat.TomcatWebServer-Tomcat started on port 8080 (http) with context path '/'
2025-02-37 18:09 c.b.S.StomachForceApplication-Started StomachForceApplication in 5.858 seconds (process running for 6.644)
2025-02-37 18:09 o.a.c.c.C.[Tomcat].[localhost].[/]-Initializing Spring DispatcherServlet 'dispatcherServlet'
2025-02-37 18:09 o.s.web.servlet.DispatcherServlet-Initializing Servlet 'dispatcherServlet'
2025-02-37 18:09 o.s.web.servlet.DispatcherServlet-Completed initialization in 1 ms
2025-02-37 18:10 o.s.b.w.e.tomcat.GracefulShutdown-Commencing graceful shutdown. Waiting for active requests to complete
2025-02-37 18:10 o.s.b.w.e.tomcat.GracefulShutdown-Graceful shutdown complete
2025-02-37 18:10 o.s.o.j.LocalContainerEntityManagerFactoryBean-Closing JPA EntityManagerFactory for persistence unit 'default'
2025-02-37 18:10 com.zaxxer.hikari.HikariDataSource-HikariPool-1 - Shutdown initiated...
2025-02-37 18:10 com.zaxxer.hikari.HikariDataSource-HikariPool-1 - Shutdown completed.
2025-02-37 18:10 o.h.validator.internal.util.Version-HV000001: Hibernate Validator 8.0.2.Final
2025-02-37 18:10 c.b.S.StomachForceApplication-Starting StomachForceApplication using Java 17.0.13 with PID 7696 (C:\Users\Playdata\Desktop\be11-2nd-ChulungChulung-StomachForce-BE\build\classes\java\main started by Playdata in C:\Users\Playdata\Desktop\be11-2nd-ChulungChulung-StomachForce-BE)
2025-02-37 18:10 c.b.S.StomachForceApplication-No active profile set, falling back to 1 default profile: "default"
2025-02-37 18:10 o.s.d.r.c.RepositoryConfigurationDelegate-Multiple Spring Data modules found, entering strict repository configuration mode
2025-02-37 18:10 o.s.d.r.c.RepositoryConfigurationDelegate-Bootstrapping Spring Data JPA repositories in DEFAULT mode.
2025-02-37 18:10 o.s.d.r.c.RepositoryConfigurationDelegate-Finished Spring Data repository scanning in 178 ms. Found 10 JPA repository interfaces.
2025-02-37 18:10 o.s.d.r.c.RepositoryConfigurationDelegate-Multiple Spring Data modules found, entering strict repository configuration mode
2025-02-37 18:10 o.s.d.r.c.RepositoryConfigurationDelegate-Bootstrapping Spring Data Redis repositories in DEFAULT mode.
2025-02-37 18:10 o.s.d.r.c.RepositoryConfigurationExtensionSupport-Spring Data Redis - Could not safely identify store assignment for repository candidate interface com.beyond.StomachForce.Post.repository.LikeRepository; If you want this repository to be a Redis repository, consider annotating your entities with one of these annotations: org.springframework.data.redis.core.RedisHash (preferred), or consider extending one of the following types with your repository: org.springframework.data.keyvalue.repository.KeyValueRepository
2025-02-37 18:10 o.s.d.r.c.RepositoryConfigurationExtensionSupport-Spring Data Redis - Could not safely identify store assignment for repository candidate interface com.beyond.StomachForce.Post.repository.PostRepository; If you want this repository to be a Redis repository, consider annotating your entities with one of these annotations: org.springframework.data.redis.core.RedisHash (preferred), or consider extending one of the following types with your repository: org.springframework.data.keyvalue.repository.KeyValueRepository
2025-02-37 18:10 o.s.d.r.c.RepositoryConfigurationExtensionSupport-Spring Data Redis - Could not safely identify store assignment for repository candidate interface com.beyond.StomachForce.restaurant.repository.AddressRepository; If you want this repository to be a Redis repository, consider annotating your entities with one of these annotations: org.springframework.data.redis.core.RedisHash (preferred), or consider extending one of the following types with your repository: org.springframework.data.keyvalue.repository.KeyValueRepository
2025-02-37 18:10 o.s.d.r.c.RepositoryConfigurationExtensionSupport-Spring Data Redis - Could not safely identify store assignment for repository candidate interface com.beyond.StomachForce.restaurant.repository.BookmarkRepository; If you want this repository to be a Redis repository, consider annotating your entities with one of these annotations: org.springframework.data.redis.core.RedisHash (preferred), or consider extending one of the following types with your repository: org.springframework.data.keyvalue.repository.KeyValueRepository
2025-02-37 18:10 o.s.d.r.c.RepositoryConfigurationExtensionSupport-Spring Data Redis - Could not safely identify store assignment for repository candidate interface com.beyond.StomachForce.restaurant.repository.RestaurantConvenienceRepository; If you want this repository to be a Redis repository, consider annotating your entities with one of these annotations: org.springframework.data.redis.core.RedisHash (preferred), or consider extending one of the following types with your repository: org.springframework.data.keyvalue.repository.KeyValueRepository
2025-02-37 18:10 o.s.d.r.c.RepositoryConfigurationExtensionSupport-Spring Data Redis - Could not safely identify store assignment for repository candidate interface com.beyond.StomachForce.restaurant.repository.RestaurantPhotoRepository; If you want this repository to be a Redis repository, consider annotating your entities with one of these annotations: org.springframework.data.redis.core.RedisHash (preferred), or consider extending one of the following types with your repository: org.springframework.data.keyvalue.repository.KeyValueRepository
2025-02-37 18:10 o.s.d.r.c.RepositoryConfigurationExtensionSupport-Spring Data Redis - Could not safely identify store assignment for repository candidate interface com.beyond.StomachForce.restaurant.repository.RestaurantRepository; If you want this repository to be a Redis repository, consider annotating your entities with one of these annotations: org.springframework.data.redis.core.RedisHash (preferred), or consider extending one of the following types with your repository: org.springframework.data.keyvalue.repository.KeyValueRepository
2025-02-37 18:10 o.s.d.r.c.RepositoryConfigurationExtensionSupport-Spring Data Redis - Could not safely identify store assignment for repository candidate interface com.beyond.StomachForce.review.repository.ReviewPhotoRepository; If you want this repository to be a Redis repository, consider annotating your entities with one of these annotations: org.springframework.data.redis.core.RedisHash (preferred), or consider extending one of the following types with your repository: org.springframework.data.keyvalue.repository.KeyValueRepository
2025-02-37 18:10 o.s.d.r.c.RepositoryConfigurationExtensionSupport-Spring Data Redis - Could not safely identify store assignment for repository candidate interface com.beyond.StomachForce.review.repository.ReviewRepository; If you want this repository to be a Redis repository, consider annotating your entities with one of these annotations: org.springframework.data.redis.core.RedisHash (preferred), or consider extending one of the following types with your repository: org.springframework.data.keyvalue.repository.KeyValueRepository
2025-02-37 18:10 o.s.d.r.c.RepositoryConfigurationExtensionSupport-Spring Data Redis - Could not safely identify store assignment for repository candidate interface com.beyond.StomachForce.User.repository.UserRepository; If you want this repository to be a Redis repository, consider annotating your entities with one of these annotations: org.springframework.data.redis.core.RedisHash (preferred), or consider extending one of the following types with your repository: org.springframework.data.keyvalue.repository.KeyValueRepository
2025-02-37 18:10 o.s.d.r.c.RepositoryConfigurationDelegate-Finished Spring Data repository scanning in 18 ms. Found 0 Redis repository interfaces.
2025-02-37 18:10 o.s.b.w.e.tomcat.TomcatWebServer-Tomcat initialized with port 8080 (http)
2025-02-37 18:10 o.a.coyote.http11.Http11NioProtocol-Initializing ProtocolHandler ["http-nio-8080"]
2025-02-37 18:10 o.a.catalina.core.StandardService-Starting service [Tomcat]
2025-02-37 18:10 o.a.catalina.core.StandardEngine-Starting Servlet engine: [Apache Tomcat/10.1.34]
2025-02-37 18:10 o.a.c.c.C.[Tomcat].[localhost].[/]-Initializing Spring embedded WebApplicationContext
2025-02-37 18:10 o.s.b.w.s.c.ServletWebServerApplicationContext-Root WebApplicationContext: initialization completed in 1719 ms
2025-02-37 18:10 o.h.jpa.internal.util.LogHelper-HHH000204: Processing PersistenceUnitInfo [name: default]
2025-02-37 18:10 org.hibernate.Version-HHH000412: Hibernate ORM core version 6.6.5.Final
2025-02-37 18:10 o.h.c.i.RegionFactoryInitiator-HHH000026: Second-level cache disabled
2025-02-37 18:10 o.s.o.j.p.SpringPersistenceUnitInfo-No LoadTimeWeaver setup: ignoring JPA class transformer
2025-02-37 18:10 com.zaxxer.hikari.HikariDataSource-HikariPool-1 - Starting...
2025-02-37 18:10 com.zaxxer.hikari.pool.HikariPool-HikariPool-1 - Added connection org.mariadb.jdbc.Connection@6f9a3325
2025-02-37 18:10 com.zaxxer.hikari.HikariDataSource-HikariPool-1 - Start completed.
2025-02-37 18:10 org.hibernate.orm.deprecation-HHH90000025: MariaDBDialect does not need to be specified explicitly using 'hibernate.dialect' (remove the property setting and it will be selected by default)
2025-02-37 18:10 o.hibernate.orm.connections.pooling-HHH10001005: Database info:
	Database JDBC URL [Connecting through datasource 'HikariDataSource (HikariPool-1)']
	Database driver: undefined/unknown
	Database version: 11.4.4
	Autocommit mode: undefined/unknown
	Isolation level: undefined/unknown
	Minimum pool size: undefined/unknown
	Maximum pool size: undefined/unknown
2025-02-37 18:10 o.h.e.t.j.p.i.JtaPlatformInitiator-HHH000489: No JTA platform available (set 'hibernate.transaction.jta.platform' to enable JTA platform integration)
2025-02-37 18:10 o.s.o.j.LocalContainerEntityManagerFactoryBean-Initialized JPA EntityManagerFactory for persistence unit 'default'
2025-02-37 18:10 o.s.d.j.r.query.QueryEnhancerFactory-Hibernate is in classpath; If applicable, HQL parser will be used.
2025-02-37 18:10 o.s.b.a.o.j.JpaBaseConfiguration$JpaWebConfiguration-spring.jpa.open-in-view is enabled by default. Therefore, database queries may be performed during view rendering. Explicitly configure spring.jpa.open-in-view to disable this warning
2025-02-37 18:10 o.s.b.a.s.s.UserDetailsServiceAutoConfiguration-

Using generated security password: 82ad5866-ab40-4166-948f-a8aaf6a158af

This generated password is for development use only. Your security configuration must be updated before running your application in production.

2025-02-37 18:10 o.s.s.c.a.a.c.InitializeUserDetailsBeanManagerConfigurer$InitializeUserDetailsManagerConfigurer-Global AuthenticationManager configured with UserDetailsService bean with name inMemoryUserDetailsManager
2025-02-37 18:10 o.a.coyote.http11.Http11NioProtocol-Starting ProtocolHandler ["http-nio-8080"]
2025-02-37 18:10 o.s.b.w.e.tomcat.TomcatWebServer-Tomcat started on port 8080 (http) with context path '/'
2025-02-37 18:10 c.b.S.StomachForceApplication-Started StomachForceApplication in 6.435 seconds (process running for 7.441)
2025-02-37 18:13 o.a.c.c.C.[Tomcat].[localhost].[/]-Initializing Spring DispatcherServlet 'dispatcherServlet'
2025-02-37 18:13 o.s.web.servlet.DispatcherServlet-Initializing Servlet 'dispatcherServlet'
2025-02-37 18:13 o.s.web.servlet.DispatcherServlet-Completed initialization in 2 ms
2025-02-37 18:17 o.s.b.w.e.tomcat.GracefulShutdown-Commencing graceful shutdown. Waiting for active requests to complete
2025-02-37 18:17 o.s.b.w.e.tomcat.GracefulShutdown-Graceful shutdown complete
2025-02-37 18:17 o.s.o.j.LocalContainerEntityManagerFactoryBean-Closing JPA EntityManagerFactory for persistence unit 'default'
2025-02-37 18:17 com.zaxxer.hikari.HikariDataSource-HikariPool-1 - Shutdown initiated...
2025-02-37 18:17 com.zaxxer.hikari.HikariDataSource-HikariPool-1 - Shutdown completed.
2025-02-37 18:17 o.h.validator.internal.util.Version-HV000001: Hibernate Validator 8.0.2.Final
2025-02-37 18:17 c.b.S.StomachForceApplication-Starting StomachForceApplication using Java 17.0.13 with PID 23008 (C:\Users\Playdata\Desktop\be11-2nd-ChulungChulung-StomachForce-BE\build\classes\java\main started by Playdata in C:\Users\Playdata\Desktop\be11-2nd-ChulungChulung-StomachForce-BE)
2025-02-37 18:17 c.b.S.StomachForceApplication-No active profile set, falling back to 1 default profile: "default"
2025-02-37 18:17 o.s.d.r.c.RepositoryConfigurationDelegate-Multiple Spring Data modules found, entering strict repository configuration mode
2025-02-37 18:17 o.s.d.r.c.RepositoryConfigurationDelegate-Bootstrapping Spring Data JPA repositories in DEFAULT mode.
2025-02-37 18:17 o.s.d.r.c.RepositoryConfigurationDelegate-Finished Spring Data repository scanning in 184 ms. Found 10 JPA repository interfaces.
2025-02-37 18:17 o.s.d.r.c.RepositoryConfigurationDelegate-Multiple Spring Data modules found, entering strict repository configuration mode
2025-02-37 18:17 o.s.d.r.c.RepositoryConfigurationDelegate-Bootstrapping Spring Data Redis repositories in DEFAULT mode.
2025-02-37 18:17 o.s.d.r.c.RepositoryConfigurationExtensionSupport-Spring Data Redis - Could not safely identify store assignment for repository candidate interface com.beyond.StomachForce.Post.repository.LikeRepository; If you want this repository to be a Redis repository, consider annotating your entities with one of these annotations: org.springframework.data.redis.core.RedisHash (preferred), or consider extending one of the following types with your repository: org.springframework.data.keyvalue.repository.KeyValueRepository
2025-02-37 18:17 o.s.d.r.c.RepositoryConfigurationExtensionSupport-Spring Data Redis - Could not safely identify store assignment for repository candidate interface com.beyond.StomachForce.Post.repository.PostRepository; If you want this repository to be a Redis repository, consider annotating your entities with one of these annotations: org.springframework.data.redis.core.RedisHash (preferred), or consider extending one of the following types with your repository: org.springframework.data.keyvalue.repository.KeyValueRepository
2025-02-37 18:17 o.s.d.r.c.RepositoryConfigurationExtensionSupport-Spring Data Redis - Could not safely identify store assignment for repository candidate interface com.beyond.StomachForce.restaurant.repository.AddressRepository; If you want this repository to be a Redis repository, consider annotating your entities with one of these annotations: org.springframework.data.redis.core.RedisHash (preferred), or consider extending one of the following types with your repository: org.springframework.data.keyvalue.repository.KeyValueRepository
2025-02-37 18:17 o.s.d.r.c.RepositoryConfigurationExtensionSupport-Spring Data Redis - Could not safely identify store assignment for repository candidate interface com.beyond.StomachForce.restaurant.repository.BookmarkRepository; If you want this repository to be a Redis repository, consider annotating your entities with one of these annotations: org.springframework.data.redis.core.RedisHash (preferred), or consider extending one of the following types with your repository: org.springframework.data.keyvalue.repository.KeyValueRepository
2025-02-37 18:17 o.s.d.r.c.RepositoryConfigurationExtensionSupport-Spring Data Redis - Could not safely identify store assignment for repository candidate interface com.beyond.StomachForce.restaurant.repository.RestaurantConvenienceRepository; If you want this repository to be a Redis repository, consider annotating your entities with one of these annotations: org.springframework.data.redis.core.RedisHash (preferred), or consider extending one of the following types with your repository: org.springframework.data.keyvalue.repository.KeyValueRepository
2025-02-37 18:17 o.s.d.r.c.RepositoryConfigurationExtensionSupport-Spring Data Redis - Could not safely identify store assignment for repository candidate interface com.beyond.StomachForce.restaurant.repository.RestaurantPhotoRepository; If you want this repository to be a Redis repository, consider annotating your entities with one of these annotations: org.springframework.data.redis.core.RedisHash (preferred), or consider extending one of the following types with your repository: org.springframework.data.keyvalue.repository.KeyValueRepository
2025-02-37 18:17 o.s.d.r.c.RepositoryConfigurationExtensionSupport-Spring Data Redis - Could not safely identify store assignment for repository candidate interface com.beyond.StomachForce.restaurant.repository.RestaurantRepository; If you want this repository to be a Redis repository, consider annotating your entities with one of these annotations: org.springframework.data.redis.core.RedisHash (preferred), or consider extending one of the following types with your repository: org.springframework.data.keyvalue.repository.KeyValueRepository
2025-02-37 18:17 o.s.d.r.c.RepositoryConfigurationExtensionSupport-Spring Data Redis - Could not safely identify store assignment for repository candidate interface com.beyond.StomachForce.review.repository.ReviewPhotoRepository; If you want this repository to be a Redis repository, consider annotating your entities with one of these annotations: org.springframework.data.redis.core.RedisHash (preferred), or consider extending one of the following types with your repository: org.springframework.data.keyvalue.repository.KeyValueRepository
2025-02-37 18:17 o.s.d.r.c.RepositoryConfigurationExtensionSupport-Spring Data Redis - Could not safely identify store assignment for repository candidate interface com.beyond.StomachForce.review.repository.ReviewRepository; If you want this repository to be a Redis repository, consider annotating your entities with one of these annotations: org.springframework.data.redis.core.RedisHash (preferred), or consider extending one of the following types with your repository: org.springframework.data.keyvalue.repository.KeyValueRepository
2025-02-37 18:17 o.s.d.r.c.RepositoryConfigurationExtensionSupport-Spring Data Redis - Could not safely identify store assignment for repository candidate interface com.beyond.StomachForce.User.repository.UserRepository; If you want this repository to be a Redis repository, consider annotating your entities with one of these annotations: org.springframework.data.redis.core.RedisHash (preferred), or consider extending one of the following types with your repository: org.springframework.data.keyvalue.repository.KeyValueRepository
2025-02-37 18:17 o.s.d.r.c.RepositoryConfigurationDelegate-Finished Spring Data repository scanning in 17 ms. Found 0 Redis repository interfaces.
2025-02-37 18:17 o.s.b.w.e.tomcat.TomcatWebServer-Tomcat initialized with port 8080 (http)
2025-02-37 18:17 o.a.coyote.http11.Http11NioProtocol-Initializing ProtocolHandler ["http-nio-8080"]
2025-02-37 18:17 o.a.catalina.core.StandardService-Starting service [Tomcat]
2025-02-37 18:17 o.a.catalina.core.StandardEngine-Starting Servlet engine: [Apache Tomcat/10.1.34]
2025-02-37 18:17 o.a.c.c.C.[Tomcat].[localhost].[/]-Initializing Spring embedded WebApplicationContext
2025-02-37 18:17 o.s.b.w.s.c.ServletWebServerApplicationContext-Root WebApplicationContext: initialization completed in 1637 ms
2025-02-37 18:17 o.h.jpa.internal.util.LogHelper-HHH000204: Processing PersistenceUnitInfo [name: default]
2025-02-37 18:17 org.hibernate.Version-HHH000412: Hibernate ORM core version 6.6.5.Final
2025-02-37 18:17 o.h.c.i.RegionFactoryInitiator-HHH000026: Second-level cache disabled
2025-02-37 18:17 o.s.o.j.p.SpringPersistenceUnitInfo-No LoadTimeWeaver setup: ignoring JPA class transformer
2025-02-37 18:17 com.zaxxer.hikari.HikariDataSource-HikariPool-1 - Starting...
2025-02-37 18:17 com.zaxxer.hikari.pool.HikariPool-HikariPool-1 - Added connection org.mariadb.jdbc.Connection@72ceafeb
2025-02-37 18:17 com.zaxxer.hikari.HikariDataSource-HikariPool-1 - Start completed.
2025-02-37 18:17 org.hibernate.orm.deprecation-HHH90000025: MariaDBDialect does not need to be specified explicitly using 'hibernate.dialect' (remove the property setting and it will be selected by default)
2025-02-37 18:17 o.hibernate.orm.connections.pooling-HHH10001005: Database info:
	Database JDBC URL [Connecting through datasource 'HikariDataSource (HikariPool-1)']
	Database driver: undefined/unknown
	Database version: 11.4.4
	Autocommit mode: undefined/unknown
	Isolation level: undefined/unknown
	Minimum pool size: undefined/unknown
	Maximum pool size: undefined/unknown
2025-02-37 18:17 o.h.e.t.j.p.i.JtaPlatformInitiator-HHH000489: No JTA platform available (set 'hibernate.transaction.jta.platform' to enable JTA platform integration)
2025-02-37 18:17 o.s.o.j.LocalContainerEntityManagerFactoryBean-Initialized JPA EntityManagerFactory for persistence unit 'default'
2025-02-37 18:17 o.s.d.j.r.query.QueryEnhancerFactory-Hibernate is in classpath; If applicable, HQL parser will be used.
2025-02-37 18:17 o.s.b.a.o.j.JpaBaseConfiguration$JpaWebConfiguration-spring.jpa.open-in-view is enabled by default. Therefore, database queries may be performed during view rendering. Explicitly configure spring.jpa.open-in-view to disable this warning
2025-02-37 18:17 o.s.b.a.s.s.UserDetailsServiceAutoConfiguration-

Using generated security password: 1d622a7a-4d79-4c74-ac6d-3ef8a13abb87

This generated password is for development use only. Your security configuration must be updated before running your application in production.

2025-02-37 18:17 o.s.s.c.a.a.c.InitializeUserDetailsBeanManagerConfigurer$InitializeUserDetailsManagerConfigurer-Global AuthenticationManager configured with UserDetailsService bean with name inMemoryUserDetailsManager
2025-02-37 18:17 o.a.coyote.http11.Http11NioProtocol-Starting ProtocolHandler ["http-nio-8080"]
2025-02-37 18:17 o.s.b.w.e.tomcat.TomcatWebServer-Tomcat started on port 8080 (http) with context path '/'
2025-02-37 18:17 c.b.S.StomachForceApplication-Started StomachForceApplication in 6.138 seconds (process running for 7.021)
2025-02-37 18:17 o.a.c.c.C.[Tomcat].[localhost].[/]-Initializing Spring DispatcherServlet 'dispatcherServlet'
2025-02-37 18:17 o.s.web.servlet.DispatcherServlet-Initializing Servlet 'dispatcherServlet'
2025-02-37 18:17 o.s.web.servlet.DispatcherServlet-Completed initialization in 1 ms
2025-02-37 18:38 o.s.b.w.e.tomcat.GracefulShutdown-Commencing graceful shutdown. Waiting for active requests to complete
2025-02-37 18:38 o.s.b.w.e.tomcat.GracefulShutdown-Graceful shutdown complete
2025-02-37 18:38 o.s.o.j.LocalContainerEntityManagerFactoryBean-Closing JPA EntityManagerFactory for persistence unit 'default'
2025-02-37 18:38 com.zaxxer.hikari.HikariDataSource-HikariPool-1 - Shutdown initiated...
2025-02-37 18:38 com.zaxxer.hikari.HikariDataSource-HikariPool-1 - Shutdown completed.
2025-02-37 18:38 o.h.validator.internal.util.Version-HV000001: Hibernate Validator 8.0.2.Final
2025-02-37 18:38 c.b.S.StomachForceApplication-Starting StomachForceApplication using Java 17.0.13 with PID 19276 (C:\Users\Playdata\Desktop\be11-2nd-ChulungChulung-StomachForce-BE\build\classes\java\main started by Playdata in C:\Users\Playdata\Desktop\be11-2nd-ChulungChulung-StomachForce-BE)
2025-02-37 18:38 c.b.S.StomachForceApplication-No active profile set, falling back to 1 default profile: "default"
2025-02-37 18:38 o.s.d.r.c.RepositoryConfigurationDelegate-Multiple Spring Data modules found, entering strict repository configuration mode
2025-02-37 18:38 o.s.d.r.c.RepositoryConfigurationDelegate-Bootstrapping Spring Data JPA repositories in DEFAULT mode.
2025-02-37 18:38 o.s.d.r.c.RepositoryConfigurationDelegate-Finished Spring Data repository scanning in 171 ms. Found 10 JPA repository interfaces.
2025-02-37 18:38 o.s.d.r.c.RepositoryConfigurationDelegate-Multiple Spring Data modules found, entering strict repository configuration mode
2025-02-37 18:38 o.s.d.r.c.RepositoryConfigurationDelegate-Bootstrapping Spring Data Redis repositories in DEFAULT mode.
2025-02-37 18:38 o.s.d.r.c.RepositoryConfigurationExtensionSupport-Spring Data Redis - Could not safely identify store assignment for repository candidate interface com.beyond.StomachForce.Post.repository.LikeRepository; If you want this repository to be a Redis repository, consider annotating your entities with one of these annotations: org.springframework.data.redis.core.RedisHash (preferred), or consider extending one of the following types with your repository: org.springframework.data.keyvalue.repository.KeyValueRepository
2025-02-37 18:38 o.s.d.r.c.RepositoryConfigurationExtensionSupport-Spring Data Redis - Could not safely identify store assignment for repository candidate interface com.beyond.StomachForce.Post.repository.PostRepository; If you want this repository to be a Redis repository, consider annotating your entities with one of these annotations: org.springframework.data.redis.core.RedisHash (preferred), or consider extending one of the following types with your repository: org.springframework.data.keyvalue.repository.KeyValueRepository
2025-02-37 18:38 o.s.d.r.c.RepositoryConfigurationExtensionSupport-Spring Data Redis - Could not safely identify store assignment for repository candidate interface com.beyond.StomachForce.restaurant.repository.AddressRepository; If you want this repository to be a Redis repository, consider annotating your entities with one of these annotations: org.springframework.data.redis.core.RedisHash (preferred), or consider extending one of the following types with your repository: org.springframework.data.keyvalue.repository.KeyValueRepository
2025-02-37 18:38 o.s.d.r.c.RepositoryConfigurationExtensionSupport-Spring Data Redis - Could not safely identify store assignment for repository candidate interface com.beyond.StomachForce.restaurant.repository.BookmarkRepository; If you want this repository to be a Redis repository, consider annotating your entities with one of these annotations: org.springframework.data.redis.core.RedisHash (preferred), or consider extending one of the following types with your repository: org.springframework.data.keyvalue.repository.KeyValueRepository
2025-02-37 18:38 o.s.d.r.c.RepositoryConfigurationExtensionSupport-Spring Data Redis - Could not safely identify store assignment for repository candidate interface com.beyond.StomachForce.restaurant.repository.RestaurantConvenienceRepository; If you want this repository to be a Redis repository, consider annotating your entities with one of these annotations: org.springframework.data.redis.core.RedisHash (preferred), or consider extending one of the following types with your repository: org.springframework.data.keyvalue.repository.KeyValueRepository
2025-02-37 18:38 o.s.d.r.c.RepositoryConfigurationExtensionSupport-Spring Data Redis - Could not safely identify store assignment for repository candidate interface com.beyond.StomachForce.restaurant.repository.RestaurantPhotoRepository; If you want this repository to be a Redis repository, consider annotating your entities with one of these annotations: org.springframework.data.redis.core.RedisHash (preferred), or consider extending one of the following types with your repository: org.springframework.data.keyvalue.repository.KeyValueRepository
2025-02-37 18:38 o.s.d.r.c.RepositoryConfigurationExtensionSupport-Spring Data Redis - Could not safely identify store assignment for repository candidate interface com.beyond.StomachForce.restaurant.repository.RestaurantRepository; If you want this repository to be a Redis repository, consider annotating your entities with one of these annotations: org.springframework.data.redis.core.RedisHash (preferred), or consider extending one of the following types with your repository: org.springframework.data.keyvalue.repository.KeyValueRepository
2025-02-37 18:38 o.s.d.r.c.RepositoryConfigurationExtensionSupport-Spring Data Redis - Could not safely identify store assignment for repository candidate interface com.beyond.StomachForce.review.repository.ReviewPhotoRepository; If you want this repository to be a Redis repository, consider annotating your entities with one of these annotations: org.springframework.data.redis.core.RedisHash (preferred), or consider extending one of the following types with your repository: org.springframework.data.keyvalue.repository.KeyValueRepository
2025-02-37 18:38 o.s.d.r.c.RepositoryConfigurationExtensionSupport-Spring Data Redis - Could not safely identify store assignment for repository candidate interface com.beyond.StomachForce.review.repository.ReviewRepository; If you want this repository to be a Redis repository, consider annotating your entities with one of these annotations: org.springframework.data.redis.core.RedisHash (preferred), or consider extending one of the following types with your repository: org.springframework.data.keyvalue.repository.KeyValueRepository
2025-02-37 18:38 o.s.d.r.c.RepositoryConfigurationExtensionSupport-Spring Data Redis - Could not safely identify store assignment for repository candidate interface com.beyond.StomachForce.User.repository.UserRepository; If you want this repository to be a Redis repository, consider annotating your entities with one of these annotations: org.springframework.data.redis.core.RedisHash (preferred), or consider extending one of the following types with your repository: org.springframework.data.keyvalue.repository.KeyValueRepository
2025-02-37 18:38 o.s.d.r.c.RepositoryConfigurationDelegate-Finished Spring Data repository scanning in 19 ms. Found 0 Redis repository interfaces.
2025-02-37 18:38 o.s.b.w.e.tomcat.TomcatWebServer-Tomcat initialized with port 8080 (http)
2025-02-37 18:38 o.a.coyote.http11.Http11NioProtocol-Initializing ProtocolHandler ["http-nio-8080"]
2025-02-37 18:38 o.a.catalina.core.StandardService-Starting service [Tomcat]
2025-02-37 18:38 o.a.catalina.core.StandardEngine-Starting Servlet engine: [Apache Tomcat/10.1.34]
2025-02-37 18:38 o.a.c.c.C.[Tomcat].[localhost].[/]-Initializing Spring embedded WebApplicationContext
2025-02-37 18:38 o.s.b.w.s.c.ServletWebServerApplicationContext-Root WebApplicationContext: initialization completed in 1670 ms
2025-02-37 18:38 o.h.jpa.internal.util.LogHelper-HHH000204: Processing PersistenceUnitInfo [name: default]
2025-02-37 18:38 org.hibernate.Version-HHH000412: Hibernate ORM core version 6.6.5.Final
2025-02-37 18:38 o.h.c.i.RegionFactoryInitiator-HHH000026: Second-level cache disabled
2025-02-37 18:38 o.s.o.j.p.SpringPersistenceUnitInfo-No LoadTimeWeaver setup: ignoring JPA class transformer
2025-02-37 18:38 com.zaxxer.hikari.HikariDataSource-HikariPool-1 - Starting...
2025-02-37 18:38 com.zaxxer.hikari.pool.HikariPool-HikariPool-1 - Added connection org.mariadb.jdbc.Connection@31433df9
2025-02-37 18:38 com.zaxxer.hikari.HikariDataSource-HikariPool-1 - Start completed.
2025-02-37 18:38 org.hibernate.orm.deprecation-HHH90000025: MariaDBDialect does not need to be specified explicitly using 'hibernate.dialect' (remove the property setting and it will be selected by default)
2025-02-37 18:38 o.hibernate.orm.connections.pooling-HHH10001005: Database info:
	Database JDBC URL [Connecting through datasource 'HikariDataSource (HikariPool-1)']
	Database driver: undefined/unknown
	Database version: 11.4.4
	Autocommit mode: undefined/unknown
	Isolation level: undefined/unknown
	Minimum pool size: undefined/unknown
	Maximum pool size: undefined/unknown
2025-02-37 18:38 o.h.e.t.j.p.i.JtaPlatformInitiator-HHH000489: No JTA platform available (set 'hibernate.transaction.jta.platform' to enable JTA platform integration)
2025-02-37 18:38 o.s.o.j.LocalContainerEntityManagerFactoryBean-Initialized JPA EntityManagerFactory for persistence unit 'default'
2025-02-37 18:38 o.s.d.j.r.query.QueryEnhancerFactory-Hibernate is in classpath; If applicable, HQL parser will be used.
2025-02-37 18:38 o.s.b.a.o.j.JpaBaseConfiguration$JpaWebConfiguration-spring.jpa.open-in-view is enabled by default. Therefore, database queries may be performed during view rendering. Explicitly configure spring.jpa.open-in-view to disable this warning
2025-02-37 18:38 o.s.b.a.s.s.UserDetailsServiceAutoConfiguration-

Using generated security password: 40bdd445-20a8-447d-8d53-7a9ddd455126

This generated password is for development use only. Your security configuration must be updated before running your application in production.

2025-02-37 18:38 o.s.s.c.a.a.c.InitializeUserDetailsBeanManagerConfigurer$InitializeUserDetailsManagerConfigurer-Global AuthenticationManager configured with UserDetailsService bean with name inMemoryUserDetailsManager
2025-02-37 18:38 o.a.coyote.http11.Http11NioProtocol-Starting ProtocolHandler ["http-nio-8080"]
2025-02-37 18:38 o.s.b.w.e.tomcat.TomcatWebServer-Tomcat started on port 8080 (http) with context path '/'
2025-02-37 18:38 c.b.S.StomachForceApplication-Started StomachForceApplication in 6.196 seconds (process running for 7.048)
2025-02-37 18:38 o.a.c.c.C.[Tomcat].[localhost].[/]-Initializing Spring DispatcherServlet 'dispatcherServlet'
2025-02-37 18:38 o.s.web.servlet.DispatcherServlet-Initializing Servlet 'dispatcherServlet'
2025-02-37 18:38 o.s.web.servlet.DispatcherServlet-Completed initialization in 1 ms
2025-02-37 19:01 com.zaxxer.hikari.pool.HikariPool-HikariPool-1 - Thread starvation or clock leap detected (housekeeper delta=5m3s829ms776µs400ns).
2025-02-37 19:07 o.s.b.w.e.tomcat.GracefulShutdown-Commencing graceful shutdown. Waiting for active requests to complete
2025-02-37 19:07 o.s.b.w.e.tomcat.GracefulShutdown-Graceful shutdown complete
2025-02-37 19:07 o.s.o.j.LocalContainerEntityManagerFactoryBean-Closing JPA EntityManagerFactory for persistence unit 'default'
2025-02-37 19:07 com.zaxxer.hikari.HikariDataSource-HikariPool-1 - Shutdown initiated...
2025-02-37 19:07 com.zaxxer.hikari.HikariDataSource-HikariPool-1 - Shutdown completed.
2025-02-37 19:07 o.h.validator.internal.util.Version-HV000001: Hibernate Validator 8.0.2.Final
2025-02-37 19:07 c.b.S.StomachForceApplication-Starting StomachForceApplication using Java 17.0.13 with PID 17360 (C:\Users\Playdata\Desktop\be11-2nd-ChulungChulung-StomachForce-BE\build\classes\java\main started by Playdata in C:\Users\Playdata\Desktop\be11-2nd-ChulungChulung-StomachForce-BE)
2025-02-37 19:07 c.b.S.StomachForceApplication-No active profile set, falling back to 1 default profile: "default"
2025-02-37 19:07 o.s.d.r.c.RepositoryConfigurationDelegate-Multiple Spring Data modules found, entering strict repository configuration mode
2025-02-37 19:07 o.s.d.r.c.RepositoryConfigurationDelegate-Bootstrapping Spring Data JPA repositories in DEFAULT mode.
2025-02-37 19:07 o.s.d.r.c.RepositoryConfigurationDelegate-Finished Spring Data repository scanning in 197 ms. Found 10 JPA repository interfaces.
2025-02-37 19:07 o.s.d.r.c.RepositoryConfigurationDelegate-Multiple Spring Data modules found, entering strict repository configuration mode
2025-02-37 19:07 o.s.d.r.c.RepositoryConfigurationDelegate-Bootstrapping Spring Data Redis repositories in DEFAULT mode.
2025-02-37 19:07 o.s.d.r.c.RepositoryConfigurationExtensionSupport-Spring Data Redis - Could not safely identify store assignment for repository candidate interface com.beyond.StomachForce.Post.repository.LikeRepository; If you want this repository to be a Redis repository, consider annotating your entities with one of these annotations: org.springframework.data.redis.core.RedisHash (preferred), or consider extending one of the following types with your repository: org.springframework.data.keyvalue.repository.KeyValueRepository
2025-02-37 19:07 o.s.d.r.c.RepositoryConfigurationExtensionSupport-Spring Data Redis - Could not safely identify store assignment for repository candidate interface com.beyond.StomachForce.Post.repository.PostRepository; If you want this repository to be a Redis repository, consider annotating your entities with one of these annotations: org.springframework.data.redis.core.RedisHash (preferred), or consider extending one of the following types with your repository: org.springframework.data.keyvalue.repository.KeyValueRepository
2025-02-37 19:07 o.s.d.r.c.RepositoryConfigurationExtensionSupport-Spring Data Redis - Could not safely identify store assignment for repository candidate interface com.beyond.StomachForce.restaurant.repository.AddressRepository; If you want this repository to be a Redis repository, consider annotating your entities with one of these annotations: org.springframework.data.redis.core.RedisHash (preferred), or consider extending one of the following types with your repository: org.springframework.data.keyvalue.repository.KeyValueRepository
2025-02-37 19:07 o.s.d.r.c.RepositoryConfigurationExtensionSupport-Spring Data Redis - Could not safely identify store assignment for repository candidate interface com.beyond.StomachForce.restaurant.repository.BookmarkRepository; If you want this repository to be a Redis repository, consider annotating your entities with one of these annotations: org.springframework.data.redis.core.RedisHash (preferred), or consider extending one of the following types with your repository: org.springframework.data.keyvalue.repository.KeyValueRepository
2025-02-37 19:07 o.s.d.r.c.RepositoryConfigurationExtensionSupport-Spring Data Redis - Could not safely identify store assignment for repository candidate interface com.beyond.StomachForce.restaurant.repository.RestaurantConvenienceRepository; If you want this repository to be a Redis repository, consider annotating your entities with one of these annotations: org.springframework.data.redis.core.RedisHash (preferred), or consider extending one of the following types with your repository: org.springframework.data.keyvalue.repository.KeyValueRepository
2025-02-37 19:07 o.s.d.r.c.RepositoryConfigurationExtensionSupport-Spring Data Redis - Could not safely identify store assignment for repository candidate interface com.beyond.StomachForce.restaurant.repository.RestaurantPhotoRepository; If you want this repository to be a Redis repository, consider annotating your entities with one of these annotations: org.springframework.data.redis.core.RedisHash (preferred), or consider extending one of the following types with your repository: org.springframework.data.keyvalue.repository.KeyValueRepository
2025-02-37 19:07 o.s.d.r.c.RepositoryConfigurationExtensionSupport-Spring Data Redis - Could not safely identify store assignment for repository candidate interface com.beyond.StomachForce.restaurant.repository.RestaurantRepository; If you want this repository to be a Redis repository, consider annotating your entities with one of these annotations: org.springframework.data.redis.core.RedisHash (preferred), or consider extending one of the following types with your repository: org.springframework.data.keyvalue.repository.KeyValueRepository
2025-02-37 19:07 o.s.d.r.c.RepositoryConfigurationExtensionSupport-Spring Data Redis - Could not safely identify store assignment for repository candidate interface com.beyond.StomachForce.review.repository.ReviewPhotoRepository; If you want this repository to be a Redis repository, consider annotating your entities with one of these annotations: org.springframework.data.redis.core.RedisHash (preferred), or consider extending one of the following types with your repository: org.springframework.data.keyvalue.repository.KeyValueRepository
2025-02-37 19:07 o.s.d.r.c.RepositoryConfigurationExtensionSupport-Spring Data Redis - Could not safely identify store assignment for repository candidate interface com.beyond.StomachForce.review.repository.ReviewRepository; If you want this repository to be a Redis repository, consider annotating your entities with one of these annotations: org.springframework.data.redis.core.RedisHash (preferred), or consider extending one of the following types with your repository: org.springframework.data.keyvalue.repository.KeyValueRepository
2025-02-37 19:07 o.s.d.r.c.RepositoryConfigurationExtensionSupport-Spring Data Redis - Could not safely identify store assignment for repository candidate interface com.beyond.StomachForce.User.repository.UserRepository; If you want this repository to be a Redis repository, consider annotating your entities with one of these annotations: org.springframework.data.redis.core.RedisHash (preferred), or consider extending one of the following types with your repository: org.springframework.data.keyvalue.repository.KeyValueRepository
2025-02-37 19:07 o.s.d.r.c.RepositoryConfigurationDelegate-Finished Spring Data repository scanning in 17 ms. Found 0 Redis repository interfaces.
2025-02-37 19:07 o.s.b.w.e.tomcat.TomcatWebServer-Tomcat initialized with port 8080 (http)
2025-02-37 19:07 o.a.coyote.http11.Http11NioProtocol-Initializing ProtocolHandler ["http-nio-8080"]
2025-02-37 19:07 o.a.catalina.core.StandardService-Starting service [Tomcat]
2025-02-37 19:07 o.a.catalina.core.StandardEngine-Starting Servlet engine: [Apache Tomcat/10.1.34]
2025-02-37 19:07 o.a.c.c.C.[Tomcat].[localhost].[/]-Initializing Spring embedded WebApplicationContext
2025-02-37 19:07 o.s.b.w.s.c.ServletWebServerApplicationContext-Root WebApplicationContext: initialization completed in 1862 ms
2025-02-37 19:07 o.h.jpa.internal.util.LogHelper-HHH000204: Processing PersistenceUnitInfo [name: default]
2025-02-37 19:07 org.hibernate.Version-HHH000412: Hibernate ORM core version 6.6.5.Final
2025-02-37 19:07 o.h.c.i.RegionFactoryInitiator-HHH000026: Second-level cache disabled
2025-02-37 19:07 o.s.o.j.p.SpringPersistenceUnitInfo-No LoadTimeWeaver setup: ignoring JPA class transformer
2025-02-37 19:07 com.zaxxer.hikari.HikariDataSource-HikariPool-1 - Starting...
2025-02-37 19:07 com.zaxxer.hikari.pool.HikariPool-HikariPool-1 - Added connection org.mariadb.jdbc.Connection@33356666
2025-02-37 19:07 com.zaxxer.hikari.HikariDataSource-HikariPool-1 - Start completed.
2025-02-37 19:07 org.hibernate.orm.deprecation-HHH90000025: MariaDBDialect does not need to be specified explicitly using 'hibernate.dialect' (remove the property setting and it will be selected by default)
2025-02-37 19:07 o.hibernate.orm.connections.pooling-HHH10001005: Database info:
	Database JDBC URL [Connecting through datasource 'HikariDataSource (HikariPool-1)']
	Database driver: undefined/unknown
	Database version: 11.4.4
	Autocommit mode: undefined/unknown
	Isolation level: undefined/unknown
	Minimum pool size: undefined/unknown
	Maximum pool size: undefined/unknown
2025-02-37 19:07 o.h.e.t.j.p.i.JtaPlatformInitiator-HHH000489: No JTA platform available (set 'hibernate.transaction.jta.platform' to enable JTA platform integration)
2025-02-37 19:07 o.s.o.j.LocalContainerEntityManagerFactoryBean-Failed to initialize JPA EntityManagerFactory: [PersistenceUnit: default] Unable to build Hibernate SessionFactory; nested exception is org.hibernate.tool.schema.spi.SchemaManagementException: Schema-validation: missing column [update_time] in table [restaurant]
2025-02-37 19:07 o.s.b.w.s.c.AnnotationConfigServletWebServerApplicationContext-Exception encountered during context initialization - cancelling refresh attempt: org.springframework.beans.factory.BeanCreationException: Error creating bean with name 'entityManagerFactory' defined in class path resource [org/springframework/boot/autoconfigure/orm/jpa/HibernateJpaConfiguration.class]: [PersistenceUnit: default] Unable to build Hibernate SessionFactory; nested exception is org.hibernate.tool.schema.spi.SchemaManagementException: Schema-validation: missing column [update_time] in table [restaurant]
2025-02-37 19:07 com.zaxxer.hikari.HikariDataSource-HikariPool-1 - Shutdown initiated...
2025-02-37 19:07 com.zaxxer.hikari.HikariDataSource-HikariPool-1 - Shutdown completed.
2025-02-37 19:07 o.a.catalina.core.StandardService-Stopping service [Tomcat]
2025-02-37 19:07 o.s.b.a.l.ConditionEvaluationReportLogger-

Error starting ApplicationContext. To display the condition evaluation report re-run your application with 'debug' enabled.
2025-02-37 19:07 o.s.boot.SpringApplication-Application run failed
org.springframework.beans.factory.BeanCreationException: Error creating bean with name 'entityManagerFactory' defined in class path resource [org/springframework/boot/autoconfigure/orm/jpa/HibernateJpaConfiguration.class]: [PersistenceUnit: default] Unable to build Hibernate SessionFactory; nested exception is org.hibernate.tool.schema.spi.SchemaManagementException: Schema-validation: missing column [update_time] in table [restaurant]
	at org.springframework.beans.factory.support.AbstractAutowireCapableBeanFactory.initializeBean(AbstractAutowireCapableBeanFactory.java:1812)
	at org.springframework.beans.factory.support.AbstractAutowireCapableBeanFactory.doCreateBean(AbstractAutowireCapableBeanFactory.java:601)
	at org.springframework.beans.factory.support.AbstractAutowireCapableBeanFactory.createBean(AbstractAutowireCapableBeanFactory.java:523)
	at org.springframework.beans.factory.support.AbstractBeanFactory.lambda$doGetBean$0(AbstractBeanFactory.java:336)
	at org.springframework.beans.factory.support.DefaultSingletonBeanRegistry.getSingleton(DefaultSingletonBeanRegistry.java:307)
	at org.springframework.beans.factory.support.AbstractBeanFactory.doGetBean(AbstractBeanFactory.java:334)
	at org.springframework.beans.factory.support.AbstractBeanFactory.getBean(AbstractBeanFactory.java:204)
	at org.springframework.context.support.AbstractApplicationContext.finishBeanFactoryInitialization(AbstractApplicationContext.java:970)
	at org.springframework.context.support.AbstractApplicationContext.refresh(AbstractApplicationContext.java:627)
	at org.springframework.boot.web.servlet.context.ServletWebServerApplicationContext.refresh(ServletWebServerApplicationContext.java:146)
	at org.springframework.boot.SpringApplication.refresh(SpringApplication.java:752)
	at org.springframework.boot.SpringApplication.refreshContext(SpringApplication.java:439)
	at org.springframework.boot.SpringApplication.run(SpringApplication.java:318)
	at org.springframework.boot.SpringApplication.run(SpringApplication.java:1361)
	at org.springframework.boot.SpringApplication.run(SpringApplication.java:1350)
	at com.beyond.StomachForce.StomachForceApplication.main(StomachForceApplication.java:9)
Caused by: jakarta.persistence.PersistenceException: [PersistenceUnit: default] Unable to build Hibernate SessionFactory; nested exception is org.hibernate.tool.schema.spi.SchemaManagementException: Schema-validation: missing column [update_time] in table [restaurant]
	at org.springframework.orm.jpa.AbstractEntityManagerFactoryBean.buildNativeEntityManagerFactory(AbstractEntityManagerFactoryBean.java:431)
	at org.springframework.orm.jpa.AbstractEntityManagerFactoryBean.afterPropertiesSet(AbstractEntityManagerFactoryBean.java:400)
	at org.springframework.orm.jpa.LocalContainerEntityManagerFactoryBean.afterPropertiesSet(LocalContainerEntityManagerFactoryBean.java:366)
	at org.springframework.beans.factory.support.AbstractAutowireCapableBeanFactory.invokeInitMethods(AbstractAutowireCapableBeanFactory.java:1859)
	at org.springframework.beans.factory.support.AbstractAutowireCapableBeanFactory.initializeBean(AbstractAutowireCapableBeanFactory.java:1808)
	... 15 common frames omitted
Caused by: org.hibernate.tool.schema.spi.SchemaManagementException: Schema-validation: missing column [update_time] in table [restaurant]
	at org.hibernate.tool.schema.internal.AbstractSchemaValidator.validateTable(AbstractSchemaValidator.java:149)
	at org.hibernate.tool.schema.internal.GroupedSchemaValidatorImpl.validateTables(GroupedSchemaValidatorImpl.java:46)
	at org.hibernate.tool.schema.internal.AbstractSchemaValidator.performValidation(AbstractSchemaValidator.java:99)
	at org.hibernate.tool.schema.internal.AbstractSchemaValidator.doValidation(AbstractSchemaValidator.java:77)
	at org.hibernate.tool.schema.spi.SchemaManagementToolCoordinator.performDatabaseAction(SchemaManagementToolCoordinator.java:289)
	at org.hibernate.tool.schema.spi.SchemaManagementToolCoordinator.lambda$process$5(SchemaManagementToolCoordinator.java:144)
	at java.base/java.util.HashMap.forEach(HashMap.java:1421)
	at org.hibernate.tool.schema.spi.SchemaManagementToolCoordinator.process(SchemaManagementToolCoordinator.java:141)
	at org.hibernate.boot.internal.SessionFactoryObserverForSchemaExport.sessionFactoryCreated(SessionFactoryObserverForSchemaExport.java:37)
	at org.hibernate.internal.SessionFactoryObserverChain.sessionFactoryCreated(SessionFactoryObserverChain.java:35)
	at org.hibernate.internal.SessionFactoryImpl.<init>(SessionFactoryImpl.java:324)
	at org.hibernate.boot.internal.SessionFactoryBuilderImpl.build(SessionFactoryBuilderImpl.java:463)
	at org.hibernate.jpa.boot.internal.EntityManagerFactoryBuilderImpl.build(EntityManagerFactoryBuilderImpl.java:1506)
	at org.springframework.orm.jpa.vendor.SpringHibernateJpaPersistenceProvider.createContainerEntityManagerFactory(SpringHibernateJpaPersistenceProvider.java:66)
	at org.springframework.orm.jpa.LocalContainerEntityManagerFactoryBean.createNativeEntityManagerFactory(LocalContainerEntityManagerFactoryBean.java:390)
	at org.springframework.orm.jpa.AbstractEntityManagerFactoryBean.buildNativeEntityManagerFactory(AbstractEntityManagerFactoryBean.java:419)
	... 19 common frames omitted
2025-02-37 19:09 o.h.validator.internal.util.Version-HV000001: Hibernate Validator 8.0.2.Final
2025-02-37 19:09 c.b.S.StomachForceApplication-Starting StomachForceApplication using Java 17.0.13 with PID 23192 (C:\Users\Playdata\Desktop\be11-2nd-ChulungChulung-StomachForce-BE\build\classes\java\main started by Playdata in C:\Users\Playdata\Desktop\be11-2nd-ChulungChulung-StomachForce-BE)
2025-02-37 19:09 c.b.S.StomachForceApplication-No active profile set, falling back to 1 default profile: "default"
2025-02-37 19:09 o.s.d.r.c.RepositoryConfigurationDelegate-Multiple Spring Data modules found, entering strict repository configuration mode
2025-02-37 19:09 o.s.d.r.c.RepositoryConfigurationDelegate-Bootstrapping Spring Data JPA repositories in DEFAULT mode.
2025-02-37 19:09 o.s.d.r.c.RepositoryConfigurationDelegate-Finished Spring Data repository scanning in 169 ms. Found 10 JPA repository interfaces.
2025-02-37 19:09 o.s.d.r.c.RepositoryConfigurationDelegate-Multiple Spring Data modules found, entering strict repository configuration mode
2025-02-37 19:09 o.s.d.r.c.RepositoryConfigurationDelegate-Bootstrapping Spring Data Redis repositories in DEFAULT mode.
2025-02-37 19:09 o.s.d.r.c.RepositoryConfigurationExtensionSupport-Spring Data Redis - Could not safely identify store assignment for repository candidate interface com.beyond.StomachForce.Post.repository.LikeRepository; If you want this repository to be a Redis repository, consider annotating your entities with one of these annotations: org.springframework.data.redis.core.RedisHash (preferred), or consider extending one of the following types with your repository: org.springframework.data.keyvalue.repository.KeyValueRepository
2025-02-37 19:09 o.s.d.r.c.RepositoryConfigurationExtensionSupport-Spring Data Redis - Could not safely identify store assignment for repository candidate interface com.beyond.StomachForce.Post.repository.PostRepository; If you want this repository to be a Redis repository, consider annotating your entities with one of these annotations: org.springframework.data.redis.core.RedisHash (preferred), or consider extending one of the following types with your repository: org.springframework.data.keyvalue.repository.KeyValueRepository
2025-02-37 19:09 o.s.d.r.c.RepositoryConfigurationExtensionSupport-Spring Data Redis - Could not safely identify store assignment for repository candidate interface com.beyond.StomachForce.restaurant.repository.AddressRepository; If you want this repository to be a Redis repository, consider annotating your entities with one of these annotations: org.springframework.data.redis.core.RedisHash (preferred), or consider extending one of the following types with your repository: org.springframework.data.keyvalue.repository.KeyValueRepository
2025-02-37 19:09 o.s.d.r.c.RepositoryConfigurationExtensionSupport-Spring Data Redis - Could not safely identify store assignment for repository candidate interface com.beyond.StomachForce.restaurant.repository.BookmarkRepository; If you want this repository to be a Redis repository, consider annotating your entities with one of these annotations: org.springframework.data.redis.core.RedisHash (preferred), or consider extending one of the following types with your repository: org.springframework.data.keyvalue.repository.KeyValueRepository
2025-02-37 19:09 o.s.d.r.c.RepositoryConfigurationExtensionSupport-Spring Data Redis - Could not safely identify store assignment for repository candidate interface com.beyond.StomachForce.restaurant.repository.RestaurantConvenienceRepository; If you want this repository to be a Redis repository, consider annotating your entities with one of these annotations: org.springframework.data.redis.core.RedisHash (preferred), or consider extending one of the following types with your repository: org.springframework.data.keyvalue.repository.KeyValueRepository
2025-02-37 19:09 o.s.d.r.c.RepositoryConfigurationExtensionSupport-Spring Data Redis - Could not safely identify store assignment for repository candidate interface com.beyond.StomachForce.restaurant.repository.RestaurantPhotoRepository; If you want this repository to be a Redis repository, consider annotating your entities with one of these annotations: org.springframework.data.redis.core.RedisHash (preferred), or consider extending one of the following types with your repository: org.springframework.data.keyvalue.repository.KeyValueRepository
2025-02-37 19:09 o.s.d.r.c.RepositoryConfigurationExtensionSupport-Spring Data Redis - Could not safely identify store assignment for repository candidate interface com.beyond.StomachForce.restaurant.repository.RestaurantRepository; If you want this repository to be a Redis repository, consider annotating your entities with one of these annotations: org.springframework.data.redis.core.RedisHash (preferred), or consider extending one of the following types with your repository: org.springframework.data.keyvalue.repository.KeyValueRepository
2025-02-37 19:09 o.s.d.r.c.RepositoryConfigurationExtensionSupport-Spring Data Redis - Could not safely identify store assignment for repository candidate interface com.beyond.StomachForce.review.repository.ReviewPhotoRepository; If you want this repository to be a Redis repository, consider annotating your entities with one of these annotations: org.springframework.data.redis.core.RedisHash (preferred), or consider extending one of the following types with your repository: org.springframework.data.keyvalue.repository.KeyValueRepository
2025-02-37 19:09 o.s.d.r.c.RepositoryConfigurationExtensionSupport-Spring Data Redis - Could not safely identify store assignment for repository candidate interface com.beyond.StomachForce.review.repository.ReviewRepository; If you want this repository to be a Redis repository, consider annotating your entities with one of these annotations: org.springframework.data.redis.core.RedisHash (preferred), or consider extending one of the following types with your repository: org.springframework.data.keyvalue.repository.KeyValueRepository
2025-02-37 19:09 o.s.d.r.c.RepositoryConfigurationExtensionSupport-Spring Data Redis - Could not safely identify store assignment for repository candidate interface com.beyond.StomachForce.User.repository.UserRepository; If you want this repository to be a Redis repository, consider annotating your entities with one of these annotations: org.springframework.data.redis.core.RedisHash (preferred), or consider extending one of the following types with your repository: org.springframework.data.keyvalue.repository.KeyValueRepository
2025-02-37 19:09 o.s.d.r.c.RepositoryConfigurationDelegate-Finished Spring Data repository scanning in 27 ms. Found 0 Redis repository interfaces.
2025-02-37 19:09 o.s.b.w.e.tomcat.TomcatWebServer-Tomcat initialized with port 8080 (http)
2025-02-37 19:09 o.a.coyote.http11.Http11NioProtocol-Initializing ProtocolHandler ["http-nio-8080"]
2025-02-37 19:09 o.a.catalina.core.StandardService-Starting service [Tomcat]
2025-02-37 19:09 o.a.catalina.core.StandardEngine-Starting Servlet engine: [Apache Tomcat/10.1.34]
2025-02-37 19:09 o.a.c.c.C.[Tomcat].[localhost].[/]-Initializing Spring embedded WebApplicationContext
2025-02-37 19:09 o.s.b.w.s.c.ServletWebServerApplicationContext-Root WebApplicationContext: initialization completed in 1609 ms
2025-02-37 19:09 o.h.jpa.internal.util.LogHelper-HHH000204: Processing PersistenceUnitInfo [name: default]
2025-02-37 19:09 org.hibernate.Version-HHH000412: Hibernate ORM core version 6.6.5.Final
2025-02-37 19:09 o.h.c.i.RegionFactoryInitiator-HHH000026: Second-level cache disabled
2025-02-37 19:09 o.s.o.j.p.SpringPersistenceUnitInfo-No LoadTimeWeaver setup: ignoring JPA class transformer
2025-02-37 19:09 com.zaxxer.hikari.HikariDataSource-HikariPool-1 - Starting...
2025-02-37 19:09 com.zaxxer.hikari.pool.HikariPool-HikariPool-1 - Added connection org.mariadb.jdbc.Connection@67a38
2025-02-37 19:09 com.zaxxer.hikari.HikariDataSource-HikariPool-1 - Start completed.
2025-02-37 19:09 org.hibernate.orm.deprecation-HHH90000025: MariaDBDialect does not need to be specified explicitly using 'hibernate.dialect' (remove the property setting and it will be selected by default)
2025-02-37 19:09 o.hibernate.orm.connections.pooling-HHH10001005: Database info:
	Database JDBC URL [Connecting through datasource 'HikariDataSource (HikariPool-1)']
	Database driver: undefined/unknown
	Database version: 11.4.4
	Autocommit mode: undefined/unknown
	Isolation level: undefined/unknown
	Minimum pool size: undefined/unknown
	Maximum pool size: undefined/unknown
2025-02-37 19:09 o.h.e.t.j.p.i.JtaPlatformInitiator-HHH000489: No JTA platform available (set 'hibernate.transaction.jta.platform' to enable JTA platform integration)
2025-02-37 19:09 o.s.o.j.LocalContainerEntityManagerFactoryBean-Initialized JPA EntityManagerFactory for persistence unit 'default'
2025-02-37 19:09 o.s.d.j.r.query.QueryEnhancerFactory-Hibernate is in classpath; If applicable, HQL parser will be used.
2025-02-37 19:09 o.s.b.a.o.j.JpaBaseConfiguration$JpaWebConfiguration-spring.jpa.open-in-view is enabled by default. Therefore, database queries may be performed during view rendering. Explicitly configure spring.jpa.open-in-view to disable this warning
2025-02-37 19:09 o.s.b.a.s.s.UserDetailsServiceAutoConfiguration-

Using generated security password: 3fab8d13-8955-429d-9243-1cdd673fc633

This generated password is for development use only. Your security configuration must be updated before running your application in production.

2025-02-37 19:09 o.s.s.c.a.a.c.InitializeUserDetailsBeanManagerConfigurer$InitializeUserDetailsManagerConfigurer-Global AuthenticationManager configured with UserDetailsService bean with name inMemoryUserDetailsManager
2025-02-37 19:09 o.a.coyote.http11.Http11NioProtocol-Starting ProtocolHandler ["http-nio-8080"]
2025-02-37 19:09 o.s.b.w.e.tomcat.TomcatWebServer-Tomcat started on port 8080 (http) with context path '/'
2025-02-37 19:09 c.b.S.StomachForceApplication-Started StomachForceApplication in 6.034 seconds (process running for 6.861)
2025-02-37 19:11 o.a.c.c.C.[Tomcat].[localhost].[/]-Initializing Spring DispatcherServlet 'dispatcherServlet'
2025-02-37 19:11 o.s.web.servlet.DispatcherServlet-Initializing Servlet 'dispatcherServlet'
2025-02-37 19:11 o.s.web.servlet.DispatcherServlet-Completed initialization in 1 ms
2025-02-37 19:13 c.b.S.C.c.CommonExceptionHandler-email already exists
2025-02-37 19:24 o.s.b.w.e.tomcat.GracefulShutdown-Commencing graceful shutdown. Waiting for active requests to complete
2025-02-37 19:24 o.s.b.w.e.tomcat.GracefulShutdown-Graceful shutdown complete
2025-02-37 19:24 o.s.o.j.LocalContainerEntityManagerFactoryBean-Closing JPA EntityManagerFactory for persistence unit 'default'
2025-02-37 19:24 com.zaxxer.hikari.HikariDataSource-HikariPool-1 - Shutdown initiated...
2025-02-37 19:24 com.zaxxer.hikari.HikariDataSource-HikariPool-1 - Shutdown completed.
2025-02-37 19:24 o.h.validator.internal.util.Version-HV000001: Hibernate Validator 8.0.2.Final
2025-02-37 19:24 c.b.S.StomachForceApplication-Starting StomachForceApplication using Java 17.0.13 with PID 24556 (C:\Users\Playdata\Desktop\be11-2nd-ChulungChulung-StomachForce-BE\build\classes\java\main started by Playdata in C:\Users\Playdata\Desktop\be11-2nd-ChulungChulung-StomachForce-BE)
2025-02-37 19:24 c.b.S.StomachForceApplication-No active profile set, falling back to 1 default profile: "default"
2025-02-37 19:24 o.s.d.r.c.RepositoryConfigurationDelegate-Multiple Spring Data modules found, entering strict repository configuration mode
2025-02-37 19:24 o.s.d.r.c.RepositoryConfigurationDelegate-Bootstrapping Spring Data JPA repositories in DEFAULT mode.
2025-02-37 19:24 o.s.d.r.c.RepositoryConfigurationDelegate-Finished Spring Data repository scanning in 172 ms. Found 10 JPA repository interfaces.
2025-02-37 19:24 o.s.d.r.c.RepositoryConfigurationDelegate-Multiple Spring Data modules found, entering strict repository configuration mode
2025-02-37 19:24 o.s.d.r.c.RepositoryConfigurationDelegate-Bootstrapping Spring Data Redis repositories in DEFAULT mode.
2025-02-37 19:24 o.s.d.r.c.RepositoryConfigurationExtensionSupport-Spring Data Redis - Could not safely identify store assignment for repository candidate interface com.beyond.StomachForce.Post.repository.LikeRepository; If you want this repository to be a Redis repository, consider annotating your entities with one of these annotations: org.springframework.data.redis.core.RedisHash (preferred), or consider extending one of the following types with your repository: org.springframework.data.keyvalue.repository.KeyValueRepository
2025-02-37 19:24 o.s.d.r.c.RepositoryConfigurationExtensionSupport-Spring Data Redis - Could not safely identify store assignment for repository candidate interface com.beyond.StomachForce.Post.repository.PostRepository; If you want this repository to be a Redis repository, consider annotating your entities with one of these annotations: org.springframework.data.redis.core.RedisHash (preferred), or consider extending one of the following types with your repository: org.springframework.data.keyvalue.repository.KeyValueRepository
2025-02-37 19:24 o.s.d.r.c.RepositoryConfigurationExtensionSupport-Spring Data Redis - Could not safely identify store assignment for repository candidate interface com.beyond.StomachForce.restaurant.repository.AddressRepository; If you want this repository to be a Redis repository, consider annotating your entities with one of these annotations: org.springframework.data.redis.core.RedisHash (preferred), or consider extending one of the following types with your repository: org.springframework.data.keyvalue.repository.KeyValueRepository
2025-02-37 19:24 o.s.d.r.c.RepositoryConfigurationExtensionSupport-Spring Data Redis - Could not safely identify store assignment for repository candidate interface com.beyond.StomachForce.restaurant.repository.BookmarkRepository; If you want this repository to be a Redis repository, consider annotating your entities with one of these annotations: org.springframework.data.redis.core.RedisHash (preferred), or consider extending one of the following types with your repository: org.springframework.data.keyvalue.repository.KeyValueRepository
2025-02-37 19:24 o.s.d.r.c.RepositoryConfigurationExtensionSupport-Spring Data Redis - Could not safely identify store assignment for repository candidate interface com.beyond.StomachForce.restaurant.repository.RestaurantConvenienceRepository; If you want this repository to be a Redis repository, consider annotating your entities with one of these annotations: org.springframework.data.redis.core.RedisHash (preferred), or consider extending one of the following types with your repository: org.springframework.data.keyvalue.repository.KeyValueRepository
2025-02-37 19:24 o.s.d.r.c.RepositoryConfigurationExtensionSupport-Spring Data Redis - Could not safely identify store assignment for repository candidate interface com.beyond.StomachForce.restaurant.repository.RestaurantPhotoRepository; If you want this repository to be a Redis repository, consider annotating your entities with one of these annotations: org.springframework.data.redis.core.RedisHash (preferred), or consider extending one of the following types with your repository: org.springframework.data.keyvalue.repository.KeyValueRepository
2025-02-37 19:24 o.s.d.r.c.RepositoryConfigurationExtensionSupport-Spring Data Redis - Could not safely identify store assignment for repository candidate interface com.beyond.StomachForce.restaurant.repository.RestaurantRepository; If you want this repository to be a Redis repository, consider annotating your entities with one of these annotations: org.springframework.data.redis.core.RedisHash (preferred), or consider extending one of the following types with your repository: org.springframework.data.keyvalue.repository.KeyValueRepository
2025-02-37 19:24 o.s.d.r.c.RepositoryConfigurationExtensionSupport-Spring Data Redis - Could not safely identify store assignment for repository candidate interface com.beyond.StomachForce.review.repository.ReviewPhotoRepository; If you want this repository to be a Redis repository, consider annotating your entities with one of these annotations: org.springframework.data.redis.core.RedisHash (preferred), or consider extending one of the following types with your repository: org.springframework.data.keyvalue.repository.KeyValueRepository
2025-02-37 19:24 o.s.d.r.c.RepositoryConfigurationExtensionSupport-Spring Data Redis - Could not safely identify store assignment for repository candidate interface com.beyond.StomachForce.review.repository.ReviewRepository; If you want this repository to be a Redis repository, consider annotating your entities with one of these annotations: org.springframework.data.redis.core.RedisHash (preferred), or consider extending one of the following types with your repository: org.springframework.data.keyvalue.repository.KeyValueRepository
2025-02-37 19:24 o.s.d.r.c.RepositoryConfigurationExtensionSupport-Spring Data Redis - Could not safely identify store assignment for repository candidate interface com.beyond.StomachForce.User.repository.UserRepository; If you want this repository to be a Redis repository, consider annotating your entities with one of these annotations: org.springframework.data.redis.core.RedisHash (preferred), or consider extending one of the following types with your repository: org.springframework.data.keyvalue.repository.KeyValueRepository
2025-02-37 19:24 o.s.d.r.c.RepositoryConfigurationDelegate-Finished Spring Data repository scanning in 16 ms. Found 0 Redis repository interfaces.
2025-02-37 19:24 o.s.b.w.e.tomcat.TomcatWebServer-Tomcat initialized with port 8080 (http)
2025-02-37 19:24 o.a.coyote.http11.Http11NioProtocol-Initializing ProtocolHandler ["http-nio-8080"]
2025-02-37 19:24 o.a.catalina.core.StandardService-Starting service [Tomcat]
2025-02-37 19:24 o.a.catalina.core.StandardEngine-Starting Servlet engine: [Apache Tomcat/10.1.34]
2025-02-37 19:24 o.a.c.c.C.[Tomcat].[localhost].[/]-Initializing Spring embedded WebApplicationContext
2025-02-37 19:24 o.s.b.w.s.c.ServletWebServerApplicationContext-Root WebApplicationContext: initialization completed in 1663 ms
2025-02-37 19:24 o.h.jpa.internal.util.LogHelper-HHH000204: Processing PersistenceUnitInfo [name: default]
2025-02-37 19:24 org.hibernate.Version-HHH000412: Hibernate ORM core version 6.6.5.Final
2025-02-37 19:24 o.h.c.i.RegionFactoryInitiator-HHH000026: Second-level cache disabled
2025-02-37 19:24 o.s.o.j.p.SpringPersistenceUnitInfo-No LoadTimeWeaver setup: ignoring JPA class transformer
2025-02-37 19:24 com.zaxxer.hikari.HikariDataSource-HikariPool-1 - Starting...
2025-02-37 19:24 com.zaxxer.hikari.pool.HikariPool-HikariPool-1 - Added connection org.mariadb.jdbc.Connection@6f9a3325
2025-02-37 19:24 com.zaxxer.hikari.HikariDataSource-HikariPool-1 - Start completed.
2025-02-37 19:24 org.hibernate.orm.deprecation-HHH90000025: MariaDBDialect does not need to be specified explicitly using 'hibernate.dialect' (remove the property setting and it will be selected by default)
2025-02-37 19:24 o.hibernate.orm.connections.pooling-HHH10001005: Database info:
	Database JDBC URL [Connecting through datasource 'HikariDataSource (HikariPool-1)']
	Database driver: undefined/unknown
	Database version: 11.4.4
	Autocommit mode: undefined/unknown
	Isolation level: undefined/unknown
	Minimum pool size: undefined/unknown
	Maximum pool size: undefined/unknown
2025-02-37 19:24 o.h.e.t.j.p.i.JtaPlatformInitiator-HHH000489: No JTA platform available (set 'hibernate.transaction.jta.platform' to enable JTA platform integration)
2025-02-37 19:24 o.s.o.j.LocalContainerEntityManagerFactoryBean-Initialized JPA EntityManagerFactory for persistence unit 'default'
2025-02-37 19:24 o.s.d.j.r.query.QueryEnhancerFactory-Hibernate is in classpath; If applicable, HQL parser will be used.
2025-02-37 19:24 o.s.b.a.o.j.JpaBaseConfiguration$JpaWebConfiguration-spring.jpa.open-in-view is enabled by default. Therefore, database queries may be performed during view rendering. Explicitly configure spring.jpa.open-in-view to disable this warning
2025-02-37 19:24 o.s.b.a.s.s.UserDetailsServiceAutoConfiguration-

Using generated security password: fe31861f-9aa7-497c-a93d-2562e2789509

This generated password is for development use only. Your security configuration must be updated before running your application in production.

2025-02-37 19:24 o.s.s.c.a.a.c.InitializeUserDetailsBeanManagerConfigurer$InitializeUserDetailsManagerConfigurer-Global AuthenticationManager configured with UserDetailsService bean with name inMemoryUserDetailsManager
2025-02-37 19:24 o.a.coyote.http11.Http11NioProtocol-Starting ProtocolHandler ["http-nio-8080"]
2025-02-37 19:24 o.s.b.w.e.tomcat.TomcatWebServer-Tomcat started on port 8080 (http) with context path '/'
2025-02-37 19:24 c.b.S.StomachForceApplication-Started StomachForceApplication in 6.191 seconds (process running for 6.986)
2025-02-37 19:24 o.a.c.c.C.[Tomcat].[localhost].[/]-Initializing Spring DispatcherServlet 'dispatcherServlet'
2025-02-37 19:24 o.s.web.servlet.DispatcherServlet-Initializing Servlet 'dispatcherServlet'
2025-02-37 19:24 o.s.web.servlet.DispatcherServlet-Completed initialization in 1 ms
2025-02-37 19:55 com.zaxxer.hikari.pool.HikariPool-HikariPool-1 - Thread starvation or clock leap detected (housekeeper delta=23m20s624ms789µs500ns).
2025-02-37 21:00 com.zaxxer.hikari.pool.HikariPool-HikariPool-1 - Thread starvation or clock leap detected (housekeeper delta=10m16s723ms482µs500ns).
2025-02-37 21:41 o.s.b.w.e.tomcat.GracefulShutdown-Commencing graceful shutdown. Waiting for active requests to complete
2025-02-37 21:41 o.s.b.w.e.tomcat.GracefulShutdown-Graceful shutdown complete
2025-02-37 21:41 o.s.o.j.LocalContainerEntityManagerFactoryBean-Closing JPA EntityManagerFactory for persistence unit 'default'
2025-02-37 21:41 com.zaxxer.hikari.HikariDataSource-HikariPool-1 - Shutdown initiated...
2025-02-37 21:41 com.zaxxer.hikari.HikariDataSource-HikariPool-1 - Shutdown completed.
2025-02-37 21:41 o.h.validator.internal.util.Version-HV000001: Hibernate Validator 8.0.2.Final
2025-02-37 21:41 c.b.S.StomachForceApplication-Starting StomachForceApplication using Java 17.0.13 with PID 10032 (C:\Users\Playdata\Desktop\be11-2nd-ChulungChulung-StomachForce-BE\build\classes\java\main started by Playdata in C:\Users\Playdata\Desktop\be11-2nd-ChulungChulung-StomachForce-BE)
2025-02-37 21:41 c.b.S.StomachForceApplication-No active profile set, falling back to 1 default profile: "default"
2025-02-37 21:41 o.s.d.r.c.RepositoryConfigurationDelegate-Multiple Spring Data modules found, entering strict repository configuration mode
2025-02-37 21:41 o.s.d.r.c.RepositoryConfigurationDelegate-Bootstrapping Spring Data JPA repositories in DEFAULT mode.
2025-02-37 21:41 o.s.d.r.c.RepositoryConfigurationDelegate-Finished Spring Data repository scanning in 186 ms. Found 10 JPA repository interfaces.
2025-02-37 21:41 o.s.d.r.c.RepositoryConfigurationDelegate-Multiple Spring Data modules found, entering strict repository configuration mode
2025-02-37 21:41 o.s.d.r.c.RepositoryConfigurationDelegate-Bootstrapping Spring Data Redis repositories in DEFAULT mode.
2025-02-37 21:41 o.s.d.r.c.RepositoryConfigurationExtensionSupport-Spring Data Redis - Could not safely identify store assignment for repository candidate interface com.beyond.StomachForce.Post.repository.LikeRepository; If you want this repository to be a Redis repository, consider annotating your entities with one of these annotations: org.springframework.data.redis.core.RedisHash (preferred), or consider extending one of the following types with your repository: org.springframework.data.keyvalue.repository.KeyValueRepository
2025-02-37 21:41 o.s.d.r.c.RepositoryConfigurationExtensionSupport-Spring Data Redis - Could not safely identify store assignment for repository candidate interface com.beyond.StomachForce.Post.repository.PostRepository; If you want this repository to be a Redis repository, consider annotating your entities with one of these annotations: org.springframework.data.redis.core.RedisHash (preferred), or consider extending one of the following types with your repository: org.springframework.data.keyvalue.repository.KeyValueRepository
2025-02-37 21:41 o.s.d.r.c.RepositoryConfigurationExtensionSupport-Spring Data Redis - Could not safely identify store assignment for repository candidate interface com.beyond.StomachForce.restaurant.repository.AddressRepository; If you want this repository to be a Redis repository, consider annotating your entities with one of these annotations: org.springframework.data.redis.core.RedisHash (preferred), or consider extending one of the following types with your repository: org.springframework.data.keyvalue.repository.KeyValueRepository
2025-02-37 21:41 o.s.d.r.c.RepositoryConfigurationExtensionSupport-Spring Data Redis - Could not safely identify store assignment for repository candidate interface com.beyond.StomachForce.restaurant.repository.BookmarkRepository; If you want this repository to be a Redis repository, consider annotating your entities with one of these annotations: org.springframework.data.redis.core.RedisHash (preferred), or consider extending one of the following types with your repository: org.springframework.data.keyvalue.repository.KeyValueRepository
2025-02-37 21:41 o.s.d.r.c.RepositoryConfigurationExtensionSupport-Spring Data Redis - Could not safely identify store assignment for repository candidate interface com.beyond.StomachForce.restaurant.repository.RestaurantConvenienceRepository; If you want this repository to be a Redis repository, consider annotating your entities with one of these annotations: org.springframework.data.redis.core.RedisHash (preferred), or consider extending one of the following types with your repository: org.springframework.data.keyvalue.repository.KeyValueRepository
2025-02-37 21:41 o.s.d.r.c.RepositoryConfigurationExtensionSupport-Spring Data Redis - Could not safely identify store assignment for repository candidate interface com.beyond.StomachForce.restaurant.repository.RestaurantPhotoRepository; If you want this repository to be a Redis repository, consider annotating your entities with one of these annotations: org.springframework.data.redis.core.RedisHash (preferred), or consider extending one of the following types with your repository: org.springframework.data.keyvalue.repository.KeyValueRepository
2025-02-37 21:41 o.s.d.r.c.RepositoryConfigurationExtensionSupport-Spring Data Redis - Could not safely identify store assignment for repository candidate interface com.beyond.StomachForce.restaurant.repository.RestaurantRepository; If you want this repository to be a Redis repository, consider annotating your entities with one of these annotations: org.springframework.data.redis.core.RedisHash (preferred), or consider extending one of the following types with your repository: org.springframework.data.keyvalue.repository.KeyValueRepository
2025-02-37 21:41 o.s.d.r.c.RepositoryConfigurationExtensionSupport-Spring Data Redis - Could not safely identify store assignment for repository candidate interface com.beyond.StomachForce.review.repository.ReviewPhotoRepository; If you want this repository to be a Redis repository, consider annotating your entities with one of these annotations: org.springframework.data.redis.core.RedisHash (preferred), or consider extending one of the following types with your repository: org.springframework.data.keyvalue.repository.KeyValueRepository
2025-02-37 21:41 o.s.d.r.c.RepositoryConfigurationExtensionSupport-Spring Data Redis - Could not safely identify store assignment for repository candidate interface com.beyond.StomachForce.review.repository.ReviewRepository; If you want this repository to be a Redis repository, consider annotating your entities with one of these annotations: org.springframework.data.redis.core.RedisHash (preferred), or consider extending one of the following types with your repository: org.springframework.data.keyvalue.repository.KeyValueRepository
2025-02-37 21:41 o.s.d.r.c.RepositoryConfigurationExtensionSupport-Spring Data Redis - Could not safely identify store assignment for repository candidate interface com.beyond.StomachForce.User.repository.UserRepository; If you want this repository to be a Redis repository, consider annotating your entities with one of these annotations: org.springframework.data.redis.core.RedisHash (preferred), or consider extending one of the following types with your repository: org.springframework.data.keyvalue.repository.KeyValueRepository
2025-02-37 21:41 o.s.d.r.c.RepositoryConfigurationDelegate-Finished Spring Data repository scanning in 16 ms. Found 0 Redis repository interfaces.
2025-02-37 21:41 o.s.b.w.e.tomcat.TomcatWebServer-Tomcat initialized with port 8080 (http)
2025-02-37 21:41 o.a.coyote.http11.Http11NioProtocol-Initializing ProtocolHandler ["http-nio-8080"]
2025-02-37 21:41 o.a.catalina.core.StandardService-Starting service [Tomcat]
2025-02-37 21:41 o.a.catalina.core.StandardEngine-Starting Servlet engine: [Apache Tomcat/10.1.34]
2025-02-37 21:41 o.a.c.c.C.[Tomcat].[localhost].[/]-Initializing Spring embedded WebApplicationContext
2025-02-37 21:41 o.s.b.w.s.c.ServletWebServerApplicationContext-Root WebApplicationContext: initialization completed in 1934 ms
2025-02-37 21:41 o.h.jpa.internal.util.LogHelper-HHH000204: Processing PersistenceUnitInfo [name: default]
2025-02-37 21:41 org.hibernate.Version-HHH000412: Hibernate ORM core version 6.6.5.Final
2025-02-37 21:41 o.h.c.i.RegionFactoryInitiator-HHH000026: Second-level cache disabled
2025-02-37 21:41 o.s.o.j.p.SpringPersistenceUnitInfo-No LoadTimeWeaver setup: ignoring JPA class transformer
2025-02-37 21:41 com.zaxxer.hikari.HikariDataSource-HikariPool-1 - Starting...
2025-02-37 21:41 com.zaxxer.hikari.pool.HikariPool-HikariPool-1 - Added connection org.mariadb.jdbc.Connection@75d539b9
2025-02-37 21:41 com.zaxxer.hikari.HikariDataSource-HikariPool-1 - Start completed.
2025-02-37 21:41 org.hibernate.orm.deprecation-HHH90000025: MariaDBDialect does not need to be specified explicitly using 'hibernate.dialect' (remove the property setting and it will be selected by default)
2025-02-37 21:41 o.hibernate.orm.connections.pooling-HHH10001005: Database info:
	Database JDBC URL [Connecting through datasource 'HikariDataSource (HikariPool-1)']
	Database driver: undefined/unknown
	Database version: 11.4.4
	Autocommit mode: undefined/unknown
	Isolation level: undefined/unknown
	Minimum pool size: undefined/unknown
	Maximum pool size: undefined/unknown
2025-02-37 21:41 o.h.e.t.j.p.i.JtaPlatformInitiator-HHH000489: No JTA platform available (set 'hibernate.transaction.jta.platform' to enable JTA platform integration)
2025-02-37 21:41 o.s.o.j.LocalContainerEntityManagerFactoryBean-Initialized JPA EntityManagerFactory for persistence unit 'default'
2025-02-37 21:41 o.s.d.j.r.query.QueryEnhancerFactory-Hibernate is in classpath; If applicable, HQL parser will be used.
2025-02-37 21:41 o.s.b.a.o.j.JpaBaseConfiguration$JpaWebConfiguration-spring.jpa.open-in-view is enabled by default. Therefore, database queries may be performed during view rendering. Explicitly configure spring.jpa.open-in-view to disable this warning
2025-02-37 21:41 o.s.b.a.s.s.UserDetailsServiceAutoConfiguration-

Using generated security password: dfff989c-6b6b-42fc-9ffb-9a932abd0918

This generated password is for development use only. Your security configuration must be updated before running your application in production.

2025-02-37 21:41 o.s.s.c.a.a.c.InitializeUserDetailsBeanManagerConfigurer$InitializeUserDetailsManagerConfigurer-Global AuthenticationManager configured with UserDetailsService bean with name inMemoryUserDetailsManager
2025-02-37 21:41 o.a.coyote.http11.Http11NioProtocol-Starting ProtocolHandler ["http-nio-8080"]
2025-02-37 21:41 o.s.b.w.e.tomcat.TomcatWebServer-Tomcat started on port 8080 (http) with context path '/'
2025-02-37 21:41 c.b.S.StomachForceApplication-Started StomachForceApplication in 7.47 seconds (process running for 8.82)
2025-02-37 21:41 o.a.c.c.C.[Tomcat].[localhost].[/]-Initializing Spring DispatcherServlet 'dispatcherServlet'
2025-02-37 21:41 o.s.web.servlet.DispatcherServlet-Initializing Servlet 'dispatcherServlet'
2025-02-37 21:41 o.s.web.servlet.DispatcherServlet-Completed initialization in 1 ms
2025-02-37 21:41 c.b.S.C.c.CommonExceptionHandler-Given that there is no default password encoder configured, each password must have a password encoding prefix. Please either prefix this password with '{noop}' or set a default password encoder in `DelegatingPasswordEncoder`.
2025-02-37 21:43 c.b.S.C.c.CommonExceptionHandler-Given that there is no default password encoder configured, each password must have a password encoding prefix. Please either prefix this password with '{noop}' or set a default password encoder in `DelegatingPasswordEncoder`.
2025-02-37 21:43 c.b.S.C.c.CommonExceptionHandler-Given that there is no default password encoder configured, each password must have a password encoding prefix. Please either prefix this password with '{noop}' or set a default password encoder in `DelegatingPasswordEncoder`.
2025-02-37 21:43 c.b.S.C.c.CommonExceptionHandler-Given that there is no default password encoder configured, each password must have a password encoding prefix. Please either prefix this password with '{noop}' or set a default password encoder in `DelegatingPasswordEncoder`.
2025-02-37 21:46 c.b.S.C.c.CommonExceptionHandler-Given that there is no default password encoder configured, each password must have a password encoding prefix. Please either prefix this password with '{noop}' or set a default password encoder in `DelegatingPasswordEncoder`.
2025-02-37 21:46 o.s.b.w.e.tomcat.GracefulShutdown-Commencing graceful shutdown. Waiting for active requests to complete
2025-02-37 21:46 o.s.b.w.e.tomcat.GracefulShutdown-Graceful shutdown complete
2025-02-37 21:46 o.s.o.j.LocalContainerEntityManagerFactoryBean-Closing JPA EntityManagerFactory for persistence unit 'default'
2025-02-37 21:46 com.zaxxer.hikari.HikariDataSource-HikariPool-1 - Shutdown initiated...
2025-02-37 21:46 com.zaxxer.hikari.HikariDataSource-HikariPool-1 - Shutdown completed.
2025-02-37 21:47 o.h.validator.internal.util.Version-HV000001: Hibernate Validator 8.0.2.Final
2025-02-37 21:47 c.b.S.StomachForceApplication-Starting StomachForceApplication using Java 17.0.13 with PID 23228 (C:\Users\Playdata\Desktop\be11-2nd-ChulungChulung-StomachForce-BE\build\classes\java\main started by Playdata in C:\Users\Playdata\Desktop\be11-2nd-ChulungChulung-StomachForce-BE)
2025-02-37 21:47 c.b.S.StomachForceApplication-No active profile set, falling back to 1 default profile: "default"
2025-02-37 21:47 o.s.d.r.c.RepositoryConfigurationDelegate-Multiple Spring Data modules found, entering strict repository configuration mode
2025-02-37 21:47 o.s.d.r.c.RepositoryConfigurationDelegate-Bootstrapping Spring Data JPA repositories in DEFAULT mode.
2025-02-37 21:47 o.s.d.r.c.RepositoryConfigurationDelegate-Finished Spring Data repository scanning in 194 ms. Found 10 JPA repository interfaces.
2025-02-37 21:47 o.s.d.r.c.RepositoryConfigurationDelegate-Multiple Spring Data modules found, entering strict repository configuration mode
2025-02-37 21:47 o.s.d.r.c.RepositoryConfigurationDelegate-Bootstrapping Spring Data Redis repositories in DEFAULT mode.
2025-02-37 21:47 o.s.d.r.c.RepositoryConfigurationExtensionSupport-Spring Data Redis - Could not safely identify store assignment for repository candidate interface com.beyond.StomachForce.Post.repository.LikeRepository; If you want this repository to be a Redis repository, consider annotating your entities with one of these annotations: org.springframework.data.redis.core.RedisHash (preferred), or consider extending one of the following types with your repository: org.springframework.data.keyvalue.repository.KeyValueRepository
2025-02-37 21:47 o.s.d.r.c.RepositoryConfigurationExtensionSupport-Spring Data Redis - Could not safely identify store assignment for repository candidate interface com.beyond.StomachForce.Post.repository.PostRepository; If you want this repository to be a Redis repository, consider annotating your entities with one of these annotations: org.springframework.data.redis.core.RedisHash (preferred), or consider extending one of the following types with your repository: org.springframework.data.keyvalue.repository.KeyValueRepository
2025-02-37 21:47 o.s.d.r.c.RepositoryConfigurationExtensionSupport-Spring Data Redis - Could not safely identify store assignment for repository candidate interface com.beyond.StomachForce.restaurant.repository.AddressRepository; If you want this repository to be a Redis repository, consider annotating your entities with one of these annotations: org.springframework.data.redis.core.RedisHash (preferred), or consider extending one of the following types with your repository: org.springframework.data.keyvalue.repository.KeyValueRepository
2025-02-37 21:47 o.s.d.r.c.RepositoryConfigurationExtensionSupport-Spring Data Redis - Could not safely identify store assignment for repository candidate interface com.beyond.StomachForce.restaurant.repository.BookmarkRepository; If you want this repository to be a Redis repository, consider annotating your entities with one of these annotations: org.springframework.data.redis.core.RedisHash (preferred), or consider extending one of the following types with your repository: org.springframework.data.keyvalue.repository.KeyValueRepository
2025-02-37 21:47 o.s.d.r.c.RepositoryConfigurationExtensionSupport-Spring Data Redis - Could not safely identify store assignment for repository candidate interface com.beyond.StomachForce.restaurant.repository.RestaurantConvenienceRepository; If you want this repository to be a Redis repository, consider annotating your entities with one of these annotations: org.springframework.data.redis.core.RedisHash (preferred), or consider extending one of the following types with your repository: org.springframework.data.keyvalue.repository.KeyValueRepository
2025-02-37 21:47 o.s.d.r.c.RepositoryConfigurationExtensionSupport-Spring Data Redis - Could not safely identify store assignment for repository candidate interface com.beyond.StomachForce.restaurant.repository.RestaurantPhotoRepository; If you want this repository to be a Redis repository, consider annotating your entities with one of these annotations: org.springframework.data.redis.core.RedisHash (preferred), or consider extending one of the following types with your repository: org.springframework.data.keyvalue.repository.KeyValueRepository
2025-02-37 21:47 o.s.d.r.c.RepositoryConfigurationExtensionSupport-Spring Data Redis - Could not safely identify store assignment for repository candidate interface com.beyond.StomachForce.restaurant.repository.RestaurantRepository; If you want this repository to be a Redis repository, consider annotating your entities with one of these annotations: org.springframework.data.redis.core.RedisHash (preferred), or consider extending one of the following types with your repository: org.springframework.data.keyvalue.repository.KeyValueRepository
2025-02-37 21:47 o.s.d.r.c.RepositoryConfigurationExtensionSupport-Spring Data Redis - Could not safely identify store assignment for repository candidate interface com.beyond.StomachForce.review.repository.ReviewPhotoRepository; If you want this repository to be a Redis repository, consider annotating your entities with one of these annotations: org.springframework.data.redis.core.RedisHash (preferred), or consider extending one of the following types with your repository: org.springframework.data.keyvalue.repository.KeyValueRepository
2025-02-37 21:47 o.s.d.r.c.RepositoryConfigurationExtensionSupport-Spring Data Redis - Could not safely identify store assignment for repository candidate interface com.beyond.StomachForce.review.repository.ReviewRepository; If you want this repository to be a Redis repository, consider annotating your entities with one of these annotations: org.springframework.data.redis.core.RedisHash (preferred), or consider extending one of the following types with your repository: org.springframework.data.keyvalue.repository.KeyValueRepository
2025-02-37 21:47 o.s.d.r.c.RepositoryConfigurationExtensionSupport-Spring Data Redis - Could not safely identify store assignment for repository candidate interface com.beyond.StomachForce.User.repository.UserRepository; If you want this repository to be a Redis repository, consider annotating your entities with one of these annotations: org.springframework.data.redis.core.RedisHash (preferred), or consider extending one of the following types with your repository: org.springframework.data.keyvalue.repository.KeyValueRepository
2025-02-37 21:47 o.s.d.r.c.RepositoryConfigurationDelegate-Finished Spring Data repository scanning in 14 ms. Found 0 Redis repository interfaces.
2025-02-37 21:47 o.s.b.w.e.tomcat.TomcatWebServer-Tomcat initialized with port 8080 (http)
2025-02-37 21:47 o.a.coyote.http11.Http11NioProtocol-Initializing ProtocolHandler ["http-nio-8080"]
2025-02-37 21:47 o.a.catalina.core.StandardService-Starting service [Tomcat]
2025-02-37 21:47 o.a.catalina.core.StandardEngine-Starting Servlet engine: [Apache Tomcat/10.1.34]
2025-02-37 21:47 o.a.c.c.C.[Tomcat].[localhost].[/]-Initializing Spring embedded WebApplicationContext
2025-02-37 21:47 o.s.b.w.s.c.ServletWebServerApplicationContext-Root WebApplicationContext: initialization completed in 1634 ms
2025-02-37 21:47 o.h.jpa.internal.util.LogHelper-HHH000204: Processing PersistenceUnitInfo [name: default]
2025-02-37 21:47 org.hibernate.Version-HHH000412: Hibernate ORM core version 6.6.5.Final
2025-02-37 21:47 o.h.c.i.RegionFactoryInitiator-HHH000026: Second-level cache disabled
2025-02-37 21:47 o.s.o.j.p.SpringPersistenceUnitInfo-No LoadTimeWeaver setup: ignoring JPA class transformer
2025-02-37 21:47 com.zaxxer.hikari.HikariDataSource-HikariPool-1 - Starting...
2025-02-37 21:47 com.zaxxer.hikari.pool.HikariPool-HikariPool-1 - Added connection org.mariadb.jdbc.Connection@67a38
2025-02-37 21:47 com.zaxxer.hikari.HikariDataSource-HikariPool-1 - Start completed.
2025-02-37 21:47 org.hibernate.orm.deprecation-HHH90000025: MariaDBDialect does not need to be specified explicitly using 'hibernate.dialect' (remove the property setting and it will be selected by default)
2025-02-37 21:47 o.hibernate.orm.connections.pooling-HHH10001005: Database info:
	Database JDBC URL [Connecting through datasource 'HikariDataSource (HikariPool-1)']
	Database driver: undefined/unknown
	Database version: 11.4.4
	Autocommit mode: undefined/unknown
	Isolation level: undefined/unknown
	Minimum pool size: undefined/unknown
	Maximum pool size: undefined/unknown
2025-02-37 21:47 o.h.e.t.j.p.i.JtaPlatformInitiator-HHH000489: No JTA platform available (set 'hibernate.transaction.jta.platform' to enable JTA platform integration)
2025-02-37 21:47 o.s.o.j.LocalContainerEntityManagerFactoryBean-Initialized JPA EntityManagerFactory for persistence unit 'default'
2025-02-37 21:47 o.s.d.j.r.query.QueryEnhancerFactory-Hibernate is in classpath; If applicable, HQL parser will be used.
2025-02-37 21:47 o.s.b.a.o.j.JpaBaseConfiguration$JpaWebConfiguration-spring.jpa.open-in-view is enabled by default. Therefore, database queries may be performed during view rendering. Explicitly configure spring.jpa.open-in-view to disable this warning
2025-02-37 21:47 o.s.b.a.s.s.UserDetailsServiceAutoConfiguration-

Using generated security password: d5f95e17-7ac4-4d7e-a991-d368e721f29b

This generated password is for development use only. Your security configuration must be updated before running your application in production.

2025-02-37 21:47 o.s.s.c.a.a.c.InitializeUserDetailsBeanManagerConfigurer$InitializeUserDetailsManagerConfigurer-Global AuthenticationManager configured with UserDetailsService bean with name inMemoryUserDetailsManager
2025-02-37 21:47 o.a.coyote.http11.Http11NioProtocol-Starting ProtocolHandler ["http-nio-8080"]
2025-02-37 21:47 o.s.b.w.e.tomcat.TomcatWebServer-Tomcat started on port 8080 (http) with context path '/'
2025-02-37 21:47 c.b.S.StomachForceApplication-Started StomachForceApplication in 6.132 seconds (process running for 6.911)
2025-02-37 21:47 o.a.c.c.C.[Tomcat].[localhost].[/]-Initializing Spring DispatcherServlet 'dispatcherServlet'
2025-02-37 21:47 o.s.web.servlet.DispatcherServlet-Initializing Servlet 'dispatcherServlet'
2025-02-37 21:47 o.s.web.servlet.DispatcherServlet-Completed initialization in 0 ms
2025-02-37 21:47 c.b.S.C.c.CommonExceptionHandler-Given that there is no default password encoder configured, each password must have a password encoding prefix. Please either prefix this password with '{noop}' or set a default password encoder in `DelegatingPasswordEncoder`.
2025-02-37 21:47 c.b.S.C.c.CommonExceptionHandler-Given that there is no default password encoder configured, each password must have a password encoding prefix. Please either prefix this password with '{noop}' or set a default password encoder in `DelegatingPasswordEncoder`.
2025-02-37 21:47 c.b.S.C.c.CommonExceptionHandler-Given that there is no default password encoder configured, each password must have a password encoding prefix. Please either prefix this password with '{noop}' or set a default password encoder in `DelegatingPasswordEncoder`.
2025-02-37 21:47 c.b.S.C.c.CommonExceptionHandler-Given that there is no default password encoder configured, each password must have a password encoding prefix. Please either prefix this password with '{noop}' or set a default password encoder in `DelegatingPasswordEncoder`.
2025-02-37 21:47 c.b.S.C.c.CommonExceptionHandler-Given that there is no default password encoder configured, each password must have a password encoding prefix. Please either prefix this password with '{noop}' or set a default password encoder in `DelegatingPasswordEncoder`.
