2025-02-37 09:37 o.h.validator.internal.util.Version-HV000001: Hibernate Validator 8.0.2.Final
2025-02-37 09:37 c.b.S.StomachForceApplication-Starting StomachForceApplication using Java 17.0.13 with PID 2376 (C:\Users\Playdata\OneDrive\바탕 화면\be11-2nd-ChulungChulung-StomachForce-BE\build\classes\java\main started by Playdata in C:\Users\Playdata\OneDrive\바탕 화면\be11-2nd-ChulungChulung-StomachForce-BE)
2025-02-37 09:37 c.b.S.StomachForceApplication-No active profile set, falling back to 1 default profile: "default"
2025-02-37 09:37 o.s.d.r.c.RepositoryConfigurationDelegate-Multiple Spring Data modules found, entering strict repository configuration mode
2025-02-37 09:37 o.s.d.r.c.RepositoryConfigurationDelegate-Bootstrapping Spring Data JPA repositories in DEFAULT mode.
2025-02-37 09:37 o.s.d.r.c.RepositoryConfigurationDelegate-Finished Spring Data repository scanning in 163 ms. Found 7 JPA repository interfaces.
2025-02-37 09:37 o.s.d.r.c.RepositoryConfigurationDelegate-Multiple Spring Data modules found, entering strict repository configuration mode
2025-02-37 09:37 o.s.d.r.c.RepositoryConfigurationDelegate-Bootstrapping Spring Data Redis repositories in DEFAULT mode.
2025-02-37 09:37 o.s.d.r.c.RepositoryConfigurationExtensionSupport-Spring Data Redis - Could not safely identify store assignment for repository candidate interface com.beyond.StomachForce.youngjae.restaurant.repository.AddressRepository; If you want this repository to be a Redis repository, consider annotating your entities with one of these annotations: org.springframework.data.redis.core.RedisHash (preferred), or consider extending one of the following types with your repository: org.springframework.data.keyvalue.repository.KeyValueRepository
2025-02-37 09:37 o.s.d.r.c.RepositoryConfigurationExtensionSupport-Spring Data Redis - Could not safely identify store assignment for repository candidate interface com.beyond.StomachForce.youngjae.restaurant.repository.BookmarkRepository; If you want this repository to be a Redis repository, consider annotating your entities with one of these annotations: org.springframework.data.redis.core.RedisHash (preferred), or consider extending one of the following types with your repository: org.springframework.data.keyvalue.repository.KeyValueRepository
2025-02-37 09:37 o.s.d.r.c.RepositoryConfigurationExtensionSupport-Spring Data Redis - Could not safely identify store assignment for repository candidate interface com.beyond.StomachForce.youngjae.restaurant.repository.RestaurantConvenienceRepository; If you want this repository to be a Redis repository, consider annotating your entities with one of these annotations: org.springframework.data.redis.core.RedisHash (preferred), or consider extending one of the following types with your repository: org.springframework.data.keyvalue.repository.KeyValueRepository
2025-02-37 09:37 o.s.d.r.c.RepositoryConfigurationExtensionSupport-Spring Data Redis - Could not safely identify store assignment for repository candidate interface com.beyond.StomachForce.youngjae.restaurant.repository.RestaurantPhotoRepository; If you want this repository to be a Redis repository, consider annotating your entities with one of these annotations: org.springframework.data.redis.core.RedisHash (preferred), or consider extending one of the following types with your repository: org.springframework.data.keyvalue.repository.KeyValueRepository
2025-02-37 09:37 o.s.d.r.c.RepositoryConfigurationExtensionSupport-Spring Data Redis - Could not safely identify store assignment for repository candidate interface com.beyond.StomachForce.youngjae.restaurant.repository.RestaurantRepository; If you want this repository to be a Redis repository, consider annotating your entities with one of these annotations: org.springframework.data.redis.core.RedisHash (preferred), or consider extending one of the following types with your repository: org.springframework.data.keyvalue.repository.KeyValueRepository
2025-02-37 09:37 o.s.d.r.c.RepositoryConfigurationExtensionSupport-Spring Data Redis - Could not safely identify store assignment for repository candidate interface com.beyond.StomachForce.youngjae.review.repository.ReviewPhotoRepository; If you want this repository to be a Redis repository, consider annotating your entities with one of these annotations: org.springframework.data.redis.core.RedisHash (preferred), or consider extending one of the following types with your repository: org.springframework.data.keyvalue.repository.KeyValueRepository
2025-02-37 09:37 o.s.d.r.c.RepositoryConfigurationExtensionSupport-Spring Data Redis - Could not safely identify store assignment for repository candidate interface com.beyond.StomachForce.youngjae.review.repository.ReviewRepository; If you want this repository to be a Redis repository, consider annotating your entities with one of these annotations: org.springframework.data.redis.core.RedisHash (preferred), or consider extending one of the following types with your repository: org.springframework.data.keyvalue.repository.KeyValueRepository
2025-02-37 09:37 o.s.d.r.c.RepositoryConfigurationDelegate-Finished Spring Data repository scanning in 19 ms. Found 0 Redis repository interfaces.
2025-02-37 09:37 o.s.b.w.e.tomcat.TomcatWebServer-Tomcat initialized with port 8080 (http)
2025-02-37 09:37 o.a.coyote.http11.Http11NioProtocol-Initializing ProtocolHandler ["http-nio-8080"]
2025-02-37 09:37 o.a.catalina.core.StandardService-Starting service [Tomcat]
2025-02-37 09:37 o.a.catalina.core.StandardEngine-Starting Servlet engine: [Apache Tomcat/10.1.34]
2025-02-37 09:37 o.a.c.c.C.[Tomcat].[localhost].[/]-Initializing Spring embedded WebApplicationContext
2025-02-37 09:37 o.s.b.w.s.c.ServletWebServerApplicationContext-Root WebApplicationContext: initialization completed in 1677 ms
2025-02-37 09:37 o.h.jpa.internal.util.LogHelper-HHH000204: Processing PersistenceUnitInfo [name: default]
2025-02-37 09:37 org.hibernate.Version-HHH000412: Hibernate ORM core version 6.6.5.Final
2025-02-37 09:37 o.h.c.i.RegionFactoryInitiator-HHH000026: Second-level cache disabled
2025-02-37 09:37 o.s.o.j.p.SpringPersistenceUnitInfo-No LoadTimeWeaver setup: ignoring JPA class transformer
2025-02-37 09:37 com.zaxxer.hikari.HikariDataSource-HikariPool-1 - Starting...
2025-02-37 09:37 com.zaxxer.hikari.pool.HikariPool-HikariPool-1 - Added connection org.mariadb.jdbc.Connection@2a661215
2025-02-37 09:37 com.zaxxer.hikari.HikariDataSource-HikariPool-1 - Start completed.
2025-02-37 09:37 org.hibernate.orm.deprecation-HHH90000025: MariaDBDialect does not need to be specified explicitly using 'hibernate.dialect' (remove the property setting and it will be selected by default)
2025-02-37 09:37 o.hibernate.orm.connections.pooling-HHH10001005: Database info:
	Database JDBC URL [Connecting through datasource 'HikariDataSource (HikariPool-1)']
	Database driver: undefined/unknown
	Database version: 11.4.4
	Autocommit mode: undefined/unknown
	Isolation level: undefined/unknown
	Minimum pool size: undefined/unknown
	Maximum pool size: undefined/unknown
2025-02-37 09:37 o.h.e.t.j.p.i.JtaPlatformInitiator-HHH000489: No JTA platform available (set 'hibernate.transaction.jta.platform' to enable JTA platform integration)
2025-02-37 09:37 o.s.o.j.LocalContainerEntityManagerFactoryBean-Initialized JPA EntityManagerFactory for persistence unit 'default'
2025-02-37 09:37 o.s.d.j.r.query.QueryEnhancerFactory-Hibernate is in classpath; If applicable, HQL parser will be used.
2025-02-37 09:37 o.s.b.w.s.c.AnnotationConfigServletWebServerApplicationContext-Exception encountered during context initialization - cancelling refresh attempt: org.springframework.beans.factory.UnsatisfiedDependencyException: Error creating bean with name 'restaurantController' defined in file [C:\Users\Playdata\OneDrive\바탕 화면\be11-2nd-ChulungChulung-StomachForce-BE\build\classes\java\main\com\beyond\StomachForce\youngjae\restaurant\controller\RestaurantController.class]: Unsatisfied dependency expressed through constructor parameter 1: Error creating bean with name 'restaurantService' defined in file [C:\Users\Playdata\OneDrive\바탕 화면\be11-2nd-ChulungChulung-StomachForce-BE\build\classes\java\main\com\beyond\StomachForce\youngjae\restaurant\service\RestaurantService.class]: Unsatisfied dependency expressed through constructor parameter 3: No qualifying bean of type 'org.springframework.security.crypto.password.PasswordEncoder' available: expected at least 1 bean which qualifies as autowire candidate. Dependency annotations: {}
2025-02-37 09:37 o.s.o.j.LocalContainerEntityManagerFactoryBean-Closing JPA EntityManagerFactory for persistence unit 'default'
2025-02-37 09:37 com.zaxxer.hikari.HikariDataSource-HikariPool-1 - Shutdown initiated...
2025-02-37 09:37 com.zaxxer.hikari.HikariDataSource-HikariPool-1 - Shutdown completed.
2025-02-37 09:37 o.a.catalina.core.StandardService-Stopping service [Tomcat]
2025-02-37 09:37 o.s.b.a.l.ConditionEvaluationReportLogger-

Error starting ApplicationContext. To display the condition evaluation report re-run your application with 'debug' enabled.
2025-02-37 09:37 o.s.b.d.LoggingFailureAnalysisReporter-

***************************
APPLICATION FAILED TO START
***************************

Description:

Parameter 3 of constructor in com.beyond.StomachForce.youngjae.restaurant.service.RestaurantService required a bean of type 'org.springframework.security.crypto.password.PasswordEncoder' that could not be found.


Action:

Consider defining a bean of type 'org.springframework.security.crypto.password.PasswordEncoder' in your configuration.

2025-02-37 09:49 o.h.validator.internal.util.Version-HV000001: Hibernate Validator 8.0.2.Final
2025-02-37 09:49 c.b.S.StomachForceApplication-Starting StomachForceApplication using Java 17.0.13 with PID 14404 (C:\Users\Playdata\OneDrive\바탕 화면\be11-2nd-ChulungChulung-StomachForce-BE\build\classes\java\main started by Playdata in C:\Users\Playdata\OneDrive\바탕 화면\be11-2nd-ChulungChulung-StomachForce-BE)
2025-02-37 09:49 c.b.S.StomachForceApplication-No active profile set, falling back to 1 default profile: "default"
2025-02-37 09:49 o.s.d.r.c.RepositoryConfigurationDelegate-Multiple Spring Data modules found, entering strict repository configuration mode
2025-02-37 09:49 o.s.d.r.c.RepositoryConfigurationDelegate-Bootstrapping Spring Data JPA repositories in DEFAULT mode.
2025-02-37 09:49 o.s.d.r.c.RepositoryConfigurationDelegate-Finished Spring Data repository scanning in 178 ms. Found 7 JPA repository interfaces.
2025-02-37 09:49 o.s.d.r.c.RepositoryConfigurationDelegate-Multiple Spring Data modules found, entering strict repository configuration mode
2025-02-37 09:49 o.s.d.r.c.RepositoryConfigurationDelegate-Bootstrapping Spring Data Redis repositories in DEFAULT mode.
2025-02-37 09:49 o.s.d.r.c.RepositoryConfigurationExtensionSupport-Spring Data Redis - Could not safely identify store assignment for repository candidate interface com.beyond.StomachForce.youngjae.restaurant.repository.AddressRepository; If you want this repository to be a Redis repository, consider annotating your entities with one of these annotations: org.springframework.data.redis.core.RedisHash (preferred), or consider extending one of the following types with your repository: org.springframework.data.keyvalue.repository.KeyValueRepository
2025-02-37 09:49 o.s.d.r.c.RepositoryConfigurationExtensionSupport-Spring Data Redis - Could not safely identify store assignment for repository candidate interface com.beyond.StomachForce.youngjae.restaurant.repository.BookmarkRepository; If you want this repository to be a Redis repository, consider annotating your entities with one of these annotations: org.springframework.data.redis.core.RedisHash (preferred), or consider extending one of the following types with your repository: org.springframework.data.keyvalue.repository.KeyValueRepository
2025-02-37 09:49 o.s.d.r.c.RepositoryConfigurationExtensionSupport-Spring Data Redis - Could not safely identify store assignment for repository candidate interface com.beyond.StomachForce.youngjae.restaurant.repository.RestaurantConvenienceRepository; If you want this repository to be a Redis repository, consider annotating your entities with one of these annotations: org.springframework.data.redis.core.RedisHash (preferred), or consider extending one of the following types with your repository: org.springframework.data.keyvalue.repository.KeyValueRepository
2025-02-37 09:49 o.s.d.r.c.RepositoryConfigurationExtensionSupport-Spring Data Redis - Could not safely identify store assignment for repository candidate interface com.beyond.StomachForce.youngjae.restaurant.repository.RestaurantPhotoRepository; If you want this repository to be a Redis repository, consider annotating your entities with one of these annotations: org.springframework.data.redis.core.RedisHash (preferred), or consider extending one of the following types with your repository: org.springframework.data.keyvalue.repository.KeyValueRepository
2025-02-37 09:49 o.s.d.r.c.RepositoryConfigurationExtensionSupport-Spring Data Redis - Could not safely identify store assignment for repository candidate interface com.beyond.StomachForce.youngjae.restaurant.repository.RestaurantRepository; If you want this repository to be a Redis repository, consider annotating your entities with one of these annotations: org.springframework.data.redis.core.RedisHash (preferred), or consider extending one of the following types with your repository: org.springframework.data.keyvalue.repository.KeyValueRepository
2025-02-37 09:49 o.s.d.r.c.RepositoryConfigurationExtensionSupport-Spring Data Redis - Could not safely identify store assignment for repository candidate interface com.beyond.StomachForce.youngjae.review.repository.ReviewPhotoRepository; If you want this repository to be a Redis repository, consider annotating your entities with one of these annotations: org.springframework.data.redis.core.RedisHash (preferred), or consider extending one of the following types with your repository: org.springframework.data.keyvalue.repository.KeyValueRepository
2025-02-37 09:49 o.s.d.r.c.RepositoryConfigurationExtensionSupport-Spring Data Redis - Could not safely identify store assignment for repository candidate interface com.beyond.StomachForce.youngjae.review.repository.ReviewRepository; If you want this repository to be a Redis repository, consider annotating your entities with one of these annotations: org.springframework.data.redis.core.RedisHash (preferred), or consider extending one of the following types with your repository: org.springframework.data.keyvalue.repository.KeyValueRepository
2025-02-37 09:49 o.s.d.r.c.RepositoryConfigurationDelegate-Finished Spring Data repository scanning in 18 ms. Found 0 Redis repository interfaces.
2025-02-37 09:49 o.s.b.w.e.tomcat.TomcatWebServer-Tomcat initialized with port 8080 (http)
2025-02-37 09:49 o.a.coyote.http11.Http11NioProtocol-Initializing ProtocolHandler ["http-nio-8080"]
2025-02-37 09:49 o.a.catalina.core.StandardService-Starting service [Tomcat]
2025-02-37 09:49 o.a.catalina.core.StandardEngine-Starting Servlet engine: [Apache Tomcat/10.1.34]
2025-02-37 09:49 o.a.c.c.C.[Tomcat].[localhost].[/]-Initializing Spring embedded WebApplicationContext
2025-02-37 09:49 o.s.b.w.s.c.ServletWebServerApplicationContext-Root WebApplicationContext: initialization completed in 1636 ms
2025-02-37 09:49 o.h.jpa.internal.util.LogHelper-HHH000204: Processing PersistenceUnitInfo [name: default]
2025-02-37 09:49 org.hibernate.Version-HHH000412: Hibernate ORM core version 6.6.5.Final
2025-02-37 09:49 o.h.c.i.RegionFactoryInitiator-HHH000026: Second-level cache disabled
2025-02-37 09:49 o.s.o.j.p.SpringPersistenceUnitInfo-No LoadTimeWeaver setup: ignoring JPA class transformer
2025-02-37 09:49 com.zaxxer.hikari.HikariDataSource-HikariPool-1 - Starting...
2025-02-37 09:49 com.zaxxer.hikari.pool.HikariPool-HikariPool-1 - Added connection org.mariadb.jdbc.Connection@19924f15
2025-02-37 09:49 com.zaxxer.hikari.HikariDataSource-HikariPool-1 - Start completed.
2025-02-37 09:49 org.hibernate.orm.deprecation-HHH90000025: MariaDBDialect does not need to be specified explicitly using 'hibernate.dialect' (remove the property setting and it will be selected by default)
2025-02-37 09:49 o.hibernate.orm.connections.pooling-HHH10001005: Database info:
	Database JDBC URL [Connecting through datasource 'HikariDataSource (HikariPool-1)']
	Database driver: undefined/unknown
	Database version: 11.4.4
	Autocommit mode: undefined/unknown
	Isolation level: undefined/unknown
	Minimum pool size: undefined/unknown
	Maximum pool size: undefined/unknown
2025-02-37 09:49 o.h.e.t.j.p.i.JtaPlatformInitiator-HHH000489: No JTA platform available (set 'hibernate.transaction.jta.platform' to enable JTA platform integration)
2025-02-37 09:49 o.s.o.j.LocalContainerEntityManagerFactoryBean-Initialized JPA EntityManagerFactory for persistence unit 'default'
2025-02-37 09:49 o.s.d.j.r.query.QueryEnhancerFactory-Hibernate is in classpath; If applicable, HQL parser will be used.
2025-02-37 09:49 o.s.b.w.s.c.AnnotationConfigServletWebServerApplicationContext-Exception encountered during context initialization - cancelling refresh attempt: org.springframework.beans.factory.UnsatisfiedDependencyException: Error creating bean with name 'restaurantController' defined in file [C:\Users\Playdata\OneDrive\바탕 화면\be11-2nd-ChulungChulung-StomachForce-BE\build\classes\java\main\com\beyond\StomachForce\youngjae\restaurant\controller\RestaurantController.class]: Unsatisfied dependency expressed through constructor parameter 1: Error creating bean with name 'restaurantService' defined in file [C:\Users\Playdata\OneDrive\바탕 화면\be11-2nd-ChulungChulung-StomachForce-BE\build\classes\java\main\com\beyond\StomachForce\youngjae\restaurant\service\RestaurantService.class]: Unsatisfied dependency expressed through constructor parameter 3: No qualifying bean of type 'org.springframework.security.crypto.password.PasswordEncoder' available: expected at least 1 bean which qualifies as autowire candidate. Dependency annotations: {}
2025-02-37 09:49 o.s.o.j.LocalContainerEntityManagerFactoryBean-Closing JPA EntityManagerFactory for persistence unit 'default'
2025-02-37 09:49 com.zaxxer.hikari.HikariDataSource-HikariPool-1 - Shutdown initiated...
2025-02-37 09:49 com.zaxxer.hikari.HikariDataSource-HikariPool-1 - Shutdown completed.
2025-02-37 09:49 o.a.catalina.core.StandardService-Stopping service [Tomcat]
2025-02-37 09:49 o.s.b.a.l.ConditionEvaluationReportLogger-

Error starting ApplicationContext. To display the condition evaluation report re-run your application with 'debug' enabled.
2025-02-37 09:49 o.s.b.d.LoggingFailureAnalysisReporter-

***************************
APPLICATION FAILED TO START
***************************

Description:

Parameter 3 of constructor in com.beyond.StomachForce.youngjae.restaurant.service.RestaurantService required a bean of type 'org.springframework.security.crypto.password.PasswordEncoder' that could not be found.


Action:

Consider defining a bean of type 'org.springframework.security.crypto.password.PasswordEncoder' in your configuration.

2025-02-37 10:05 o.h.validator.internal.util.Version-HV000001: Hibernate Validator 8.0.2.Final
2025-02-37 10:05 c.b.S.StomachForceApplication-Starting StomachForceApplication using Java 17.0.13 with PID 10408 (C:\Users\Playdata\OneDrive\바탕 화면\be11-2nd-ChulungChulung-StomachForce-BE\build\classes\java\main started by Playdata in C:\Users\Playdata\OneDrive\바탕 화면\be11-2nd-ChulungChulung-StomachForce-BE)
2025-02-37 10:05 c.b.S.StomachForceApplication-No active profile set, falling back to 1 default profile: "default"
2025-02-37 10:05 o.s.d.r.c.RepositoryConfigurationDelegate-Multiple Spring Data modules found, entering strict repository configuration mode
2025-02-37 10:05 o.s.d.r.c.RepositoryConfigurationDelegate-Bootstrapping Spring Data JPA repositories in DEFAULT mode.
2025-02-37 10:05 o.s.d.r.c.RepositoryConfigurationDelegate-Finished Spring Data repository scanning in 181 ms. Found 7 JPA repository interfaces.
2025-02-37 10:05 o.s.d.r.c.RepositoryConfigurationDelegate-Multiple Spring Data modules found, entering strict repository configuration mode
2025-02-37 10:05 o.s.d.r.c.RepositoryConfigurationDelegate-Bootstrapping Spring Data Redis repositories in DEFAULT mode.
2025-02-37 10:05 o.s.d.r.c.RepositoryConfigurationExtensionSupport-Spring Data Redis - Could not safely identify store assignment for repository candidate interface com.beyond.StomachForce.youngjae.restaurant.repository.AddressRepository; If you want this repository to be a Redis repository, consider annotating your entities with one of these annotations: org.springframework.data.redis.core.RedisHash (preferred), or consider extending one of the following types with your repository: org.springframework.data.keyvalue.repository.KeyValueRepository
2025-02-37 10:05 o.s.d.r.c.RepositoryConfigurationExtensionSupport-Spring Data Redis - Could not safely identify store assignment for repository candidate interface com.beyond.StomachForce.youngjae.restaurant.repository.BookmarkRepository; If you want this repository to be a Redis repository, consider annotating your entities with one of these annotations: org.springframework.data.redis.core.RedisHash (preferred), or consider extending one of the following types with your repository: org.springframework.data.keyvalue.repository.KeyValueRepository
2025-02-37 10:05 o.s.d.r.c.RepositoryConfigurationExtensionSupport-Spring Data Redis - Could not safely identify store assignment for repository candidate interface com.beyond.StomachForce.youngjae.restaurant.repository.RestaurantConvenienceRepository; If you want this repository to be a Redis repository, consider annotating your entities with one of these annotations: org.springframework.data.redis.core.RedisHash (preferred), or consider extending one of the following types with your repository: org.springframework.data.keyvalue.repository.KeyValueRepository
2025-02-37 10:05 o.s.d.r.c.RepositoryConfigurationExtensionSupport-Spring Data Redis - Could not safely identify store assignment for repository candidate interface com.beyond.StomachForce.youngjae.restaurant.repository.RestaurantPhotoRepository; If you want this repository to be a Redis repository, consider annotating your entities with one of these annotations: org.springframework.data.redis.core.RedisHash (preferred), or consider extending one of the following types with your repository: org.springframework.data.keyvalue.repository.KeyValueRepository
2025-02-37 10:05 o.s.d.r.c.RepositoryConfigurationExtensionSupport-Spring Data Redis - Could not safely identify store assignment for repository candidate interface com.beyond.StomachForce.youngjae.restaurant.repository.RestaurantRepository; If you want this repository to be a Redis repository, consider annotating your entities with one of these annotations: org.springframework.data.redis.core.RedisHash (preferred), or consider extending one of the following types with your repository: org.springframework.data.keyvalue.repository.KeyValueRepository
2025-02-37 10:05 o.s.d.r.c.RepositoryConfigurationExtensionSupport-Spring Data Redis - Could not safely identify store assignment for repository candidate interface com.beyond.StomachForce.youngjae.review.repository.ReviewPhotoRepository; If you want this repository to be a Redis repository, consider annotating your entities with one of these annotations: org.springframework.data.redis.core.RedisHash (preferred), or consider extending one of the following types with your repository: org.springframework.data.keyvalue.repository.KeyValueRepository
2025-02-37 10:05 o.s.d.r.c.RepositoryConfigurationExtensionSupport-Spring Data Redis - Could not safely identify store assignment for repository candidate interface com.beyond.StomachForce.youngjae.review.repository.ReviewRepository; If you want this repository to be a Redis repository, consider annotating your entities with one of these annotations: org.springframework.data.redis.core.RedisHash (preferred), or consider extending one of the following types with your repository: org.springframework.data.keyvalue.repository.KeyValueRepository
2025-02-37 10:05 o.s.d.r.c.RepositoryConfigurationDelegate-Finished Spring Data repository scanning in 15 ms. Found 0 Redis repository interfaces.
2025-02-37 10:05 o.s.b.w.e.tomcat.TomcatWebServer-Tomcat initialized with port 8080 (http)
2025-02-37 10:05 o.a.coyote.http11.Http11NioProtocol-Initializing ProtocolHandler ["http-nio-8080"]
2025-02-37 10:05 o.a.catalina.core.StandardService-Starting service [Tomcat]
2025-02-37 10:05 o.a.catalina.core.StandardEngine-Starting Servlet engine: [Apache Tomcat/10.1.34]
2025-02-37 10:05 o.a.c.c.C.[Tomcat].[localhost].[/]-Initializing Spring embedded WebApplicationContext
2025-02-37 10:05 o.s.b.w.s.c.ServletWebServerApplicationContext-Root WebApplicationContext: initialization completed in 1775 ms
2025-02-37 10:05 o.h.jpa.internal.util.LogHelper-HHH000204: Processing PersistenceUnitInfo [name: default]
2025-02-37 10:05 org.hibernate.Version-HHH000412: Hibernate ORM core version 6.6.5.Final
2025-02-37 10:05 o.h.c.i.RegionFactoryInitiator-HHH000026: Second-level cache disabled
2025-02-37 10:05 o.s.o.j.p.SpringPersistenceUnitInfo-No LoadTimeWeaver setup: ignoring JPA class transformer
2025-02-37 10:05 com.zaxxer.hikari.HikariDataSource-HikariPool-1 - Starting...
2025-02-37 10:05 com.zaxxer.hikari.pool.HikariPool-HikariPool-1 - Added connection org.mariadb.jdbc.Connection@1169fdfd
2025-02-37 10:05 com.zaxxer.hikari.HikariDataSource-HikariPool-1 - Start completed.
2025-02-37 10:05 org.hibernate.orm.deprecation-HHH90000025: MariaDBDialect does not need to be specified explicitly using 'hibernate.dialect' (remove the property setting and it will be selected by default)
2025-02-37 10:05 o.hibernate.orm.connections.pooling-HHH10001005: Database info:
	Database JDBC URL [Connecting through datasource 'HikariDataSource (HikariPool-1)']
	Database driver: undefined/unknown
	Database version: 11.4.4
	Autocommit mode: undefined/unknown
	Isolation level: undefined/unknown
	Minimum pool size: undefined/unknown
	Maximum pool size: undefined/unknown
2025-02-37 10:05 o.h.e.t.j.p.i.JtaPlatformInitiator-HHH000489: No JTA platform available (set 'hibernate.transaction.jta.platform' to enable JTA platform integration)
2025-02-37 10:05 o.s.o.j.LocalContainerEntityManagerFactoryBean-Initialized JPA EntityManagerFactory for persistence unit 'default'
2025-02-37 10:05 o.s.d.j.r.query.QueryEnhancerFactory-Hibernate is in classpath; If applicable, HQL parser will be used.
2025-02-37 10:05 o.s.b.a.o.j.JpaBaseConfiguration$JpaWebConfiguration-spring.jpa.open-in-view is enabled by default. Therefore, database queries may be performed during view rendering. Explicitly configure spring.jpa.open-in-view to disable this warning
2025-02-37 10:05 o.s.b.a.s.s.UserDetailsServiceAutoConfiguration-

Using generated security password: 286f097e-666d-4621-82d9-1bfb7dfb35aa

This generated password is for development use only. Your security configuration must be updated before running your application in production.

2025-02-37 10:05 o.s.s.c.a.a.c.InitializeUserDetailsBeanManagerConfigurer$InitializeUserDetailsManagerConfigurer-Global AuthenticationManager configured with UserDetailsService bean with name inMemoryUserDetailsManager
2025-02-37 10:05 o.s.s.c.a.w.c.AuthorizeHttpRequestsConfigurer$AuthorizationManagerRequestMatcherRegistry-One of the patterns in [/member/create, member/doLogin, member/refresh-token, product/list] is missing a leading slash. This is discouraged; please include the leading slash in all your request matcher patterns. In future versions of Spring Security, leaving out the leading slash will result in an exception.
2025-02-37 10:05 o.a.coyote.http11.Http11NioProtocol-Starting ProtocolHandler ["http-nio-8080"]
2025-02-37 10:05 o.s.b.w.e.tomcat.TomcatWebServer-Tomcat started on port 8080 (http) with context path '/'
2025-02-37 10:05 c.b.S.StomachForceApplication-Started StomachForceApplication in 6.139 seconds (process running for 8.314)
2025-02-37 10:32 o.s.b.w.e.tomcat.GracefulShutdown-Commencing graceful shutdown. Waiting for active requests to complete
2025-02-37 10:32 o.s.b.w.e.tomcat.GracefulShutdown-Graceful shutdown complete
2025-02-37 10:32 o.s.o.j.LocalContainerEntityManagerFactoryBean-Closing JPA EntityManagerFactory for persistence unit 'default'
2025-02-37 10:32 com.zaxxer.hikari.HikariDataSource-HikariPool-1 - Shutdown initiated...
2025-02-37 10:32 com.zaxxer.hikari.HikariDataSource-HikariPool-1 - Shutdown completed.
2025-02-37 10:38 o.h.validator.internal.util.Version-HV000001: Hibernate Validator 8.0.2.Final
2025-02-37 10:38 c.b.S.StomachForceApplication-Starting StomachForceApplication using Java 17.0.13 with PID 10804 (C:\Users\Playdata\OneDrive\바탕 화면\be11-2nd-ChulungChulung-StomachForce-BE\build\classes\java\main started by Playdata in C:\Users\Playdata\OneDrive\바탕 화면\be11-2nd-ChulungChulung-StomachForce-BE)
2025-02-37 10:38 c.b.S.StomachForceApplication-No active profile set, falling back to 1 default profile: "default"
2025-02-37 10:38 o.s.d.r.c.RepositoryConfigurationDelegate-Multiple Spring Data modules found, entering strict repository configuration mode
2025-02-37 10:38 o.s.d.r.c.RepositoryConfigurationDelegate-Bootstrapping Spring Data JPA repositories in DEFAULT mode.
2025-02-37 10:38 o.s.d.r.c.RepositoryConfigurationDelegate-Finished Spring Data repository scanning in 169 ms. Found 7 JPA repository interfaces.
2025-02-37 10:38 o.s.d.r.c.RepositoryConfigurationDelegate-Multiple Spring Data modules found, entering strict repository configuration mode
2025-02-37 10:38 o.s.d.r.c.RepositoryConfigurationDelegate-Bootstrapping Spring Data Redis repositories in DEFAULT mode.
2025-02-37 10:38 o.s.d.r.c.RepositoryConfigurationExtensionSupport-Spring Data Redis - Could not safely identify store assignment for repository candidate interface com.beyond.StomachForce.youngjae.restaurant.repository.AddressRepository; If you want this repository to be a Redis repository, consider annotating your entities with one of these annotations: org.springframework.data.redis.core.RedisHash (preferred), or consider extending one of the following types with your repository: org.springframework.data.keyvalue.repository.KeyValueRepository
2025-02-37 10:38 o.s.d.r.c.RepositoryConfigurationExtensionSupport-Spring Data Redis - Could not safely identify store assignment for repository candidate interface com.beyond.StomachForce.youngjae.restaurant.repository.BookmarkRepository; If you want this repository to be a Redis repository, consider annotating your entities with one of these annotations: org.springframework.data.redis.core.RedisHash (preferred), or consider extending one of the following types with your repository: org.springframework.data.keyvalue.repository.KeyValueRepository
2025-02-37 10:38 o.s.d.r.c.RepositoryConfigurationExtensionSupport-Spring Data Redis - Could not safely identify store assignment for repository candidate interface com.beyond.StomachForce.youngjae.restaurant.repository.RestaurantConvenienceRepository; If you want this repository to be a Redis repository, consider annotating your entities with one of these annotations: org.springframework.data.redis.core.RedisHash (preferred), or consider extending one of the following types with your repository: org.springframework.data.keyvalue.repository.KeyValueRepository
2025-02-37 10:38 o.s.d.r.c.RepositoryConfigurationExtensionSupport-Spring Data Redis - Could not safely identify store assignment for repository candidate interface com.beyond.StomachForce.youngjae.restaurant.repository.RestaurantPhotoRepository; If you want this repository to be a Redis repository, consider annotating your entities with one of these annotations: org.springframework.data.redis.core.RedisHash (preferred), or consider extending one of the following types with your repository: org.springframework.data.keyvalue.repository.KeyValueRepository
2025-02-37 10:38 o.s.d.r.c.RepositoryConfigurationExtensionSupport-Spring Data Redis - Could not safely identify store assignment for repository candidate interface com.beyond.StomachForce.youngjae.restaurant.repository.RestaurantRepository; If you want this repository to be a Redis repository, consider annotating your entities with one of these annotations: org.springframework.data.redis.core.RedisHash (preferred), or consider extending one of the following types with your repository: org.springframework.data.keyvalue.repository.KeyValueRepository
2025-02-37 10:38 o.s.d.r.c.RepositoryConfigurationExtensionSupport-Spring Data Redis - Could not safely identify store assignment for repository candidate interface com.beyond.StomachForce.youngjae.review.repository.ReviewPhotoRepository; If you want this repository to be a Redis repository, consider annotating your entities with one of these annotations: org.springframework.data.redis.core.RedisHash (preferred), or consider extending one of the following types with your repository: org.springframework.data.keyvalue.repository.KeyValueRepository
2025-02-37 10:38 o.s.d.r.c.RepositoryConfigurationExtensionSupport-Spring Data Redis - Could not safely identify store assignment for repository candidate interface com.beyond.StomachForce.youngjae.review.repository.ReviewRepository; If you want this repository to be a Redis repository, consider annotating your entities with one of these annotations: org.springframework.data.redis.core.RedisHash (preferred), or consider extending one of the following types with your repository: org.springframework.data.keyvalue.repository.KeyValueRepository
2025-02-37 10:38 o.s.d.r.c.RepositoryConfigurationDelegate-Finished Spring Data repository scanning in 21 ms. Found 0 Redis repository interfaces.
2025-02-37 10:38 o.s.b.w.e.tomcat.TomcatWebServer-Tomcat initialized with port 8080 (http)
2025-02-37 10:38 o.a.coyote.http11.Http11NioProtocol-Initializing ProtocolHandler ["http-nio-8080"]
2025-02-37 10:38 o.a.catalina.core.StandardService-Starting service [Tomcat]
2025-02-37 10:38 o.a.catalina.core.StandardEngine-Starting Servlet engine: [Apache Tomcat/10.1.34]
2025-02-37 10:38 o.a.c.c.C.[Tomcat].[localhost].[/]-Initializing Spring embedded WebApplicationContext
2025-02-37 10:38 o.s.b.w.s.c.ServletWebServerApplicationContext-Root WebApplicationContext: initialization completed in 1868 ms
2025-02-37 10:38 o.h.jpa.internal.util.LogHelper-HHH000204: Processing PersistenceUnitInfo [name: default]
2025-02-37 10:38 org.hibernate.Version-HHH000412: Hibernate ORM core version 6.6.5.Final
2025-02-37 10:38 o.h.c.i.RegionFactoryInitiator-HHH000026: Second-level cache disabled
2025-02-37 10:38 o.s.o.j.p.SpringPersistenceUnitInfo-No LoadTimeWeaver setup: ignoring JPA class transformer
2025-02-37 10:38 com.zaxxer.hikari.HikariDataSource-HikariPool-1 - Starting...
2025-02-37 10:38 com.zaxxer.hikari.pool.HikariPool-HikariPool-1 - Added connection org.mariadb.jdbc.Connection@41026e5c
2025-02-37 10:38 com.zaxxer.hikari.HikariDataSource-HikariPool-1 - Start completed.
2025-02-37 10:38 org.hibernate.orm.deprecation-HHH90000025: MariaDBDialect does not need to be specified explicitly using 'hibernate.dialect' (remove the property setting and it will be selected by default)
2025-02-37 10:38 o.hibernate.orm.connections.pooling-HHH10001005: Database info:
	Database JDBC URL [Connecting through datasource 'HikariDataSource (HikariPool-1)']
	Database driver: undefined/unknown
	Database version: 11.4.4
	Autocommit mode: undefined/unknown
	Isolation level: undefined/unknown
	Minimum pool size: undefined/unknown
	Maximum pool size: undefined/unknown
2025-02-37 10:38 o.h.e.t.j.p.i.JtaPlatformInitiator-HHH000489: No JTA platform available (set 'hibernate.transaction.jta.platform' to enable JTA platform integration)
2025-02-37 10:38 o.s.o.j.LocalContainerEntityManagerFactoryBean-Initialized JPA EntityManagerFactory for persistence unit 'default'
2025-02-37 10:38 o.s.d.j.r.query.QueryEnhancerFactory-Hibernate is in classpath; If applicable, HQL parser will be used.
2025-02-37 10:38 o.s.b.a.o.j.JpaBaseConfiguration$JpaWebConfiguration-spring.jpa.open-in-view is enabled by default. Therefore, database queries may be performed during view rendering. Explicitly configure spring.jpa.open-in-view to disable this warning
2025-02-37 10:38 o.s.b.a.s.s.UserDetailsServiceAutoConfiguration-

Using generated security password: 171db991-41d5-4678-a772-e1819319b8ad

This generated password is for development use only. Your security configuration must be updated before running your application in production.

2025-02-37 10:38 o.s.s.c.a.a.c.InitializeUserDetailsBeanManagerConfigurer$InitializeUserDetailsManagerConfigurer-Global AuthenticationManager configured with UserDetailsService bean with name inMemoryUserDetailsManager
2025-02-37 10:38 o.s.s.c.a.w.c.AuthorizeHttpRequestsConfigurer$AuthorizationManagerRequestMatcherRegistry-One of the patterns in [/member/create, member/doLogin, member/refresh-token, product/list] is missing a leading slash. This is discouraged; please include the leading slash in all your request matcher patterns. In future versions of Spring Security, leaving out the leading slash will result in an exception.
2025-02-37 10:38 o.a.coyote.http11.Http11NioProtocol-Starting ProtocolHandler ["http-nio-8080"]
2025-02-37 10:38 o.s.b.w.e.tomcat.TomcatWebServer-Tomcat started on port 8080 (http) with context path '/'
2025-02-37 10:38 c.b.S.StomachForceApplication-Started StomachForceApplication in 6.716 seconds (process running for 7.802)
2025-02-37 10:42 o.a.c.c.C.[Tomcat].[localhost].[/]-Initializing Spring DispatcherServlet 'dispatcherServlet'
2025-02-37 10:42 o.s.web.servlet.DispatcherServlet-Initializing Servlet 'dispatcherServlet'
2025-02-37 10:42 o.s.web.servlet.DispatcherServlet-Completed initialization in 0 ms
2025-02-37 10:48 o.s.b.w.e.tomcat.GracefulShutdown-Commencing graceful shutdown. Waiting for active requests to complete
2025-02-37 10:48 o.s.b.w.e.tomcat.GracefulShutdown-Graceful shutdown complete
2025-02-37 10:48 o.s.o.j.LocalContainerEntityManagerFactoryBean-Closing JPA EntityManagerFactory for persistence unit 'default'
2025-02-37 10:48 com.zaxxer.hikari.HikariDataSource-HikariPool-1 - Shutdown initiated...
2025-02-37 10:48 com.zaxxer.hikari.HikariDataSource-HikariPool-1 - Shutdown completed.
2025-02-37 10:48 o.h.validator.internal.util.Version-HV000001: Hibernate Validator 8.0.2.Final
2025-02-37 10:48 c.b.S.StomachForceApplication-Starting StomachForceApplication using Java 17.0.13 with PID 14696 (C:\Users\Playdata\OneDrive\바탕 화면\be11-2nd-ChulungChulung-StomachForce-BE\build\classes\java\main started by Playdata in C:\Users\Playdata\OneDrive\바탕 화면\be11-2nd-ChulungChulung-StomachForce-BE)
2025-02-37 10:48 c.b.S.StomachForceApplication-No active profile set, falling back to 1 default profile: "default"
2025-02-37 10:48 o.s.d.r.c.RepositoryConfigurationDelegate-Multiple Spring Data modules found, entering strict repository configuration mode
2025-02-37 10:48 o.s.d.r.c.RepositoryConfigurationDelegate-Bootstrapping Spring Data JPA repositories in DEFAULT mode.
2025-02-37 10:48 o.s.d.r.c.RepositoryConfigurationDelegate-Finished Spring Data repository scanning in 170 ms. Found 7 JPA repository interfaces.
2025-02-37 10:48 o.s.d.r.c.RepositoryConfigurationDelegate-Multiple Spring Data modules found, entering strict repository configuration mode
2025-02-37 10:48 o.s.d.r.c.RepositoryConfigurationDelegate-Bootstrapping Spring Data Redis repositories in DEFAULT mode.
2025-02-37 10:48 o.s.d.r.c.RepositoryConfigurationExtensionSupport-Spring Data Redis - Could not safely identify store assignment for repository candidate interface com.beyond.StomachForce.youngjae.restaurant.repository.AddressRepository; If you want this repository to be a Redis repository, consider annotating your entities with one of these annotations: org.springframework.data.redis.core.RedisHash (preferred), or consider extending one of the following types with your repository: org.springframework.data.keyvalue.repository.KeyValueRepository
2025-02-37 10:48 o.s.d.r.c.RepositoryConfigurationExtensionSupport-Spring Data Redis - Could not safely identify store assignment for repository candidate interface com.beyond.StomachForce.youngjae.restaurant.repository.BookmarkRepository; If you want this repository to be a Redis repository, consider annotating your entities with one of these annotations: org.springframework.data.redis.core.RedisHash (preferred), or consider extending one of the following types with your repository: org.springframework.data.keyvalue.repository.KeyValueRepository
2025-02-37 10:48 o.s.d.r.c.RepositoryConfigurationExtensionSupport-Spring Data Redis - Could not safely identify store assignment for repository candidate interface com.beyond.StomachForce.youngjae.restaurant.repository.RestaurantConvenienceRepository; If you want this repository to be a Redis repository, consider annotating your entities with one of these annotations: org.springframework.data.redis.core.RedisHash (preferred), or consider extending one of the following types with your repository: org.springframework.data.keyvalue.repository.KeyValueRepository
2025-02-37 10:48 o.s.d.r.c.RepositoryConfigurationExtensionSupport-Spring Data Redis - Could not safely identify store assignment for repository candidate interface com.beyond.StomachForce.youngjae.restaurant.repository.RestaurantPhotoRepository; If you want this repository to be a Redis repository, consider annotating your entities with one of these annotations: org.springframework.data.redis.core.RedisHash (preferred), or consider extending one of the following types with your repository: org.springframework.data.keyvalue.repository.KeyValueRepository
2025-02-37 10:48 o.s.d.r.c.RepositoryConfigurationExtensionSupport-Spring Data Redis - Could not safely identify store assignment for repository candidate interface com.beyond.StomachForce.youngjae.restaurant.repository.RestaurantRepository; If you want this repository to be a Redis repository, consider annotating your entities with one of these annotations: org.springframework.data.redis.core.RedisHash (preferred), or consider extending one of the following types with your repository: org.springframework.data.keyvalue.repository.KeyValueRepository
2025-02-37 10:48 o.s.d.r.c.RepositoryConfigurationExtensionSupport-Spring Data Redis - Could not safely identify store assignment for repository candidate interface com.beyond.StomachForce.youngjae.review.repository.ReviewPhotoRepository; If you want this repository to be a Redis repository, consider annotating your entities with one of these annotations: org.springframework.data.redis.core.RedisHash (preferred), or consider extending one of the following types with your repository: org.springframework.data.keyvalue.repository.KeyValueRepository
2025-02-37 10:48 o.s.d.r.c.RepositoryConfigurationExtensionSupport-Spring Data Redis - Could not safely identify store assignment for repository candidate interface com.beyond.StomachForce.youngjae.review.repository.ReviewRepository; If you want this repository to be a Redis repository, consider annotating your entities with one of these annotations: org.springframework.data.redis.core.RedisHash (preferred), or consider extending one of the following types with your repository: org.springframework.data.keyvalue.repository.KeyValueRepository
2025-02-37 10:48 o.s.d.r.c.RepositoryConfigurationDelegate-Finished Spring Data repository scanning in 16 ms. Found 0 Redis repository interfaces.
2025-02-37 10:48 o.s.b.w.e.tomcat.TomcatWebServer-Tomcat initialized with port 8080 (http)
2025-02-37 10:48 o.a.coyote.http11.Http11NioProtocol-Initializing ProtocolHandler ["http-nio-8080"]
2025-02-37 10:48 o.a.catalina.core.StandardService-Starting service [Tomcat]
2025-02-37 10:48 o.a.catalina.core.StandardEngine-Starting Servlet engine: [Apache Tomcat/10.1.34]
2025-02-37 10:48 o.a.c.c.C.[Tomcat].[localhost].[/]-Initializing Spring embedded WebApplicationContext
2025-02-37 10:48 o.s.b.w.s.c.ServletWebServerApplicationContext-Root WebApplicationContext: initialization completed in 1635 ms
2025-02-37 10:48 o.h.jpa.internal.util.LogHelper-HHH000204: Processing PersistenceUnitInfo [name: default]
2025-02-37 10:48 org.hibernate.Version-HHH000412: Hibernate ORM core version 6.6.5.Final
2025-02-37 10:48 o.h.c.i.RegionFactoryInitiator-HHH000026: Second-level cache disabled
2025-02-37 10:48 o.s.o.j.p.SpringPersistenceUnitInfo-No LoadTimeWeaver setup: ignoring JPA class transformer
2025-02-37 10:48 com.zaxxer.hikari.HikariDataSource-HikariPool-1 - Starting...
2025-02-37 10:48 com.zaxxer.hikari.pool.HikariPool-HikariPool-1 - Added connection org.mariadb.jdbc.Connection@654b899f
2025-02-37 10:48 com.zaxxer.hikari.HikariDataSource-HikariPool-1 - Start completed.
2025-02-37 10:48 org.hibernate.orm.deprecation-HHH90000025: MariaDBDialect does not need to be specified explicitly using 'hibernate.dialect' (remove the property setting and it will be selected by default)
2025-02-37 10:48 o.hibernate.orm.connections.pooling-HHH10001005: Database info:
	Database JDBC URL [Connecting through datasource 'HikariDataSource (HikariPool-1)']
	Database driver: undefined/unknown
	Database version: 11.4.4
	Autocommit mode: undefined/unknown
	Isolation level: undefined/unknown
	Minimum pool size: undefined/unknown
	Maximum pool size: undefined/unknown
2025-02-37 10:48 o.h.e.t.j.p.i.JtaPlatformInitiator-HHH000489: No JTA platform available (set 'hibernate.transaction.jta.platform' to enable JTA platform integration)
2025-02-37 10:48 o.s.o.j.LocalContainerEntityManagerFactoryBean-Initialized JPA EntityManagerFactory for persistence unit 'default'
2025-02-37 10:48 o.s.d.j.r.query.QueryEnhancerFactory-Hibernate is in classpath; If applicable, HQL parser will be used.
2025-02-37 10:48 o.s.b.a.o.j.JpaBaseConfiguration$JpaWebConfiguration-spring.jpa.open-in-view is enabled by default. Therefore, database queries may be performed during view rendering. Explicitly configure spring.jpa.open-in-view to disable this warning
2025-02-37 10:48 o.s.b.a.s.s.UserDetailsServiceAutoConfiguration-

Using generated security password: 0d51b015-12d3-4631-ad13-87f15665771d

This generated password is for development use only. Your security configuration must be updated before running your application in production.

2025-02-37 10:48 o.s.s.c.a.a.c.InitializeUserDetailsBeanManagerConfigurer$InitializeUserDetailsManagerConfigurer-Global AuthenticationManager configured with UserDetailsService bean with name inMemoryUserDetailsManager
2025-02-37 10:48 o.s.s.c.a.w.c.AuthorizeHttpRequestsConfigurer$AuthorizationManagerRequestMatcherRegistry-One of the patterns in [/restaurant/create, restaurant/doLogin, restaurant/refresh-token, restaurant/list] is missing a leading slash. This is discouraged; please include the leading slash in all your request matcher patterns. In future versions of Spring Security, leaving out the leading slash will result in an exception.
2025-02-37 10:48 o.a.coyote.http11.Http11NioProtocol-Starting ProtocolHandler ["http-nio-8080"]
2025-02-37 10:48 o.s.b.w.e.tomcat.TomcatWebServer-Tomcat started on port 8080 (http) with context path '/'
2025-02-37 10:48 c.b.S.StomachForceApplication-Started StomachForceApplication in 6.154 seconds (process running for 7.212)
2025-02-37 10:48 o.a.c.c.C.[Tomcat].[localhost].[/]-Initializing Spring DispatcherServlet 'dispatcherServlet'
2025-02-37 10:48 o.s.web.servlet.DispatcherServlet-Initializing Servlet 'dispatcherServlet'
2025-02-37 10:48 o.s.web.servlet.DispatcherServlet-Completed initialization in 1 ms
2025-02-37 10:49 o.s.w.s.m.s.DefaultHandlerExceptionResolver-Resolved [org.springframework.http.converter.HttpMessageNotReadableException: JSON parse error: Cannot deserialize value of type `com.beyond.StomachForce.youngjae.restaurant.entity.select.AlcoholSelling` from String "AVAILABLE": not one of the values accepted for Enum class: [NO, YES]]
2025-02-37 10:50 o.m.jdbc.message.server.ErrorPacket-Error: 1048-23000: Column 'photo_url' cannot be null
2025-02-37 10:50 o.h.e.jdbc.spi.SqlExceptionHelper-SQL Error: 1048, SQLState: 23000
2025-02-37 10:50 o.h.e.jdbc.spi.SqlExceptionHelper-(conn=653) Column 'photo_url' cannot be null
2025-02-37 10:50 c.b.S.y.common.auth.JwtAuthFilter-Request processing failed: org.springframework.dao.DataIntegrityViolationException: could not execute statement [(conn=653) Column 'photo_url' cannot be null] [insert into restaurant_photo (created_time,photo_url,restaurant_id,updated_time) values (?,?,?,?)]; SQL [insert into restaurant_photo (created_time,photo_url,restaurant_id,updated_time) values (?,?,?,?)]; constraint [null]
2025-02-37 11:00 com.zaxxer.hikari.pool.HikariPool-HikariPool-1 - Thread starvation or clock leap detected (housekeeper delta=4m39s830ms764µs800ns).
2025-02-37 11:03 o.s.b.w.e.tomcat.GracefulShutdown-Commencing graceful shutdown. Waiting for active requests to complete
2025-02-37 11:03 o.s.b.w.e.tomcat.GracefulShutdown-Graceful shutdown complete
2025-02-37 11:03 o.s.o.j.LocalContainerEntityManagerFactoryBean-Closing JPA EntityManagerFactory for persistence unit 'default'
2025-02-37 11:03 com.zaxxer.hikari.HikariDataSource-HikariPool-1 - Shutdown initiated...
2025-02-37 11:03 com.zaxxer.hikari.HikariDataSource-HikariPool-1 - Shutdown completed.
2025-02-37 11:03 o.h.validator.internal.util.Version-HV000001: Hibernate Validator 8.0.2.Final
2025-02-37 11:03 c.b.S.StomachForceApplication-Starting StomachForceApplication using Java 17.0.13 with PID 17008 (C:\Users\Playdata\OneDrive\바탕 화면\be11-2nd-ChulungChulung-StomachForce-BE\build\classes\java\main started by Playdata in C:\Users\Playdata\OneDrive\바탕 화면\be11-2nd-ChulungChulung-StomachForce-BE)
2025-02-37 11:03 c.b.S.StomachForceApplication-No active profile set, falling back to 1 default profile: "default"
2025-02-37 11:03 o.s.d.r.c.RepositoryConfigurationDelegate-Multiple Spring Data modules found, entering strict repository configuration mode
2025-02-37 11:03 o.s.d.r.c.RepositoryConfigurationDelegate-Bootstrapping Spring Data JPA repositories in DEFAULT mode.
2025-02-37 11:03 o.s.d.r.c.RepositoryConfigurationDelegate-Finished Spring Data repository scanning in 192 ms. Found 7 JPA repository interfaces.
2025-02-37 11:03 o.s.d.r.c.RepositoryConfigurationDelegate-Multiple Spring Data modules found, entering strict repository configuration mode
2025-02-37 11:03 o.s.d.r.c.RepositoryConfigurationDelegate-Bootstrapping Spring Data Redis repositories in DEFAULT mode.
2025-02-37 11:03 o.s.d.r.c.RepositoryConfigurationExtensionSupport-Spring Data Redis - Could not safely identify store assignment for repository candidate interface com.beyond.StomachForce.youngjae.restaurant.repository.AddressRepository; If you want this repository to be a Redis repository, consider annotating your entities with one of these annotations: org.springframework.data.redis.core.RedisHash (preferred), or consider extending one of the following types with your repository: org.springframework.data.keyvalue.repository.KeyValueRepository
2025-02-37 11:03 o.s.d.r.c.RepositoryConfigurationExtensionSupport-Spring Data Redis - Could not safely identify store assignment for repository candidate interface com.beyond.StomachForce.youngjae.restaurant.repository.BookmarkRepository; If you want this repository to be a Redis repository, consider annotating your entities with one of these annotations: org.springframework.data.redis.core.RedisHash (preferred), or consider extending one of the following types with your repository: org.springframework.data.keyvalue.repository.KeyValueRepository
2025-02-37 11:03 o.s.d.r.c.RepositoryConfigurationExtensionSupport-Spring Data Redis - Could not safely identify store assignment for repository candidate interface com.beyond.StomachForce.youngjae.restaurant.repository.RestaurantConvenienceRepository; If you want this repository to be a Redis repository, consider annotating your entities with one of these annotations: org.springframework.data.redis.core.RedisHash (preferred), or consider extending one of the following types with your repository: org.springframework.data.keyvalue.repository.KeyValueRepository
2025-02-37 11:03 o.s.d.r.c.RepositoryConfigurationExtensionSupport-Spring Data Redis - Could not safely identify store assignment for repository candidate interface com.beyond.StomachForce.youngjae.restaurant.repository.RestaurantPhotoRepository; If you want this repository to be a Redis repository, consider annotating your entities with one of these annotations: org.springframework.data.redis.core.RedisHash (preferred), or consider extending one of the following types with your repository: org.springframework.data.keyvalue.repository.KeyValueRepository
2025-02-37 11:03 o.s.d.r.c.RepositoryConfigurationExtensionSupport-Spring Data Redis - Could not safely identify store assignment for repository candidate interface com.beyond.StomachForce.youngjae.restaurant.repository.RestaurantRepository; If you want this repository to be a Redis repository, consider annotating your entities with one of these annotations: org.springframework.data.redis.core.RedisHash (preferred), or consider extending one of the following types with your repository: org.springframework.data.keyvalue.repository.KeyValueRepository
2025-02-37 11:03 o.s.d.r.c.RepositoryConfigurationExtensionSupport-Spring Data Redis - Could not safely identify store assignment for repository candidate interface com.beyond.StomachForce.youngjae.review.repository.ReviewPhotoRepository; If you want this repository to be a Redis repository, consider annotating your entities with one of these annotations: org.springframework.data.redis.core.RedisHash (preferred), or consider extending one of the following types with your repository: org.springframework.data.keyvalue.repository.KeyValueRepository
2025-02-37 11:03 o.s.d.r.c.RepositoryConfigurationExtensionSupport-Spring Data Redis - Could not safely identify store assignment for repository candidate interface com.beyond.StomachForce.youngjae.review.repository.ReviewRepository; If you want this repository to be a Redis repository, consider annotating your entities with one of these annotations: org.springframework.data.redis.core.RedisHash (preferred), or consider extending one of the following types with your repository: org.springframework.data.keyvalue.repository.KeyValueRepository
2025-02-37 11:03 o.s.d.r.c.RepositoryConfigurationDelegate-Finished Spring Data repository scanning in 15 ms. Found 0 Redis repository interfaces.
2025-02-37 11:03 o.s.b.w.e.tomcat.TomcatWebServer-Tomcat initialized with port 8080 (http)
2025-02-37 11:03 o.a.coyote.http11.Http11NioProtocol-Initializing ProtocolHandler ["http-nio-8080"]
2025-02-37 11:03 o.a.catalina.core.StandardService-Starting service [Tomcat]
2025-02-37 11:03 o.a.catalina.core.StandardEngine-Starting Servlet engine: [Apache Tomcat/10.1.34]
2025-02-37 11:03 o.a.c.c.C.[Tomcat].[localhost].[/]-Initializing Spring embedded WebApplicationContext
2025-02-37 11:03 o.s.b.w.s.c.ServletWebServerApplicationContext-Root WebApplicationContext: initialization completed in 1729 ms
2025-02-37 11:03 o.h.jpa.internal.util.LogHelper-HHH000204: Processing PersistenceUnitInfo [name: default]
2025-02-37 11:03 org.hibernate.Version-HHH000412: Hibernate ORM core version 6.6.5.Final
2025-02-37 11:03 o.h.c.i.RegionFactoryInitiator-HHH000026: Second-level cache disabled
2025-02-37 11:03 o.s.o.j.p.SpringPersistenceUnitInfo-No LoadTimeWeaver setup: ignoring JPA class transformer
2025-02-37 11:03 com.zaxxer.hikari.HikariDataSource-HikariPool-1 - Starting...
2025-02-37 11:03 com.zaxxer.hikari.pool.HikariPool-HikariPool-1 - Added connection org.mariadb.jdbc.Connection@69a76b74
2025-02-37 11:03 com.zaxxer.hikari.HikariDataSource-HikariPool-1 - Start completed.
2025-02-37 11:03 org.hibernate.orm.deprecation-HHH90000025: MariaDBDialect does not need to be specified explicitly using 'hibernate.dialect' (remove the property setting and it will be selected by default)
2025-02-37 11:03 o.hibernate.orm.connections.pooling-HHH10001005: Database info:
	Database JDBC URL [Connecting through datasource 'HikariDataSource (HikariPool-1)']
	Database driver: undefined/unknown
	Database version: 11.4.4
	Autocommit mode: undefined/unknown
	Isolation level: undefined/unknown
	Minimum pool size: undefined/unknown
	Maximum pool size: undefined/unknown
2025-02-37 11:03 o.h.e.t.j.p.i.JtaPlatformInitiator-HHH000489: No JTA platform available (set 'hibernate.transaction.jta.platform' to enable JTA platform integration)
2025-02-37 11:03 o.s.o.j.LocalContainerEntityManagerFactoryBean-Initialized JPA EntityManagerFactory for persistence unit 'default'
2025-02-37 11:03 o.s.d.j.r.query.QueryEnhancerFactory-Hibernate is in classpath; If applicable, HQL parser will be used.
2025-02-37 11:03 o.s.b.a.o.j.JpaBaseConfiguration$JpaWebConfiguration-spring.jpa.open-in-view is enabled by default. Therefore, database queries may be performed during view rendering. Explicitly configure spring.jpa.open-in-view to disable this warning
2025-02-37 11:03 o.s.b.a.s.s.UserDetailsServiceAutoConfiguration-

Using generated security password: e12ba5b5-3425-4ac7-a83a-48227f987c47

This generated password is for development use only. Your security configuration must be updated before running your application in production.

2025-02-37 11:03 o.s.s.c.a.a.c.InitializeUserDetailsBeanManagerConfigurer$InitializeUserDetailsManagerConfigurer-Global AuthenticationManager configured with UserDetailsService bean with name inMemoryUserDetailsManager
2025-02-37 11:03 o.s.s.c.a.w.c.AuthorizeHttpRequestsConfigurer$AuthorizationManagerRequestMatcherRegistry-One of the patterns in [/restaurant/create, restaurant/doLogin, restaurant/refresh-token, restaurant/list] is missing a leading slash. This is discouraged; please include the leading slash in all your request matcher patterns. In future versions of Spring Security, leaving out the leading slash will result in an exception.
2025-02-37 11:03 o.a.coyote.http11.Http11NioProtocol-Starting ProtocolHandler ["http-nio-8080"]
2025-02-37 11:03 o.s.b.w.e.tomcat.TomcatWebServer-Tomcat started on port 8080 (http) with context path '/'
2025-02-37 11:03 c.b.S.StomachForceApplication-Started StomachForceApplication in 6.567 seconds (process running for 7.56)
2025-02-37 11:03 o.s.b.w.e.tomcat.GracefulShutdown-Commencing graceful shutdown. Waiting for active requests to complete
2025-02-37 11:03 o.s.b.w.e.tomcat.GracefulShutdown-Graceful shutdown complete
2025-02-37 11:03 o.s.o.j.LocalContainerEntityManagerFactoryBean-Closing JPA EntityManagerFactory for persistence unit 'default'
2025-02-37 11:03 com.zaxxer.hikari.HikariDataSource-HikariPool-1 - Shutdown initiated...
2025-02-37 11:03 com.zaxxer.hikari.HikariDataSource-HikariPool-1 - Shutdown completed.
2025-02-37 11:03 o.h.validator.internal.util.Version-HV000001: Hibernate Validator 8.0.2.Final
2025-02-37 11:03 c.b.S.StomachForceApplication-Starting StomachForceApplication using Java 17.0.13 with PID 23772 (C:\Users\Playdata\OneDrive\바탕 화면\be11-2nd-ChulungChulung-StomachForce-BE\build\classes\java\main started by Playdata in C:\Users\Playdata\OneDrive\바탕 화면\be11-2nd-ChulungChulung-StomachForce-BE)
2025-02-37 11:03 c.b.S.StomachForceApplication-No active profile set, falling back to 1 default profile: "default"
2025-02-37 11:03 o.s.d.r.c.RepositoryConfigurationDelegate-Multiple Spring Data modules found, entering strict repository configuration mode
2025-02-37 11:03 o.s.d.r.c.RepositoryConfigurationDelegate-Bootstrapping Spring Data JPA repositories in DEFAULT mode.
2025-02-37 11:03 o.s.d.r.c.RepositoryConfigurationDelegate-Finished Spring Data repository scanning in 163 ms. Found 7 JPA repository interfaces.
2025-02-37 11:03 o.s.d.r.c.RepositoryConfigurationDelegate-Multiple Spring Data modules found, entering strict repository configuration mode
2025-02-37 11:03 o.s.d.r.c.RepositoryConfigurationDelegate-Bootstrapping Spring Data Redis repositories in DEFAULT mode.
2025-02-37 11:03 o.s.d.r.c.RepositoryConfigurationExtensionSupport-Spring Data Redis - Could not safely identify store assignment for repository candidate interface com.beyond.StomachForce.youngjae.restaurant.repository.AddressRepository; If you want this repository to be a Redis repository, consider annotating your entities with one of these annotations: org.springframework.data.redis.core.RedisHash (preferred), or consider extending one of the following types with your repository: org.springframework.data.keyvalue.repository.KeyValueRepository
2025-02-37 11:03 o.s.d.r.c.RepositoryConfigurationExtensionSupport-Spring Data Redis - Could not safely identify store assignment for repository candidate interface com.beyond.StomachForce.youngjae.restaurant.repository.BookmarkRepository; If you want this repository to be a Redis repository, consider annotating your entities with one of these annotations: org.springframework.data.redis.core.RedisHash (preferred), or consider extending one of the following types with your repository: org.springframework.data.keyvalue.repository.KeyValueRepository
2025-02-37 11:03 o.s.d.r.c.RepositoryConfigurationExtensionSupport-Spring Data Redis - Could not safely identify store assignment for repository candidate interface com.beyond.StomachForce.youngjae.restaurant.repository.RestaurantConvenienceRepository; If you want this repository to be a Redis repository, consider annotating your entities with one of these annotations: org.springframework.data.redis.core.RedisHash (preferred), or consider extending one of the following types with your repository: org.springframework.data.keyvalue.repository.KeyValueRepository
2025-02-37 11:03 o.s.d.r.c.RepositoryConfigurationExtensionSupport-Spring Data Redis - Could not safely identify store assignment for repository candidate interface com.beyond.StomachForce.youngjae.restaurant.repository.RestaurantPhotoRepository; If you want this repository to be a Redis repository, consider annotating your entities with one of these annotations: org.springframework.data.redis.core.RedisHash (preferred), or consider extending one of the following types with your repository: org.springframework.data.keyvalue.repository.KeyValueRepository
2025-02-37 11:03 o.s.d.r.c.RepositoryConfigurationExtensionSupport-Spring Data Redis - Could not safely identify store assignment for repository candidate interface com.beyond.StomachForce.youngjae.restaurant.repository.RestaurantRepository; If you want this repository to be a Redis repository, consider annotating your entities with one of these annotations: org.springframework.data.redis.core.RedisHash (preferred), or consider extending one of the following types with your repository: org.springframework.data.keyvalue.repository.KeyValueRepository
2025-02-37 11:03 o.s.d.r.c.RepositoryConfigurationExtensionSupport-Spring Data Redis - Could not safely identify store assignment for repository candidate interface com.beyond.StomachForce.youngjae.review.repository.ReviewPhotoRepository; If you want this repository to be a Redis repository, consider annotating your entities with one of these annotations: org.springframework.data.redis.core.RedisHash (preferred), or consider extending one of the following types with your repository: org.springframework.data.keyvalue.repository.KeyValueRepository
2025-02-37 11:03 o.s.d.r.c.RepositoryConfigurationExtensionSupport-Spring Data Redis - Could not safely identify store assignment for repository candidate interface com.beyond.StomachForce.youngjae.review.repository.ReviewRepository; If you want this repository to be a Redis repository, consider annotating your entities with one of these annotations: org.springframework.data.redis.core.RedisHash (preferred), or consider extending one of the following types with your repository: org.springframework.data.keyvalue.repository.KeyValueRepository
2025-02-37 11:03 o.s.d.r.c.RepositoryConfigurationDelegate-Finished Spring Data repository scanning in 17 ms. Found 0 Redis repository interfaces.
2025-02-37 11:03 o.s.b.w.e.tomcat.TomcatWebServer-Tomcat initialized with port 8080 (http)
2025-02-37 11:03 o.a.coyote.http11.Http11NioProtocol-Initializing ProtocolHandler ["http-nio-8080"]
2025-02-37 11:03 o.a.catalina.core.StandardService-Starting service [Tomcat]
2025-02-37 11:03 o.a.catalina.core.StandardEngine-Starting Servlet engine: [Apache Tomcat/10.1.34]
2025-02-37 11:03 o.a.c.c.C.[Tomcat].[localhost].[/]-Initializing Spring embedded WebApplicationContext
2025-02-37 11:03 o.s.b.w.s.c.ServletWebServerApplicationContext-Root WebApplicationContext: initialization completed in 1658 ms
2025-02-37 11:03 o.h.jpa.internal.util.LogHelper-HHH000204: Processing PersistenceUnitInfo [name: default]
2025-02-37 11:03 org.hibernate.Version-HHH000412: Hibernate ORM core version 6.6.5.Final
2025-02-37 11:03 o.h.c.i.RegionFactoryInitiator-HHH000026: Second-level cache disabled
2025-02-37 11:03 o.s.o.j.p.SpringPersistenceUnitInfo-No LoadTimeWeaver setup: ignoring JPA class transformer
2025-02-37 11:03 com.zaxxer.hikari.HikariDataSource-HikariPool-1 - Starting...
2025-02-37 11:03 com.zaxxer.hikari.pool.HikariPool-HikariPool-1 - Added connection org.mariadb.jdbc.Connection@65503a26
2025-02-37 11:03 com.zaxxer.hikari.HikariDataSource-HikariPool-1 - Start completed.
2025-02-37 11:03 org.hibernate.orm.deprecation-HHH90000025: MariaDBDialect does not need to be specified explicitly using 'hibernate.dialect' (remove the property setting and it will be selected by default)
2025-02-37 11:03 o.hibernate.orm.connections.pooling-HHH10001005: Database info:
	Database JDBC URL [Connecting through datasource 'HikariDataSource (HikariPool-1)']
	Database driver: undefined/unknown
	Database version: 11.4.4
	Autocommit mode: undefined/unknown
	Isolation level: undefined/unknown
	Minimum pool size: undefined/unknown
	Maximum pool size: undefined/unknown
2025-02-37 11:03 o.h.e.t.j.p.i.JtaPlatformInitiator-HHH000489: No JTA platform available (set 'hibernate.transaction.jta.platform' to enable JTA platform integration)
2025-02-37 11:03 o.s.o.j.LocalContainerEntityManagerFactoryBean-Initialized JPA EntityManagerFactory for persistence unit 'default'
2025-02-37 11:03 o.s.d.j.r.query.QueryEnhancerFactory-Hibernate is in classpath; If applicable, HQL parser will be used.
2025-02-37 11:03 o.s.b.a.o.j.JpaBaseConfiguration$JpaWebConfiguration-spring.jpa.open-in-view is enabled by default. Therefore, database queries may be performed during view rendering. Explicitly configure spring.jpa.open-in-view to disable this warning
2025-02-37 11:03 o.s.b.a.s.s.UserDetailsServiceAutoConfiguration-

Using generated security password: 15c5faa0-cc2b-4602-bf1c-001462f6fb8f

This generated password is for development use only. Your security configuration must be updated before running your application in production.

2025-02-37 11:03 o.s.s.c.a.a.c.InitializeUserDetailsBeanManagerConfigurer$InitializeUserDetailsManagerConfigurer-Global AuthenticationManager configured with UserDetailsService bean with name inMemoryUserDetailsManager
2025-02-37 11:03 o.s.s.c.a.w.c.AuthorizeHttpRequestsConfigurer$AuthorizationManagerRequestMatcherRegistry-One of the patterns in [/restaurant/create, restaurant/doLogin, restaurant/refresh-token, restaurant/list] is missing a leading slash. This is discouraged; please include the leading slash in all your request matcher patterns. In future versions of Spring Security, leaving out the leading slash will result in an exception.
2025-02-37 11:03 o.a.coyote.http11.Http11NioProtocol-Starting ProtocolHandler ["http-nio-8080"]
2025-02-37 11:03 o.s.b.w.e.tomcat.TomcatWebServer-Tomcat started on port 8080 (http) with context path '/'
2025-02-37 11:03 c.b.S.StomachForceApplication-Started StomachForceApplication in 6.176 seconds (process running for 7.256)
2025-02-37 11:03 o.a.c.c.C.[Tomcat].[localhost].[/]-Initializing Spring DispatcherServlet 'dispatcherServlet'
2025-02-37 11:03 o.s.web.servlet.DispatcherServlet-Initializing Servlet 'dispatcherServlet'
2025-02-37 11:03 o.s.web.servlet.DispatcherServlet-Completed initialization in 1 ms
2025-02-37 11:03 c.b.S.y.common.auth.JwtAuthFilter-Request processing failed: org.springframework.dao.InvalidDataAccessApiUsageException: org.hibernate.TransientObjectException: persistent instance references an unsaved transient instance of 'com.beyond.StomachForce.youngjae.restaurant.entity.RestaurantAddress' (save the transient instance before flushing)
2025-02-37 11:05 o.s.b.w.e.tomcat.GracefulShutdown-Commencing graceful shutdown. Waiting for active requests to complete
2025-02-37 11:05 o.s.b.w.e.tomcat.GracefulShutdown-Graceful shutdown complete
2025-02-37 11:05 o.s.o.j.LocalContainerEntityManagerFactoryBean-Closing JPA EntityManagerFactory for persistence unit 'default'
2025-02-37 11:05 com.zaxxer.hikari.HikariDataSource-HikariPool-1 - Shutdown initiated...
2025-02-37 11:05 com.zaxxer.hikari.HikariDataSource-HikariPool-1 - Shutdown completed.
2025-02-37 11:06 o.h.validator.internal.util.Version-HV000001: Hibernate Validator 8.0.2.Final
2025-02-37 11:06 c.b.S.StomachForceApplication-Starting StomachForceApplication using Java 17.0.13 with PID 7872 (C:\Users\Playdata\OneDrive\바탕 화면\be11-2nd-ChulungChulung-StomachForce-BE\build\classes\java\main started by Playdata in C:\Users\Playdata\OneDrive\바탕 화면\be11-2nd-ChulungChulung-StomachForce-BE)
2025-02-37 11:06 c.b.S.StomachForceApplication-No active profile set, falling back to 1 default profile: "default"
2025-02-37 11:06 o.s.d.r.c.RepositoryConfigurationDelegate-Multiple Spring Data modules found, entering strict repository configuration mode
2025-02-37 11:06 o.s.d.r.c.RepositoryConfigurationDelegate-Bootstrapping Spring Data JPA repositories in DEFAULT mode.
2025-02-37 11:06 o.s.d.r.c.RepositoryConfigurationDelegate-Finished Spring Data repository scanning in 177 ms. Found 7 JPA repository interfaces.
2025-02-37 11:06 o.s.d.r.c.RepositoryConfigurationDelegate-Multiple Spring Data modules found, entering strict repository configuration mode
2025-02-37 11:06 o.s.d.r.c.RepositoryConfigurationDelegate-Bootstrapping Spring Data Redis repositories in DEFAULT mode.
2025-02-37 11:06 o.s.d.r.c.RepositoryConfigurationExtensionSupport-Spring Data Redis - Could not safely identify store assignment for repository candidate interface com.beyond.StomachForce.youngjae.restaurant.repository.AddressRepository; If you want this repository to be a Redis repository, consider annotating your entities with one of these annotations: org.springframework.data.redis.core.RedisHash (preferred), or consider extending one of the following types with your repository: org.springframework.data.keyvalue.repository.KeyValueRepository
2025-02-37 11:06 o.s.d.r.c.RepositoryConfigurationExtensionSupport-Spring Data Redis - Could not safely identify store assignment for repository candidate interface com.beyond.StomachForce.youngjae.restaurant.repository.BookmarkRepository; If you want this repository to be a Redis repository, consider annotating your entities with one of these annotations: org.springframework.data.redis.core.RedisHash (preferred), or consider extending one of the following types with your repository: org.springframework.data.keyvalue.repository.KeyValueRepository
2025-02-37 11:06 o.s.d.r.c.RepositoryConfigurationExtensionSupport-Spring Data Redis - Could not safely identify store assignment for repository candidate interface com.beyond.StomachForce.youngjae.restaurant.repository.RestaurantConvenienceRepository; If you want this repository to be a Redis repository, consider annotating your entities with one of these annotations: org.springframework.data.redis.core.RedisHash (preferred), or consider extending one of the following types with your repository: org.springframework.data.keyvalue.repository.KeyValueRepository
2025-02-37 11:06 o.s.d.r.c.RepositoryConfigurationExtensionSupport-Spring Data Redis - Could not safely identify store assignment for repository candidate interface com.beyond.StomachForce.youngjae.restaurant.repository.RestaurantPhotoRepository; If you want this repository to be a Redis repository, consider annotating your entities with one of these annotations: org.springframework.data.redis.core.RedisHash (preferred), or consider extending one of the following types with your repository: org.springframework.data.keyvalue.repository.KeyValueRepository
2025-02-37 11:06 o.s.d.r.c.RepositoryConfigurationExtensionSupport-Spring Data Redis - Could not safely identify store assignment for repository candidate interface com.beyond.StomachForce.youngjae.restaurant.repository.RestaurantRepository; If you want this repository to be a Redis repository, consider annotating your entities with one of these annotations: org.springframework.data.redis.core.RedisHash (preferred), or consider extending one of the following types with your repository: org.springframework.data.keyvalue.repository.KeyValueRepository
2025-02-37 11:06 o.s.d.r.c.RepositoryConfigurationExtensionSupport-Spring Data Redis - Could not safely identify store assignment for repository candidate interface com.beyond.StomachForce.youngjae.review.repository.ReviewPhotoRepository; If you want this repository to be a Redis repository, consider annotating your entities with one of these annotations: org.springframework.data.redis.core.RedisHash (preferred), or consider extending one of the following types with your repository: org.springframework.data.keyvalue.repository.KeyValueRepository
2025-02-37 11:06 o.s.d.r.c.RepositoryConfigurationExtensionSupport-Spring Data Redis - Could not safely identify store assignment for repository candidate interface com.beyond.StomachForce.youngjae.review.repository.ReviewRepository; If you want this repository to be a Redis repository, consider annotating your entities with one of these annotations: org.springframework.data.redis.core.RedisHash (preferred), or consider extending one of the following types with your repository: org.springframework.data.keyvalue.repository.KeyValueRepository
2025-02-37 11:06 o.s.d.r.c.RepositoryConfigurationDelegate-Finished Spring Data repository scanning in 15 ms. Found 0 Redis repository interfaces.
2025-02-37 11:06 o.s.b.w.e.tomcat.TomcatWebServer-Tomcat initialized with port 8080 (http)
2025-02-37 11:06 o.a.coyote.http11.Http11NioProtocol-Initializing ProtocolHandler ["http-nio-8080"]
2025-02-37 11:06 o.a.catalina.core.StandardService-Starting service [Tomcat]
2025-02-37 11:06 o.a.catalina.core.StandardEngine-Starting Servlet engine: [Apache Tomcat/10.1.34]
2025-02-37 11:06 o.a.c.c.C.[Tomcat].[localhost].[/]-Initializing Spring embedded WebApplicationContext
2025-02-37 11:06 o.s.b.w.s.c.ServletWebServerApplicationContext-Root WebApplicationContext: initialization completed in 1774 ms
2025-02-37 11:06 o.h.jpa.internal.util.LogHelper-HHH000204: Processing PersistenceUnitInfo [name: default]
2025-02-37 11:06 org.hibernate.Version-HHH000412: Hibernate ORM core version 6.6.5.Final
2025-02-37 11:06 o.h.c.i.RegionFactoryInitiator-HHH000026: Second-level cache disabled
2025-02-37 11:06 o.s.o.j.p.SpringPersistenceUnitInfo-No LoadTimeWeaver setup: ignoring JPA class transformer
2025-02-37 11:06 com.zaxxer.hikari.HikariDataSource-HikariPool-1 - Starting...
2025-02-37 11:06 com.zaxxer.hikari.pool.HikariPool-HikariPool-1 - Added connection org.mariadb.jdbc.Connection@5b64f771
2025-02-37 11:06 com.zaxxer.hikari.HikariDataSource-HikariPool-1 - Start completed.
2025-02-37 11:06 org.hibernate.orm.deprecation-HHH90000025: MariaDBDialect does not need to be specified explicitly using 'hibernate.dialect' (remove the property setting and it will be selected by default)
2025-02-37 11:06 o.hibernate.orm.connections.pooling-HHH10001005: Database info:
	Database JDBC URL [Connecting through datasource 'HikariDataSource (HikariPool-1)']
	Database driver: undefined/unknown
	Database version: 11.4.4
	Autocommit mode: undefined/unknown
	Isolation level: undefined/unknown
	Minimum pool size: undefined/unknown
	Maximum pool size: undefined/unknown
2025-02-37 11:06 o.s.o.j.LocalContainerEntityManagerFactoryBean-Failed to initialize JPA EntityManagerFactory: Association 'com.beyond.StomachForce.youngjae.restaurant.entity.Restaurant.address' is 'mappedBy' a property named 'restaurant' which does not exist in the target entity type 'com.beyond.StomachForce.youngjae.restaurant.entity.RestaurantAddress'
2025-02-37 11:06 o.s.b.w.s.c.AnnotationConfigServletWebServerApplicationContext-Exception encountered during context initialization - cancelling refresh attempt: org.springframework.beans.factory.BeanCreationException: Error creating bean with name 'entityManagerFactory' defined in class path resource [org/springframework/boot/autoconfigure/orm/jpa/HibernateJpaConfiguration.class]: Association 'com.beyond.StomachForce.youngjae.restaurant.entity.Restaurant.address' is 'mappedBy' a property named 'restaurant' which does not exist in the target entity type 'com.beyond.StomachForce.youngjae.restaurant.entity.RestaurantAddress'
2025-02-37 11:06 com.zaxxer.hikari.HikariDataSource-HikariPool-1 - Shutdown initiated...
2025-02-37 11:06 com.zaxxer.hikari.HikariDataSource-HikariPool-1 - Shutdown completed.
2025-02-37 11:06 o.a.catalina.core.StandardService-Stopping service [Tomcat]
2025-02-37 11:06 o.s.b.a.l.ConditionEvaluationReportLogger-

Error starting ApplicationContext. To display the condition evaluation report re-run your application with 'debug' enabled.
2025-02-37 11:06 o.s.boot.SpringApplication-Application run failed
org.springframework.beans.factory.BeanCreationException: Error creating bean with name 'entityManagerFactory' defined in class path resource [org/springframework/boot/autoconfigure/orm/jpa/HibernateJpaConfiguration.class]: Association 'com.beyond.StomachForce.youngjae.restaurant.entity.Restaurant.address' is 'mappedBy' a property named 'restaurant' which does not exist in the target entity type 'com.beyond.StomachForce.youngjae.restaurant.entity.RestaurantAddress'
	at org.springframework.beans.factory.support.AbstractAutowireCapableBeanFactory.initializeBean(AbstractAutowireCapableBeanFactory.java:1812)
	at org.springframework.beans.factory.support.AbstractAutowireCapableBeanFactory.doCreateBean(AbstractAutowireCapableBeanFactory.java:601)
	at org.springframework.beans.factory.support.AbstractAutowireCapableBeanFactory.createBean(AbstractAutowireCapableBeanFactory.java:523)
	at org.springframework.beans.factory.support.AbstractBeanFactory.lambda$doGetBean$0(AbstractBeanFactory.java:336)
	at org.springframework.beans.factory.support.DefaultSingletonBeanRegistry.getSingleton(DefaultSingletonBeanRegistry.java:307)
	at org.springframework.beans.factory.support.AbstractBeanFactory.doGetBean(AbstractBeanFactory.java:334)
	at org.springframework.beans.factory.support.AbstractBeanFactory.getBean(AbstractBeanFactory.java:204)
	at org.springframework.context.support.AbstractApplicationContext.finishBeanFactoryInitialization(AbstractApplicationContext.java:970)
	at org.springframework.context.support.AbstractApplicationContext.refresh(AbstractApplicationContext.java:627)
	at org.springframework.boot.web.servlet.context.ServletWebServerApplicationContext.refresh(ServletWebServerApplicationContext.java:146)
	at org.springframework.boot.SpringApplication.refresh(SpringApplication.java:752)
	at org.springframework.boot.SpringApplication.refreshContext(SpringApplication.java:439)
	at org.springframework.boot.SpringApplication.run(SpringApplication.java:318)
	at org.springframework.boot.SpringApplication.run(SpringApplication.java:1361)
	at org.springframework.boot.SpringApplication.run(SpringApplication.java:1350)
	at com.beyond.StomachForce.StomachForceApplication.main(StomachForceApplication.java:10)
Caused by: org.hibernate.AnnotationException: Association 'com.beyond.StomachForce.youngjae.restaurant.entity.Restaurant.address' is 'mappedBy' a property named 'restaurant' which does not exist in the target entity type 'com.beyond.StomachForce.youngjae.restaurant.entity.RestaurantAddress'
	at org.hibernate.boot.model.internal.OneToOneSecondPass.targetProperty(OneToOneSecondPass.java:240)
	at org.hibernate.boot.model.internal.OneToOneSecondPass.bindUnowned(OneToOneSecondPass.java:149)
	at org.hibernate.boot.model.internal.OneToOneSecondPass.doSecondPass(OneToOneSecondPass.java:128)
	at org.hibernate.boot.internal.InFlightMetadataCollectorImpl.processSecondPasses(InFlightMetadataCollectorImpl.java:1842)
	at org.hibernate.boot.internal.InFlightMetadataCollectorImpl.processSecondPasses(InFlightMetadataCollectorImpl.java:1800)
	at org.hibernate.boot.model.process.spi.MetadataBuildingProcess.complete(MetadataBuildingProcess.java:334)
	at org.hibernate.jpa.boot.internal.EntityManagerFactoryBuilderImpl.metadata(EntityManagerFactoryBuilderImpl.java:1431)
	at org.hibernate.jpa.boot.internal.EntityManagerFactoryBuilderImpl.build(EntityManagerFactoryBuilderImpl.java:1502)
	at org.springframework.orm.jpa.vendor.SpringHibernateJpaPersistenceProvider.createContainerEntityManagerFactory(SpringHibernateJpaPersistenceProvider.java:66)
	at org.springframework.orm.jpa.LocalContainerEntityManagerFactoryBean.createNativeEntityManagerFactory(LocalContainerEntityManagerFactoryBean.java:390)
	at org.springframework.orm.jpa.AbstractEntityManagerFactoryBean.buildNativeEntityManagerFactory(AbstractEntityManagerFactoryBean.java:419)
	at org.springframework.orm.jpa.AbstractEntityManagerFactoryBean.afterPropertiesSet(AbstractEntityManagerFactoryBean.java:400)
	at org.springframework.orm.jpa.LocalContainerEntityManagerFactoryBean.afterPropertiesSet(LocalContainerEntityManagerFactoryBean.java:366)
	at org.springframework.beans.factory.support.AbstractAutowireCapableBeanFactory.invokeInitMethods(AbstractAutowireCapableBeanFactory.java:1859)
	at org.springframework.beans.factory.support.AbstractAutowireCapableBeanFactory.initializeBean(AbstractAutowireCapableBeanFactory.java:1808)
	... 15 common frames omitted
2025-02-37 11:06 o.h.validator.internal.util.Version-HV000001: Hibernate Validator 8.0.2.Final
2025-02-37 11:06 c.b.S.StomachForceApplication-Starting StomachForceApplication using Java 17.0.13 with PID 18752 (C:\Users\Playdata\OneDrive\바탕 화면\be11-2nd-ChulungChulung-StomachForce-BE\build\classes\java\main started by Playdata in C:\Users\Playdata\OneDrive\바탕 화면\be11-2nd-ChulungChulung-StomachForce-BE)
2025-02-37 11:06 c.b.S.StomachForceApplication-No active profile set, falling back to 1 default profile: "default"
2025-02-37 11:06 o.s.d.r.c.RepositoryConfigurationDelegate-Multiple Spring Data modules found, entering strict repository configuration mode
2025-02-37 11:06 o.s.d.r.c.RepositoryConfigurationDelegate-Bootstrapping Spring Data JPA repositories in DEFAULT mode.
2025-02-37 11:06 o.s.d.r.c.RepositoryConfigurationDelegate-Finished Spring Data repository scanning in 166 ms. Found 7 JPA repository interfaces.
2025-02-37 11:06 o.s.d.r.c.RepositoryConfigurationDelegate-Multiple Spring Data modules found, entering strict repository configuration mode
2025-02-37 11:06 o.s.d.r.c.RepositoryConfigurationDelegate-Bootstrapping Spring Data Redis repositories in DEFAULT mode.
2025-02-37 11:06 o.s.d.r.c.RepositoryConfigurationExtensionSupport-Spring Data Redis - Could not safely identify store assignment for repository candidate interface com.beyond.StomachForce.youngjae.restaurant.repository.AddressRepository; If you want this repository to be a Redis repository, consider annotating your entities with one of these annotations: org.springframework.data.redis.core.RedisHash (preferred), or consider extending one of the following types with your repository: org.springframework.data.keyvalue.repository.KeyValueRepository
2025-02-37 11:06 o.s.d.r.c.RepositoryConfigurationExtensionSupport-Spring Data Redis - Could not safely identify store assignment for repository candidate interface com.beyond.StomachForce.youngjae.restaurant.repository.BookmarkRepository; If you want this repository to be a Redis repository, consider annotating your entities with one of these annotations: org.springframework.data.redis.core.RedisHash (preferred), or consider extending one of the following types with your repository: org.springframework.data.keyvalue.repository.KeyValueRepository
2025-02-37 11:06 o.s.d.r.c.RepositoryConfigurationExtensionSupport-Spring Data Redis - Could not safely identify store assignment for repository candidate interface com.beyond.StomachForce.youngjae.restaurant.repository.RestaurantConvenienceRepository; If you want this repository to be a Redis repository, consider annotating your entities with one of these annotations: org.springframework.data.redis.core.RedisHash (preferred), or consider extending one of the following types with your repository: org.springframework.data.keyvalue.repository.KeyValueRepository
2025-02-37 11:06 o.s.d.r.c.RepositoryConfigurationExtensionSupport-Spring Data Redis - Could not safely identify store assignment for repository candidate interface com.beyond.StomachForce.youngjae.restaurant.repository.RestaurantPhotoRepository; If you want this repository to be a Redis repository, consider annotating your entities with one of these annotations: org.springframework.data.redis.core.RedisHash (preferred), or consider extending one of the following types with your repository: org.springframework.data.keyvalue.repository.KeyValueRepository
2025-02-37 11:06 o.s.d.r.c.RepositoryConfigurationExtensionSupport-Spring Data Redis - Could not safely identify store assignment for repository candidate interface com.beyond.StomachForce.youngjae.restaurant.repository.RestaurantRepository; If you want this repository to be a Redis repository, consider annotating your entities with one of these annotations: org.springframework.data.redis.core.RedisHash (preferred), or consider extending one of the following types with your repository: org.springframework.data.keyvalue.repository.KeyValueRepository
2025-02-37 11:06 o.s.d.r.c.RepositoryConfigurationExtensionSupport-Spring Data Redis - Could not safely identify store assignment for repository candidate interface com.beyond.StomachForce.youngjae.review.repository.ReviewPhotoRepository; If you want this repository to be a Redis repository, consider annotating your entities with one of these annotations: org.springframework.data.redis.core.RedisHash (preferred), or consider extending one of the following types with your repository: org.springframework.data.keyvalue.repository.KeyValueRepository
2025-02-37 11:06 o.s.d.r.c.RepositoryConfigurationExtensionSupport-Spring Data Redis - Could not safely identify store assignment for repository candidate interface com.beyond.StomachForce.youngjae.review.repository.ReviewRepository; If you want this repository to be a Redis repository, consider annotating your entities with one of these annotations: org.springframework.data.redis.core.RedisHash (preferred), or consider extending one of the following types with your repository: org.springframework.data.keyvalue.repository.KeyValueRepository
2025-02-37 11:06 o.s.d.r.c.RepositoryConfigurationDelegate-Finished Spring Data repository scanning in 16 ms. Found 0 Redis repository interfaces.
2025-02-37 11:06 o.s.b.w.e.tomcat.TomcatWebServer-Tomcat initialized with port 8080 (http)
2025-02-37 11:06 o.a.coyote.http11.Http11NioProtocol-Initializing ProtocolHandler ["http-nio-8080"]
2025-02-37 11:06 o.a.catalina.core.StandardService-Starting service [Tomcat]
2025-02-37 11:06 o.a.catalina.core.StandardEngine-Starting Servlet engine: [Apache Tomcat/10.1.34]
2025-02-37 11:06 o.a.c.c.C.[Tomcat].[localhost].[/]-Initializing Spring embedded WebApplicationContext
2025-02-37 11:06 o.s.b.w.s.c.ServletWebServerApplicationContext-Root WebApplicationContext: initialization completed in 1733 ms
2025-02-37 11:06 o.h.jpa.internal.util.LogHelper-HHH000204: Processing PersistenceUnitInfo [name: default]
2025-02-37 11:06 org.hibernate.Version-HHH000412: Hibernate ORM core version 6.6.5.Final
2025-02-37 11:06 o.h.c.i.RegionFactoryInitiator-HHH000026: Second-level cache disabled
2025-02-37 11:06 o.s.o.j.p.SpringPersistenceUnitInfo-No LoadTimeWeaver setup: ignoring JPA class transformer
2025-02-37 11:06 com.zaxxer.hikari.HikariDataSource-HikariPool-1 - Starting...
2025-02-37 11:06 com.zaxxer.hikari.pool.HikariPool-HikariPool-1 - Added connection org.mariadb.jdbc.Connection@5f67181f
2025-02-37 11:06 com.zaxxer.hikari.HikariDataSource-HikariPool-1 - Start completed.
2025-02-37 11:06 org.hibernate.orm.deprecation-HHH90000025: MariaDBDialect does not need to be specified explicitly using 'hibernate.dialect' (remove the property setting and it will be selected by default)
2025-02-37 11:06 o.hibernate.orm.connections.pooling-HHH10001005: Database info:
	Database JDBC URL [Connecting through datasource 'HikariDataSource (HikariPool-1)']
	Database driver: undefined/unknown
	Database version: 11.4.4
	Autocommit mode: undefined/unknown
	Isolation level: undefined/unknown
	Minimum pool size: undefined/unknown
	Maximum pool size: undefined/unknown
2025-02-37 11:06 o.s.o.j.LocalContainerEntityManagerFactoryBean-Failed to initialize JPA EntityManagerFactory: Association 'com.beyond.StomachForce.youngjae.restaurant.entity.Restaurant.address' is 'mappedBy' a property named 'restaurant' which does not exist in the target entity type 'com.beyond.StomachForce.youngjae.restaurant.entity.RestaurantAddress'
2025-02-37 11:06 o.s.b.w.s.c.AnnotationConfigServletWebServerApplicationContext-Exception encountered during context initialization - cancelling refresh attempt: org.springframework.beans.factory.BeanCreationException: Error creating bean with name 'entityManagerFactory' defined in class path resource [org/springframework/boot/autoconfigure/orm/jpa/HibernateJpaConfiguration.class]: Association 'com.beyond.StomachForce.youngjae.restaurant.entity.Restaurant.address' is 'mappedBy' a property named 'restaurant' which does not exist in the target entity type 'com.beyond.StomachForce.youngjae.restaurant.entity.RestaurantAddress'
2025-02-37 11:06 com.zaxxer.hikari.HikariDataSource-HikariPool-1 - Shutdown initiated...
2025-02-37 11:06 com.zaxxer.hikari.HikariDataSource-HikariPool-1 - Shutdown completed.
2025-02-37 11:06 o.a.catalina.core.StandardService-Stopping service [Tomcat]
2025-02-37 11:06 o.s.b.a.l.ConditionEvaluationReportLogger-

Error starting ApplicationContext. To display the condition evaluation report re-run your application with 'debug' enabled.
2025-02-37 11:06 o.s.boot.SpringApplication-Application run failed
org.springframework.beans.factory.BeanCreationException: Error creating bean with name 'entityManagerFactory' defined in class path resource [org/springframework/boot/autoconfigure/orm/jpa/HibernateJpaConfiguration.class]: Association 'com.beyond.StomachForce.youngjae.restaurant.entity.Restaurant.address' is 'mappedBy' a property named 'restaurant' which does not exist in the target entity type 'com.beyond.StomachForce.youngjae.restaurant.entity.RestaurantAddress'
	at org.springframework.beans.factory.support.AbstractAutowireCapableBeanFactory.initializeBean(AbstractAutowireCapableBeanFactory.java:1812)
	at org.springframework.beans.factory.support.AbstractAutowireCapableBeanFactory.doCreateBean(AbstractAutowireCapableBeanFactory.java:601)
	at org.springframework.beans.factory.support.AbstractAutowireCapableBeanFactory.createBean(AbstractAutowireCapableBeanFactory.java:523)
	at org.springframework.beans.factory.support.AbstractBeanFactory.lambda$doGetBean$0(AbstractBeanFactory.java:336)
	at org.springframework.beans.factory.support.DefaultSingletonBeanRegistry.getSingleton(DefaultSingletonBeanRegistry.java:307)
	at org.springframework.beans.factory.support.AbstractBeanFactory.doGetBean(AbstractBeanFactory.java:334)
	at org.springframework.beans.factory.support.AbstractBeanFactory.getBean(AbstractBeanFactory.java:204)
	at org.springframework.context.support.AbstractApplicationContext.finishBeanFactoryInitialization(AbstractApplicationContext.java:970)
	at org.springframework.context.support.AbstractApplicationContext.refresh(AbstractApplicationContext.java:627)
	at org.springframework.boot.web.servlet.context.ServletWebServerApplicationContext.refresh(ServletWebServerApplicationContext.java:146)
	at org.springframework.boot.SpringApplication.refresh(SpringApplication.java:752)
	at org.springframework.boot.SpringApplication.refreshContext(SpringApplication.java:439)
	at org.springframework.boot.SpringApplication.run(SpringApplication.java:318)
	at org.springframework.boot.SpringApplication.run(SpringApplication.java:1361)
	at org.springframework.boot.SpringApplication.run(SpringApplication.java:1350)
	at com.beyond.StomachForce.StomachForceApplication.main(StomachForceApplication.java:10)
Caused by: org.hibernate.AnnotationException: Association 'com.beyond.StomachForce.youngjae.restaurant.entity.Restaurant.address' is 'mappedBy' a property named 'restaurant' which does not exist in the target entity type 'com.beyond.StomachForce.youngjae.restaurant.entity.RestaurantAddress'
	at org.hibernate.boot.model.internal.OneToOneSecondPass.targetProperty(OneToOneSecondPass.java:240)
	at org.hibernate.boot.model.internal.OneToOneSecondPass.bindUnowned(OneToOneSecondPass.java:149)
	at org.hibernate.boot.model.internal.OneToOneSecondPass.doSecondPass(OneToOneSecondPass.java:128)
	at org.hibernate.boot.internal.InFlightMetadataCollectorImpl.processSecondPasses(InFlightMetadataCollectorImpl.java:1842)
	at org.hibernate.boot.internal.InFlightMetadataCollectorImpl.processSecondPasses(InFlightMetadataCollectorImpl.java:1800)
	at org.hibernate.boot.model.process.spi.MetadataBuildingProcess.complete(MetadataBuildingProcess.java:334)
	at org.hibernate.jpa.boot.internal.EntityManagerFactoryBuilderImpl.metadata(EntityManagerFactoryBuilderImpl.java:1431)
	at org.hibernate.jpa.boot.internal.EntityManagerFactoryBuilderImpl.build(EntityManagerFactoryBuilderImpl.java:1502)
	at org.springframework.orm.jpa.vendor.SpringHibernateJpaPersistenceProvider.createContainerEntityManagerFactory(SpringHibernateJpaPersistenceProvider.java:66)
	at org.springframework.orm.jpa.LocalContainerEntityManagerFactoryBean.createNativeEntityManagerFactory(LocalContainerEntityManagerFactoryBean.java:390)
	at org.springframework.orm.jpa.AbstractEntityManagerFactoryBean.buildNativeEntityManagerFactory(AbstractEntityManagerFactoryBean.java:419)
	at org.springframework.orm.jpa.AbstractEntityManagerFactoryBean.afterPropertiesSet(AbstractEntityManagerFactoryBean.java:400)
	at org.springframework.orm.jpa.LocalContainerEntityManagerFactoryBean.afterPropertiesSet(LocalContainerEntityManagerFactoryBean.java:366)
	at org.springframework.beans.factory.support.AbstractAutowireCapableBeanFactory.invokeInitMethods(AbstractAutowireCapableBeanFactory.java:1859)
	at org.springframework.beans.factory.support.AbstractAutowireCapableBeanFactory.initializeBean(AbstractAutowireCapableBeanFactory.java:1808)
	... 15 common frames omitted
2025-02-37 15:57 o.h.validator.internal.util.Version-HV000001: Hibernate Validator 8.0.2.Final
2025-02-37 15:57 c.b.S.StomachForceApplication-Starting StomachForceApplication using Java 17.0.13 with PID 12348 (C:\Users\Playdata\Desktop\StomachForce\build\classes\java\main started by Playdata in C:\Users\Playdata\Desktop\StomachForce)
2025-02-37 15:57 c.b.S.StomachForceApplication-No active profile set, falling back to 1 default profile: "default"
2025-02-37 15:57 o.s.b.w.s.c.AnnotationConfigServletWebServerApplicationContext-Exception encountered during context initialization - cancelling refresh attempt: org.springframework.beans.factory.BeanDefinitionStoreException: Failed to parse configuration class [com.beyond.StomachForce.StomachForceApplication]
2025-02-37 15:57 o.s.boot.SpringApplication-Application run failed
org.springframework.beans.factory.BeanDefinitionStoreException: Failed to parse configuration class [com.beyond.StomachForce.StomachForceApplication]
	at org.springframework.context.annotation.ConfigurationClassParser.parse(ConfigurationClassParser.java:185)
	at org.springframework.context.annotation.ConfigurationClassPostProcessor.processConfigBeanDefinitions(ConfigurationClassPostProcessor.java:418)
	at org.springframework.context.annotation.ConfigurationClassPostProcessor.postProcessBeanDefinitionRegistry(ConfigurationClassPostProcessor.java:290)
	at org.springframework.context.support.PostProcessorRegistrationDelegate.invokeBeanDefinitionRegistryPostProcessors(PostProcessorRegistrationDelegate.java:349)
	at org.springframework.context.support.PostProcessorRegistrationDelegate.invokeBeanFactoryPostProcessors(PostProcessorRegistrationDelegate.java:118)
	at org.springframework.context.support.AbstractApplicationContext.invokeBeanFactoryPostProcessors(AbstractApplicationContext.java:791)
	at org.springframework.context.support.AbstractApplicationContext.refresh(AbstractApplicationContext.java:609)
	at org.springframework.boot.web.servlet.context.ServletWebServerApplicationContext.refresh(ServletWebServerApplicationContext.java:146)
	at org.springframework.boot.SpringApplication.refresh(SpringApplication.java:752)
	at org.springframework.boot.SpringApplication.refreshContext(SpringApplication.java:439)
	at org.springframework.boot.SpringApplication.run(SpringApplication.java:318)
	at org.springframework.boot.SpringApplication.run(SpringApplication.java:1361)
	at org.springframework.boot.SpringApplication.run(SpringApplication.java:1350)
	at com.beyond.StomachForce.StomachForceApplication.main(StomachForceApplication.java:9)
Caused by: org.springframework.context.annotation.ConflictingBeanDefinitionException: Annotation-specified bean name 'jwtAuthFilter' for bean class [com.beyond.StomachForce.youngjae.common.auth.JwtAuthFilter] conflicts with existing, non-compatible bean definition of same name and class [com.beyond.StomachForce.Common.Auth.JwtAuthFilter]
	at org.springframework.context.annotation.ClassPathBeanDefinitionScanner.checkCandidate(ClassPathBeanDefinitionScanner.java:361)
	at org.springframework.context.annotation.ClassPathBeanDefinitionScanner.doScan(ClassPathBeanDefinitionScanner.java:288)
	at org.springframework.context.annotation.ComponentScanAnnotationParser.parse(ComponentScanAnnotationParser.java:128)
	at org.springframework.context.annotation.ConfigurationClassParser.doProcessConfigurationClass(ConfigurationClassParser.java:332)
	at org.springframework.context.annotation.ConfigurationClassParser.processConfigurationClass(ConfigurationClassParser.java:267)
	at org.springframework.context.annotation.ConfigurationClassParser.parse(ConfigurationClassParser.java:193)
	at org.springframework.context.annotation.ConfigurationClassParser.parse(ConfigurationClassParser.java:171)
	... 13 common frames omitted
2025-02-37 16:10 o.h.validator.internal.util.Version-HV000001: Hibernate Validator 8.0.2.Final
2025-02-37 16:10 c.b.S.StomachForceApplication-Starting StomachForceApplication using Java 17.0.13 with PID 18336 (C:\Users\Playdata\Desktop\StomachForce\build\classes\java\main started by Playdata in C:\Users\Playdata\Desktop\StomachForce)
2025-02-37 16:10 c.b.S.StomachForceApplication-No active profile set, falling back to 1 default profile: "default"
2025-02-37 16:10 o.s.d.r.c.RepositoryConfigurationDelegate-Multiple Spring Data modules found, entering strict repository configuration mode
2025-02-37 16:10 o.s.d.r.c.RepositoryConfigurationDelegate-Bootstrapping Spring Data JPA repositories in DEFAULT mode.
2025-02-37 16:10 o.s.d.r.c.RepositoryConfigurationDelegate-Finished Spring Data repository scanning in 178 ms. Found 10 JPA repository interfaces.
2025-02-37 16:10 o.s.d.r.c.RepositoryConfigurationDelegate-Multiple Spring Data modules found, entering strict repository configuration mode
2025-02-37 16:10 o.s.d.r.c.RepositoryConfigurationDelegate-Bootstrapping Spring Data Redis repositories in DEFAULT mode.
2025-02-37 16:10 o.s.d.r.c.RepositoryConfigurationExtensionSupport-Spring Data Redis - Could not safely identify store assignment for repository candidate interface com.beyond.StomachForce.Post.repository.LikeRepository; If you want this repository to be a Redis repository, consider annotating your entities with one of these annotations: org.springframework.data.redis.core.RedisHash (preferred), or consider extending one of the following types with your repository: org.springframework.data.keyvalue.repository.KeyValueRepository
2025-02-37 16:10 o.s.d.r.c.RepositoryConfigurationExtensionSupport-Spring Data Redis - Could not safely identify store assignment for repository candidate interface com.beyond.StomachForce.Post.repository.PostRepository; If you want this repository to be a Redis repository, consider annotating your entities with one of these annotations: org.springframework.data.redis.core.RedisHash (preferred), or consider extending one of the following types with your repository: org.springframework.data.keyvalue.repository.KeyValueRepository
2025-02-37 16:10 o.s.d.r.c.RepositoryConfigurationExtensionSupport-Spring Data Redis - Could not safely identify store assignment for repository candidate interface com.beyond.StomachForce.restaurant.repository.AddressRepository; If you want this repository to be a Redis repository, consider annotating your entities with one of these annotations: org.springframework.data.redis.core.RedisHash (preferred), or consider extending one of the following types with your repository: org.springframework.data.keyvalue.repository.KeyValueRepository
2025-02-37 16:10 o.s.d.r.c.RepositoryConfigurationExtensionSupport-Spring Data Redis - Could not safely identify store assignment for repository candidate interface com.beyond.StomachForce.restaurant.repository.BookmarkRepository; If you want this repository to be a Redis repository, consider annotating your entities with one of these annotations: org.springframework.data.redis.core.RedisHash (preferred), or consider extending one of the following types with your repository: org.springframework.data.keyvalue.repository.KeyValueRepository
2025-02-37 16:10 o.s.d.r.c.RepositoryConfigurationExtensionSupport-Spring Data Redis - Could not safely identify store assignment for repository candidate interface com.beyond.StomachForce.restaurant.repository.RestaurantConvenienceRepository; If you want this repository to be a Redis repository, consider annotating your entities with one of these annotations: org.springframework.data.redis.core.RedisHash (preferred), or consider extending one of the following types with your repository: org.springframework.data.keyvalue.repository.KeyValueRepository
2025-02-37 16:10 o.s.d.r.c.RepositoryConfigurationExtensionSupport-Spring Data Redis - Could not safely identify store assignment for repository candidate interface com.beyond.StomachForce.restaurant.repository.RestaurantPhotoRepository; If you want this repository to be a Redis repository, consider annotating your entities with one of these annotations: org.springframework.data.redis.core.RedisHash (preferred), or consider extending one of the following types with your repository: org.springframework.data.keyvalue.repository.KeyValueRepository
2025-02-37 16:10 o.s.d.r.c.RepositoryConfigurationExtensionSupport-Spring Data Redis - Could not safely identify store assignment for repository candidate interface com.beyond.StomachForce.restaurant.repository.RestaurantRepository; If you want this repository to be a Redis repository, consider annotating your entities with one of these annotations: org.springframework.data.redis.core.RedisHash (preferred), or consider extending one of the following types with your repository: org.springframework.data.keyvalue.repository.KeyValueRepository
2025-02-37 16:10 o.s.d.r.c.RepositoryConfigurationExtensionSupport-Spring Data Redis - Could not safely identify store assignment for repository candidate interface com.beyond.StomachForce.review.repository.ReviewPhotoRepository; If you want this repository to be a Redis repository, consider annotating your entities with one of these annotations: org.springframework.data.redis.core.RedisHash (preferred), or consider extending one of the following types with your repository: org.springframework.data.keyvalue.repository.KeyValueRepository
2025-02-37 16:10 o.s.d.r.c.RepositoryConfigurationExtensionSupport-Spring Data Redis - Could not safely identify store assignment for repository candidate interface com.beyond.StomachForce.review.repository.ReviewRepository; If you want this repository to be a Redis repository, consider annotating your entities with one of these annotations: org.springframework.data.redis.core.RedisHash (preferred), or consider extending one of the following types with your repository: org.springframework.data.keyvalue.repository.KeyValueRepository
2025-02-37 16:10 o.s.d.r.c.RepositoryConfigurationExtensionSupport-Spring Data Redis - Could not safely identify store assignment for repository candidate interface com.beyond.StomachForce.User.repository.UserRepository; If you want this repository to be a Redis repository, consider annotating your entities with one of these annotations: org.springframework.data.redis.core.RedisHash (preferred), or consider extending one of the following types with your repository: org.springframework.data.keyvalue.repository.KeyValueRepository
2025-02-37 16:10 o.s.d.r.c.RepositoryConfigurationDelegate-Finished Spring Data repository scanning in 17 ms. Found 0 Redis repository interfaces.
2025-02-37 16:10 o.s.b.w.e.tomcat.TomcatWebServer-Tomcat initialized with port 8080 (http)
2025-02-37 16:10 o.a.coyote.http11.Http11NioProtocol-Initializing ProtocolHandler ["http-nio-8080"]
2025-02-37 16:10 o.a.catalina.core.StandardService-Starting service [Tomcat]
2025-02-37 16:10 o.a.catalina.core.StandardEngine-Starting Servlet engine: [Apache Tomcat/10.1.34]
2025-02-37 16:10 o.a.c.c.C.[Tomcat].[localhost].[/]-Initializing Spring embedded WebApplicationContext
2025-02-37 16:10 o.s.b.w.s.c.ServletWebServerApplicationContext-Root WebApplicationContext: initialization completed in 2193 ms
2025-02-37 16:10 o.h.jpa.internal.util.LogHelper-HHH000204: Processing PersistenceUnitInfo [name: default]
2025-02-37 16:10 org.hibernate.Version-HHH000412: Hibernate ORM core version 6.6.5.Final
2025-02-37 16:10 o.h.c.i.RegionFactoryInitiator-HHH000026: Second-level cache disabled
2025-02-37 16:10 o.s.o.j.p.SpringPersistenceUnitInfo-No LoadTimeWeaver setup: ignoring JPA class transformer
2025-02-37 16:10 com.zaxxer.hikari.HikariDataSource-HikariPool-1 - Starting...
2025-02-37 16:10 com.zaxxer.hikari.pool.HikariPool-HikariPool-1 - Added connection org.mariadb.jdbc.Connection@2d3b0978
2025-02-37 16:10 com.zaxxer.hikari.HikariDataSource-HikariPool-1 - Start completed.
2025-02-37 16:10 org.hibernate.orm.deprecation-HHH90000025: MariaDBDialect does not need to be specified explicitly using 'hibernate.dialect' (remove the property setting and it will be selected by default)
2025-02-37 16:10 o.hibernate.orm.connections.pooling-HHH10001005: Database info:
	Database JDBC URL [Connecting through datasource 'HikariDataSource (HikariPool-1)']
	Database driver: undefined/unknown
	Database version: 11.5.2
	Autocommit mode: undefined/unknown
	Isolation level: undefined/unknown
	Minimum pool size: undefined/unknown
	Maximum pool size: undefined/unknown
2025-02-37 16:10 o.s.o.j.LocalContainerEntityManagerFactoryBean-Failed to initialize JPA EntityManagerFactory: Association 'com.beyond.StomachForce.restaurant.entity.Restaurant.address' is 'mappedBy' a property named 'restaurant' which does not exist in the target entity type 'com.beyond.StomachForce.restaurant.entity.RestaurantAddress'
2025-02-37 16:10 o.s.b.w.s.c.AnnotationConfigServletWebServerApplicationContext-Exception encountered during context initialization - cancelling refresh attempt: org.springframework.beans.factory.BeanCreationException: Error creating bean with name 'entityManagerFactory' defined in class path resource [org/springframework/boot/autoconfigure/orm/jpa/HibernateJpaConfiguration.class]: Association 'com.beyond.StomachForce.restaurant.entity.Restaurant.address' is 'mappedBy' a property named 'restaurant' which does not exist in the target entity type 'com.beyond.StomachForce.restaurant.entity.RestaurantAddress'
2025-02-37 16:10 com.zaxxer.hikari.HikariDataSource-HikariPool-1 - Shutdown initiated...
2025-02-37 16:10 com.zaxxer.hikari.HikariDataSource-HikariPool-1 - Shutdown completed.
2025-02-37 16:10 o.a.catalina.core.StandardService-Stopping service [Tomcat]
2025-02-37 16:10 o.s.b.a.l.ConditionEvaluationReportLogger-

Error starting ApplicationContext. To display the condition evaluation report re-run your application with 'debug' enabled.
2025-02-37 16:10 o.s.boot.SpringApplication-Application run failed
org.springframework.beans.factory.BeanCreationException: Error creating bean with name 'entityManagerFactory' defined in class path resource [org/springframework/boot/autoconfigure/orm/jpa/HibernateJpaConfiguration.class]: Association 'com.beyond.StomachForce.restaurant.entity.Restaurant.address' is 'mappedBy' a property named 'restaurant' which does not exist in the target entity type 'com.beyond.StomachForce.restaurant.entity.RestaurantAddress'
	at org.springframework.beans.factory.support.AbstractAutowireCapableBeanFactory.initializeBean(AbstractAutowireCapableBeanFactory.java:1812)
	at org.springframework.beans.factory.support.AbstractAutowireCapableBeanFactory.doCreateBean(AbstractAutowireCapableBeanFactory.java:601)
	at org.springframework.beans.factory.support.AbstractAutowireCapableBeanFactory.createBean(AbstractAutowireCapableBeanFactory.java:523)
	at org.springframework.beans.factory.support.AbstractBeanFactory.lambda$doGetBean$0(AbstractBeanFactory.java:336)
	at org.springframework.beans.factory.support.DefaultSingletonBeanRegistry.getSingleton(DefaultSingletonBeanRegistry.java:307)
	at org.springframework.beans.factory.support.AbstractBeanFactory.doGetBean(AbstractBeanFactory.java:334)
	at org.springframework.beans.factory.support.AbstractBeanFactory.getBean(AbstractBeanFactory.java:204)
	at org.springframework.context.support.AbstractApplicationContext.finishBeanFactoryInitialization(AbstractApplicationContext.java:970)
	at org.springframework.context.support.AbstractApplicationContext.refresh(AbstractApplicationContext.java:627)
	at org.springframework.boot.web.servlet.context.ServletWebServerApplicationContext.refresh(ServletWebServerApplicationContext.java:146)
	at org.springframework.boot.SpringApplication.refresh(SpringApplication.java:752)
	at org.springframework.boot.SpringApplication.refreshContext(SpringApplication.java:439)
	at org.springframework.boot.SpringApplication.run(SpringApplication.java:318)
	at org.springframework.boot.SpringApplication.run(SpringApplication.java:1361)
	at org.springframework.boot.SpringApplication.run(SpringApplication.java:1350)
	at com.beyond.StomachForce.StomachForceApplication.main(StomachForceApplication.java:9)
Caused by: org.hibernate.AnnotationException: Association 'com.beyond.StomachForce.restaurant.entity.Restaurant.address' is 'mappedBy' a property named 'restaurant' which does not exist in the target entity type 'com.beyond.StomachForce.restaurant.entity.RestaurantAddress'
	at org.hibernate.boot.model.internal.OneToOneSecondPass.targetProperty(OneToOneSecondPass.java:240)
	at org.hibernate.boot.model.internal.OneToOneSecondPass.bindUnowned(OneToOneSecondPass.java:149)
	at org.hibernate.boot.model.internal.OneToOneSecondPass.doSecondPass(OneToOneSecondPass.java:128)
	at org.hibernate.boot.internal.InFlightMetadataCollectorImpl.processSecondPasses(InFlightMetadataCollectorImpl.java:1842)
	at org.hibernate.boot.internal.InFlightMetadataCollectorImpl.processSecondPasses(InFlightMetadataCollectorImpl.java:1800)
	at org.hibernate.boot.model.process.spi.MetadataBuildingProcess.complete(MetadataBuildingProcess.java:334)
	at org.hibernate.jpa.boot.internal.EntityManagerFactoryBuilderImpl.metadata(EntityManagerFactoryBuilderImpl.java:1431)
	at org.hibernate.jpa.boot.internal.EntityManagerFactoryBuilderImpl.build(EntityManagerFactoryBuilderImpl.java:1502)
	at org.springframework.orm.jpa.vendor.SpringHibernateJpaPersistenceProvider.createContainerEntityManagerFactory(SpringHibernateJpaPersistenceProvider.java:66)
	at org.springframework.orm.jpa.LocalContainerEntityManagerFactoryBean.createNativeEntityManagerFactory(LocalContainerEntityManagerFactoryBean.java:390)
	at org.springframework.orm.jpa.AbstractEntityManagerFactoryBean.buildNativeEntityManagerFactory(AbstractEntityManagerFactoryBean.java:419)
	at org.springframework.orm.jpa.AbstractEntityManagerFactoryBean.afterPropertiesSet(AbstractEntityManagerFactoryBean.java:400)
	at org.springframework.orm.jpa.LocalContainerEntityManagerFactoryBean.afterPropertiesSet(LocalContainerEntityManagerFactoryBean.java:366)
	at org.springframework.beans.factory.support.AbstractAutowireCapableBeanFactory.invokeInitMethods(AbstractAutowireCapableBeanFactory.java:1859)
	at org.springframework.beans.factory.support.AbstractAutowireCapableBeanFactory.initializeBean(AbstractAutowireCapableBeanFactory.java:1808)
	... 15 common frames omitted
2025-02-37 16:11 o.h.validator.internal.util.Version-HV000001: Hibernate Validator 8.0.2.Final
2025-02-37 16:11 c.b.S.StomachForceApplication-Starting StomachForceApplication using Java 17.0.13 with PID 15564 (C:\Users\Playdata\Desktop\StomachForce\build\classes\java\main started by Playdata in C:\Users\Playdata\Desktop\StomachForce)
2025-02-37 16:11 c.b.S.StomachForceApplication-No active profile set, falling back to 1 default profile: "default"
2025-02-37 16:11 o.s.d.r.c.RepositoryConfigurationDelegate-Multiple Spring Data modules found, entering strict repository configuration mode
2025-02-37 16:11 o.s.d.r.c.RepositoryConfigurationDelegate-Bootstrapping Spring Data JPA repositories in DEFAULT mode.
2025-02-37 16:11 o.s.d.r.c.RepositoryConfigurationDelegate-Finished Spring Data repository scanning in 195 ms. Found 10 JPA repository interfaces.
2025-02-37 16:11 o.s.d.r.c.RepositoryConfigurationDelegate-Multiple Spring Data modules found, entering strict repository configuration mode
2025-02-37 16:11 o.s.d.r.c.RepositoryConfigurationDelegate-Bootstrapping Spring Data Redis repositories in DEFAULT mode.
2025-02-37 16:11 o.s.d.r.c.RepositoryConfigurationExtensionSupport-Spring Data Redis - Could not safely identify store assignment for repository candidate interface com.beyond.StomachForce.Post.repository.LikeRepository; If you want this repository to be a Redis repository, consider annotating your entities with one of these annotations: org.springframework.data.redis.core.RedisHash (preferred), or consider extending one of the following types with your repository: org.springframework.data.keyvalue.repository.KeyValueRepository
2025-02-37 16:11 o.s.d.r.c.RepositoryConfigurationExtensionSupport-Spring Data Redis - Could not safely identify store assignment for repository candidate interface com.beyond.StomachForce.Post.repository.PostRepository; If you want this repository to be a Redis repository, consider annotating your entities with one of these annotations: org.springframework.data.redis.core.RedisHash (preferred), or consider extending one of the following types with your repository: org.springframework.data.keyvalue.repository.KeyValueRepository
2025-02-37 16:11 o.s.d.r.c.RepositoryConfigurationExtensionSupport-Spring Data Redis - Could not safely identify store assignment for repository candidate interface com.beyond.StomachForce.restaurant.repository.AddressRepository; If you want this repository to be a Redis repository, consider annotating your entities with one of these annotations: org.springframework.data.redis.core.RedisHash (preferred), or consider extending one of the following types with your repository: org.springframework.data.keyvalue.repository.KeyValueRepository
2025-02-37 16:11 o.s.d.r.c.RepositoryConfigurationExtensionSupport-Spring Data Redis - Could not safely identify store assignment for repository candidate interface com.beyond.StomachForce.restaurant.repository.BookmarkRepository; If you want this repository to be a Redis repository, consider annotating your entities with one of these annotations: org.springframework.data.redis.core.RedisHash (preferred), or consider extending one of the following types with your repository: org.springframework.data.keyvalue.repository.KeyValueRepository
2025-02-37 16:11 o.s.d.r.c.RepositoryConfigurationExtensionSupport-Spring Data Redis - Could not safely identify store assignment for repository candidate interface com.beyond.StomachForce.restaurant.repository.RestaurantConvenienceRepository; If you want this repository to be a Redis repository, consider annotating your entities with one of these annotations: org.springframework.data.redis.core.RedisHash (preferred), or consider extending one of the following types with your repository: org.springframework.data.keyvalue.repository.KeyValueRepository
2025-02-37 16:11 o.s.d.r.c.RepositoryConfigurationExtensionSupport-Spring Data Redis - Could not safely identify store assignment for repository candidate interface com.beyond.StomachForce.restaurant.repository.RestaurantPhotoRepository; If you want this repository to be a Redis repository, consider annotating your entities with one of these annotations: org.springframework.data.redis.core.RedisHash (preferred), or consider extending one of the following types with your repository: org.springframework.data.keyvalue.repository.KeyValueRepository
2025-02-37 16:11 o.s.d.r.c.RepositoryConfigurationExtensionSupport-Spring Data Redis - Could not safely identify store assignment for repository candidate interface com.beyond.StomachForce.restaurant.repository.RestaurantRepository; If you want this repository to be a Redis repository, consider annotating your entities with one of these annotations: org.springframework.data.redis.core.RedisHash (preferred), or consider extending one of the following types with your repository: org.springframework.data.keyvalue.repository.KeyValueRepository
2025-02-37 16:11 o.s.d.r.c.RepositoryConfigurationExtensionSupport-Spring Data Redis - Could not safely identify store assignment for repository candidate interface com.beyond.StomachForce.review.repository.ReviewPhotoRepository; If you want this repository to be a Redis repository, consider annotating your entities with one of these annotations: org.springframework.data.redis.core.RedisHash (preferred), or consider extending one of the following types with your repository: org.springframework.data.keyvalue.repository.KeyValueRepository
2025-02-37 16:11 o.s.d.r.c.RepositoryConfigurationExtensionSupport-Spring Data Redis - Could not safely identify store assignment for repository candidate interface com.beyond.StomachForce.review.repository.ReviewRepository; If you want this repository to be a Redis repository, consider annotating your entities with one of these annotations: org.springframework.data.redis.core.RedisHash (preferred), or consider extending one of the following types with your repository: org.springframework.data.keyvalue.repository.KeyValueRepository
2025-02-37 16:11 o.s.d.r.c.RepositoryConfigurationExtensionSupport-Spring Data Redis - Could not safely identify store assignment for repository candidate interface com.beyond.StomachForce.User.repository.UserRepository; If you want this repository to be a Redis repository, consider annotating your entities with one of these annotations: org.springframework.data.redis.core.RedisHash (preferred), or consider extending one of the following types with your repository: org.springframework.data.keyvalue.repository.KeyValueRepository
2025-02-37 16:11 o.s.d.r.c.RepositoryConfigurationDelegate-Finished Spring Data repository scanning in 20 ms. Found 0 Redis repository interfaces.
2025-02-37 16:11 o.s.b.w.e.tomcat.TomcatWebServer-Tomcat initialized with port 8080 (http)
2025-02-37 16:11 o.a.coyote.http11.Http11NioProtocol-Initializing ProtocolHandler ["http-nio-8080"]
2025-02-37 16:11 o.a.catalina.core.StandardService-Starting service [Tomcat]
2025-02-37 16:11 o.a.catalina.core.StandardEngine-Starting Servlet engine: [Apache Tomcat/10.1.34]
2025-02-37 16:11 o.a.c.c.C.[Tomcat].[localhost].[/]-Initializing Spring embedded WebApplicationContext
2025-02-37 16:11 o.s.b.w.s.c.ServletWebServerApplicationContext-Root WebApplicationContext: initialization completed in 2380 ms
2025-02-37 16:11 o.h.jpa.internal.util.LogHelper-HHH000204: Processing PersistenceUnitInfo [name: default]
2025-02-37 16:11 org.hibernate.Version-HHH000412: Hibernate ORM core version 6.6.5.Final
2025-02-37 16:11 o.h.c.i.RegionFactoryInitiator-HHH000026: Second-level cache disabled
2025-02-37 16:11 o.s.o.j.p.SpringPersistenceUnitInfo-No LoadTimeWeaver setup: ignoring JPA class transformer
2025-02-37 16:11 com.zaxxer.hikari.HikariDataSource-HikariPool-1 - Starting...
2025-02-37 16:11 com.zaxxer.hikari.pool.HikariPool-HikariPool-1 - Added connection org.mariadb.jdbc.Connection@65b73689
2025-02-37 16:11 com.zaxxer.hikari.HikariDataSource-HikariPool-1 - Start completed.
2025-02-37 16:11 org.hibernate.orm.deprecation-HHH90000025: MariaDBDialect does not need to be specified explicitly using 'hibernate.dialect' (remove the property setting and it will be selected by default)
2025-02-37 16:11 o.hibernate.orm.connections.pooling-HHH10001005: Database info:
	Database JDBC URL [Connecting through datasource 'HikariDataSource (HikariPool-1)']
	Database driver: undefined/unknown
	Database version: 11.5.2
	Autocommit mode: undefined/unknown
	Isolation level: undefined/unknown
	Minimum pool size: undefined/unknown
	Maximum pool size: undefined/unknown
2025-02-37 16:11 o.s.o.j.LocalContainerEntityManagerFactoryBean-Failed to initialize JPA EntityManagerFactory: Association 'com.beyond.StomachForce.restaurant.entity.RestaurantAddress.restaurant' is 'mappedBy' a property named 'restaurant' which does not exist in the target entity type 'com.beyond.StomachForce.restaurant.entity.Restaurant'
2025-02-37 16:11 o.s.b.w.s.c.AnnotationConfigServletWebServerApplicationContext-Exception encountered during context initialization - cancelling refresh attempt: org.springframework.beans.factory.BeanCreationException: Error creating bean with name 'entityManagerFactory' defined in class path resource [org/springframework/boot/autoconfigure/orm/jpa/HibernateJpaConfiguration.class]: Association 'com.beyond.StomachForce.restaurant.entity.RestaurantAddress.restaurant' is 'mappedBy' a property named 'restaurant' which does not exist in the target entity type 'com.beyond.StomachForce.restaurant.entity.Restaurant'
2025-02-37 16:11 com.zaxxer.hikari.HikariDataSource-HikariPool-1 - Shutdown initiated...
2025-02-37 16:11 com.zaxxer.hikari.HikariDataSource-HikariPool-1 - Shutdown completed.
2025-02-37 16:11 o.a.catalina.core.StandardService-Stopping service [Tomcat]
2025-02-37 16:11 o.s.b.a.l.ConditionEvaluationReportLogger-

Error starting ApplicationContext. To display the condition evaluation report re-run your application with 'debug' enabled.
2025-02-37 16:11 o.s.boot.SpringApplication-Application run failed
org.springframework.beans.factory.BeanCreationException: Error creating bean with name 'entityManagerFactory' defined in class path resource [org/springframework/boot/autoconfigure/orm/jpa/HibernateJpaConfiguration.class]: Association 'com.beyond.StomachForce.restaurant.entity.RestaurantAddress.restaurant' is 'mappedBy' a property named 'restaurant' which does not exist in the target entity type 'com.beyond.StomachForce.restaurant.entity.Restaurant'
	at org.springframework.beans.factory.support.AbstractAutowireCapableBeanFactory.initializeBean(AbstractAutowireCapableBeanFactory.java:1812)
	at org.springframework.beans.factory.support.AbstractAutowireCapableBeanFactory.doCreateBean(AbstractAutowireCapableBeanFactory.java:601)
	at org.springframework.beans.factory.support.AbstractAutowireCapableBeanFactory.createBean(AbstractAutowireCapableBeanFactory.java:523)
	at org.springframework.beans.factory.support.AbstractBeanFactory.lambda$doGetBean$0(AbstractBeanFactory.java:336)
	at org.springframework.beans.factory.support.DefaultSingletonBeanRegistry.getSingleton(DefaultSingletonBeanRegistry.java:307)
	at org.springframework.beans.factory.support.AbstractBeanFactory.doGetBean(AbstractBeanFactory.java:334)
	at org.springframework.beans.factory.support.AbstractBeanFactory.getBean(AbstractBeanFactory.java:204)
	at org.springframework.context.support.AbstractApplicationContext.finishBeanFactoryInitialization(AbstractApplicationContext.java:970)
	at org.springframework.context.support.AbstractApplicationContext.refresh(AbstractApplicationContext.java:627)
	at org.springframework.boot.web.servlet.context.ServletWebServerApplicationContext.refresh(ServletWebServerApplicationContext.java:146)
	at org.springframework.boot.SpringApplication.refresh(SpringApplication.java:752)
	at org.springframework.boot.SpringApplication.refreshContext(SpringApplication.java:439)
	at org.springframework.boot.SpringApplication.run(SpringApplication.java:318)
	at org.springframework.boot.SpringApplication.run(SpringApplication.java:1361)
	at org.springframework.boot.SpringApplication.run(SpringApplication.java:1350)
	at com.beyond.StomachForce.StomachForceApplication.main(StomachForceApplication.java:9)
Caused by: org.hibernate.AnnotationException: Association 'com.beyond.StomachForce.restaurant.entity.RestaurantAddress.restaurant' is 'mappedBy' a property named 'restaurant' which does not exist in the target entity type 'com.beyond.StomachForce.restaurant.entity.Restaurant'
	at org.hibernate.boot.model.internal.OneToOneSecondPass.targetProperty(OneToOneSecondPass.java:240)
	at org.hibernate.boot.model.internal.OneToOneSecondPass.bindUnowned(OneToOneSecondPass.java:149)
	at org.hibernate.boot.model.internal.OneToOneSecondPass.doSecondPass(OneToOneSecondPass.java:128)
	at org.hibernate.boot.internal.InFlightMetadataCollectorImpl.processSecondPasses(InFlightMetadataCollectorImpl.java:1842)
	at org.hibernate.boot.internal.InFlightMetadataCollectorImpl.processSecondPasses(InFlightMetadataCollectorImpl.java:1800)
	at org.hibernate.boot.model.process.spi.MetadataBuildingProcess.complete(MetadataBuildingProcess.java:334)
	at org.hibernate.jpa.boot.internal.EntityManagerFactoryBuilderImpl.metadata(EntityManagerFactoryBuilderImpl.java:1431)
	at org.hibernate.jpa.boot.internal.EntityManagerFactoryBuilderImpl.build(EntityManagerFactoryBuilderImpl.java:1502)
	at org.springframework.orm.jpa.vendor.SpringHibernateJpaPersistenceProvider.createContainerEntityManagerFactory(SpringHibernateJpaPersistenceProvider.java:66)
	at org.springframework.orm.jpa.LocalContainerEntityManagerFactoryBean.createNativeEntityManagerFactory(LocalContainerEntityManagerFactoryBean.java:390)
	at org.springframework.orm.jpa.AbstractEntityManagerFactoryBean.buildNativeEntityManagerFactory(AbstractEntityManagerFactoryBean.java:419)
	at org.springframework.orm.jpa.AbstractEntityManagerFactoryBean.afterPropertiesSet(AbstractEntityManagerFactoryBean.java:400)
	at org.springframework.orm.jpa.LocalContainerEntityManagerFactoryBean.afterPropertiesSet(LocalContainerEntityManagerFactoryBean.java:366)
	at org.springframework.beans.factory.support.AbstractAutowireCapableBeanFactory.invokeInitMethods(AbstractAutowireCapableBeanFactory.java:1859)
	at org.springframework.beans.factory.support.AbstractAutowireCapableBeanFactory.initializeBean(AbstractAutowireCapableBeanFactory.java:1808)
	... 15 common frames omitted
2025-02-37 16:13 o.h.validator.internal.util.Version-HV000001: Hibernate Validator 8.0.2.Final
2025-02-37 16:13 c.b.S.StomachForceApplication-Starting StomachForceApplication using Java 17.0.13 with PID 20388 (C:\Users\Playdata\Desktop\StomachForce\build\classes\java\main started by Playdata in C:\Users\Playdata\Desktop\StomachForce)
2025-02-37 16:13 c.b.S.StomachForceApplication-No active profile set, falling back to 1 default profile: "default"
2025-02-37 16:13 o.s.d.r.c.RepositoryConfigurationDelegate-Multiple Spring Data modules found, entering strict repository configuration mode
2025-02-37 16:13 o.s.d.r.c.RepositoryConfigurationDelegate-Bootstrapping Spring Data JPA repositories in DEFAULT mode.
2025-02-37 16:13 o.s.d.r.c.RepositoryConfigurationDelegate-Finished Spring Data repository scanning in 210 ms. Found 10 JPA repository interfaces.
2025-02-37 16:13 o.s.d.r.c.RepositoryConfigurationDelegate-Multiple Spring Data modules found, entering strict repository configuration mode
2025-02-37 16:13 o.s.d.r.c.RepositoryConfigurationDelegate-Bootstrapping Spring Data Redis repositories in DEFAULT mode.
2025-02-37 16:13 o.s.d.r.c.RepositoryConfigurationExtensionSupport-Spring Data Redis - Could not safely identify store assignment for repository candidate interface com.beyond.StomachForce.Post.repository.LikeRepository; If you want this repository to be a Redis repository, consider annotating your entities with one of these annotations: org.springframework.data.redis.core.RedisHash (preferred), or consider extending one of the following types with your repository: org.springframework.data.keyvalue.repository.KeyValueRepository
2025-02-37 16:13 o.s.d.r.c.RepositoryConfigurationExtensionSupport-Spring Data Redis - Could not safely identify store assignment for repository candidate interface com.beyond.StomachForce.Post.repository.PostRepository; If you want this repository to be a Redis repository, consider annotating your entities with one of these annotations: org.springframework.data.redis.core.RedisHash (preferred), or consider extending one of the following types with your repository: org.springframework.data.keyvalue.repository.KeyValueRepository
2025-02-37 16:13 o.s.d.r.c.RepositoryConfigurationExtensionSupport-Spring Data Redis - Could not safely identify store assignment for repository candidate interface com.beyond.StomachForce.restaurant.repository.AddressRepository; If you want this repository to be a Redis repository, consider annotating your entities with one of these annotations: org.springframework.data.redis.core.RedisHash (preferred), or consider extending one of the following types with your repository: org.springframework.data.keyvalue.repository.KeyValueRepository
2025-02-37 16:13 o.s.d.r.c.RepositoryConfigurationExtensionSupport-Spring Data Redis - Could not safely identify store assignment for repository candidate interface com.beyond.StomachForce.restaurant.repository.BookmarkRepository; If you want this repository to be a Redis repository, consider annotating your entities with one of these annotations: org.springframework.data.redis.core.RedisHash (preferred), or consider extending one of the following types with your repository: org.springframework.data.keyvalue.repository.KeyValueRepository
2025-02-37 16:13 o.s.d.r.c.RepositoryConfigurationExtensionSupport-Spring Data Redis - Could not safely identify store assignment for repository candidate interface com.beyond.StomachForce.restaurant.repository.RestaurantConvenienceRepository; If you want this repository to be a Redis repository, consider annotating your entities with one of these annotations: org.springframework.data.redis.core.RedisHash (preferred), or consider extending one of the following types with your repository: org.springframework.data.keyvalue.repository.KeyValueRepository
2025-02-37 16:13 o.s.d.r.c.RepositoryConfigurationExtensionSupport-Spring Data Redis - Could not safely identify store assignment for repository candidate interface com.beyond.StomachForce.restaurant.repository.RestaurantPhotoRepository; If you want this repository to be a Redis repository, consider annotating your entities with one of these annotations: org.springframework.data.redis.core.RedisHash (preferred), or consider extending one of the following types with your repository: org.springframework.data.keyvalue.repository.KeyValueRepository
2025-02-37 16:13 o.s.d.r.c.RepositoryConfigurationExtensionSupport-Spring Data Redis - Could not safely identify store assignment for repository candidate interface com.beyond.StomachForce.restaurant.repository.RestaurantRepository; If you want this repository to be a Redis repository, consider annotating your entities with one of these annotations: org.springframework.data.redis.core.RedisHash (preferred), or consider extending one of the following types with your repository: org.springframework.data.keyvalue.repository.KeyValueRepository
2025-02-37 16:13 o.s.d.r.c.RepositoryConfigurationExtensionSupport-Spring Data Redis - Could not safely identify store assignment for repository candidate interface com.beyond.StomachForce.review.repository.ReviewPhotoRepository; If you want this repository to be a Redis repository, consider annotating your entities with one of these annotations: org.springframework.data.redis.core.RedisHash (preferred), or consider extending one of the following types with your repository: org.springframework.data.keyvalue.repository.KeyValueRepository
2025-02-37 16:13 o.s.d.r.c.RepositoryConfigurationExtensionSupport-Spring Data Redis - Could not safely identify store assignment for repository candidate interface com.beyond.StomachForce.review.repository.ReviewRepository; If you want this repository to be a Redis repository, consider annotating your entities with one of these annotations: org.springframework.data.redis.core.RedisHash (preferred), or consider extending one of the following types with your repository: org.springframework.data.keyvalue.repository.KeyValueRepository
2025-02-37 16:13 o.s.d.r.c.RepositoryConfigurationExtensionSupport-Spring Data Redis - Could not safely identify store assignment for repository candidate interface com.beyond.StomachForce.User.repository.UserRepository; If you want this repository to be a Redis repository, consider annotating your entities with one of these annotations: org.springframework.data.redis.core.RedisHash (preferred), or consider extending one of the following types with your repository: org.springframework.data.keyvalue.repository.KeyValueRepository
2025-02-37 16:13 o.s.d.r.c.RepositoryConfigurationDelegate-Finished Spring Data repository scanning in 16 ms. Found 0 Redis repository interfaces.
2025-02-37 16:13 o.s.b.w.e.tomcat.TomcatWebServer-Tomcat initialized with port 8080 (http)
2025-02-37 16:13 o.a.coyote.http11.Http11NioProtocol-Initializing ProtocolHandler ["http-nio-8080"]
2025-02-37 16:13 o.a.catalina.core.StandardService-Starting service [Tomcat]
2025-02-37 16:13 o.a.catalina.core.StandardEngine-Starting Servlet engine: [Apache Tomcat/10.1.34]
2025-02-37 16:13 o.a.c.c.C.[Tomcat].[localhost].[/]-Initializing Spring embedded WebApplicationContext
2025-02-37 16:13 o.s.b.w.s.c.ServletWebServerApplicationContext-Root WebApplicationContext: initialization completed in 2416 ms
2025-02-37 16:13 o.h.jpa.internal.util.LogHelper-HHH000204: Processing PersistenceUnitInfo [name: default]
2025-02-37 16:13 org.hibernate.Version-HHH000412: Hibernate ORM core version 6.6.5.Final
2025-02-37 16:13 o.h.c.i.RegionFactoryInitiator-HHH000026: Second-level cache disabled
2025-02-37 16:13 o.s.o.j.p.SpringPersistenceUnitInfo-No LoadTimeWeaver setup: ignoring JPA class transformer
2025-02-37 16:13 com.zaxxer.hikari.HikariDataSource-HikariPool-1 - Starting...
2025-02-37 16:13 com.zaxxer.hikari.pool.HikariPool-HikariPool-1 - Added connection org.mariadb.jdbc.Connection@5b6cc344
2025-02-37 16:13 com.zaxxer.hikari.HikariDataSource-HikariPool-1 - Start completed.
2025-02-37 16:13 org.hibernate.orm.deprecation-HHH90000025: MariaDBDialect does not need to be specified explicitly using 'hibernate.dialect' (remove the property setting and it will be selected by default)
2025-02-37 16:13 o.hibernate.orm.connections.pooling-HHH10001005: Database info:
	Database JDBC URL [Connecting through datasource 'HikariDataSource (HikariPool-1)']
	Database driver: undefined/unknown
	Database version: 11.5.2
	Autocommit mode: undefined/unknown
	Isolation level: undefined/unknown
	Minimum pool size: undefined/unknown
	Maximum pool size: undefined/unknown
2025-02-37 16:13 o.s.o.j.LocalContainerEntityManagerFactoryBean-Failed to initialize JPA EntityManagerFactory: Association 'com.beyond.StomachForce.restaurant.entity.Restaurant.address' is 'mappedBy' a property named 'restaurant' which does not exist in the target entity type 'com.beyond.StomachForce.restaurant.entity.RestaurantAddress'
2025-02-37 16:13 o.s.b.w.s.c.AnnotationConfigServletWebServerApplicationContext-Exception encountered during context initialization - cancelling refresh attempt: org.springframework.beans.factory.BeanCreationException: Error creating bean with name 'entityManagerFactory' defined in class path resource [org/springframework/boot/autoconfigure/orm/jpa/HibernateJpaConfiguration.class]: Association 'com.beyond.StomachForce.restaurant.entity.Restaurant.address' is 'mappedBy' a property named 'restaurant' which does not exist in the target entity type 'com.beyond.StomachForce.restaurant.entity.RestaurantAddress'
2025-02-37 16:13 com.zaxxer.hikari.HikariDataSource-HikariPool-1 - Shutdown initiated...
2025-02-37 16:13 com.zaxxer.hikari.HikariDataSource-HikariPool-1 - Shutdown completed.
2025-02-37 16:13 o.a.catalina.core.StandardService-Stopping service [Tomcat]
2025-02-37 16:13 o.s.b.a.l.ConditionEvaluationReportLogger-

Error starting ApplicationContext. To display the condition evaluation report re-run your application with 'debug' enabled.
2025-02-37 16:13 o.s.boot.SpringApplication-Application run failed
org.springframework.beans.factory.BeanCreationException: Error creating bean with name 'entityManagerFactory' defined in class path resource [org/springframework/boot/autoconfigure/orm/jpa/HibernateJpaConfiguration.class]: Association 'com.beyond.StomachForce.restaurant.entity.Restaurant.address' is 'mappedBy' a property named 'restaurant' which does not exist in the target entity type 'com.beyond.StomachForce.restaurant.entity.RestaurantAddress'
	at org.springframework.beans.factory.support.AbstractAutowireCapableBeanFactory.initializeBean(AbstractAutowireCapableBeanFactory.java:1812)
	at org.springframework.beans.factory.support.AbstractAutowireCapableBeanFactory.doCreateBean(AbstractAutowireCapableBeanFactory.java:601)
	at org.springframework.beans.factory.support.AbstractAutowireCapableBeanFactory.createBean(AbstractAutowireCapableBeanFactory.java:523)
	at org.springframework.beans.factory.support.AbstractBeanFactory.lambda$doGetBean$0(AbstractBeanFactory.java:336)
	at org.springframework.beans.factory.support.DefaultSingletonBeanRegistry.getSingleton(DefaultSingletonBeanRegistry.java:307)
	at org.springframework.beans.factory.support.AbstractBeanFactory.doGetBean(AbstractBeanFactory.java:334)
	at org.springframework.beans.factory.support.AbstractBeanFactory.getBean(AbstractBeanFactory.java:204)
	at org.springframework.context.support.AbstractApplicationContext.finishBeanFactoryInitialization(AbstractApplicationContext.java:970)
	at org.springframework.context.support.AbstractApplicationContext.refresh(AbstractApplicationContext.java:627)
	at org.springframework.boot.web.servlet.context.ServletWebServerApplicationContext.refresh(ServletWebServerApplicationContext.java:146)
	at org.springframework.boot.SpringApplication.refresh(SpringApplication.java:752)
	at org.springframework.boot.SpringApplication.refreshContext(SpringApplication.java:439)
	at org.springframework.boot.SpringApplication.run(SpringApplication.java:318)
	at org.springframework.boot.SpringApplication.run(SpringApplication.java:1361)
	at org.springframework.boot.SpringApplication.run(SpringApplication.java:1350)
	at com.beyond.StomachForce.StomachForceApplication.main(StomachForceApplication.java:9)
Caused by: org.hibernate.AnnotationException: Association 'com.beyond.StomachForce.restaurant.entity.Restaurant.address' is 'mappedBy' a property named 'restaurant' which does not exist in the target entity type 'com.beyond.StomachForce.restaurant.entity.RestaurantAddress'
	at org.hibernate.boot.model.internal.OneToOneSecondPass.targetProperty(OneToOneSecondPass.java:240)
	at org.hibernate.boot.model.internal.OneToOneSecondPass.bindUnowned(OneToOneSecondPass.java:149)
	at org.hibernate.boot.model.internal.OneToOneSecondPass.doSecondPass(OneToOneSecondPass.java:128)
	at org.hibernate.boot.internal.InFlightMetadataCollectorImpl.processSecondPasses(InFlightMetadataCollectorImpl.java:1842)
	at org.hibernate.boot.internal.InFlightMetadataCollectorImpl.processSecondPasses(InFlightMetadataCollectorImpl.java:1800)
	at org.hibernate.boot.model.process.spi.MetadataBuildingProcess.complete(MetadataBuildingProcess.java:334)
	at org.hibernate.jpa.boot.internal.EntityManagerFactoryBuilderImpl.metadata(EntityManagerFactoryBuilderImpl.java:1431)
	at org.hibernate.jpa.boot.internal.EntityManagerFactoryBuilderImpl.build(EntityManagerFactoryBuilderImpl.java:1502)
	at org.springframework.orm.jpa.vendor.SpringHibernateJpaPersistenceProvider.createContainerEntityManagerFactory(SpringHibernateJpaPersistenceProvider.java:66)
	at org.springframework.orm.jpa.LocalContainerEntityManagerFactoryBean.createNativeEntityManagerFactory(LocalContainerEntityManagerFactoryBean.java:390)
	at org.springframework.orm.jpa.AbstractEntityManagerFactoryBean.buildNativeEntityManagerFactory(AbstractEntityManagerFactoryBean.java:419)
	at org.springframework.orm.jpa.AbstractEntityManagerFactoryBean.afterPropertiesSet(AbstractEntityManagerFactoryBean.java:400)
	at org.springframework.orm.jpa.LocalContainerEntityManagerFactoryBean.afterPropertiesSet(LocalContainerEntityManagerFactoryBean.java:366)
	at org.springframework.beans.factory.support.AbstractAutowireCapableBeanFactory.invokeInitMethods(AbstractAutowireCapableBeanFactory.java:1859)
	at org.springframework.beans.factory.support.AbstractAutowireCapableBeanFactory.initializeBean(AbstractAutowireCapableBeanFactory.java:1808)
	... 15 common frames omitted
2025-02-37 16:13 o.h.validator.internal.util.Version-HV000001: Hibernate Validator 8.0.2.Final
2025-02-37 16:13 c.b.S.StomachForceApplication-Starting StomachForceApplication using Java 17.0.13 with PID 4816 (C:\Users\Playdata\Desktop\StomachForce\build\classes\java\main started by Playdata in C:\Users\Playdata\Desktop\StomachForce)
2025-02-37 16:13 c.b.S.StomachForceApplication-No active profile set, falling back to 1 default profile: "default"
2025-02-37 16:13 o.s.d.r.c.RepositoryConfigurationDelegate-Multiple Spring Data modules found, entering strict repository configuration mode
2025-02-37 16:13 o.s.d.r.c.RepositoryConfigurationDelegate-Bootstrapping Spring Data JPA repositories in DEFAULT mode.
2025-02-37 16:13 o.s.d.r.c.RepositoryConfigurationDelegate-Finished Spring Data repository scanning in 186 ms. Found 10 JPA repository interfaces.
2025-02-37 16:13 o.s.d.r.c.RepositoryConfigurationDelegate-Multiple Spring Data modules found, entering strict repository configuration mode
2025-02-37 16:13 o.s.d.r.c.RepositoryConfigurationDelegate-Bootstrapping Spring Data Redis repositories in DEFAULT mode.
2025-02-37 16:13 o.s.d.r.c.RepositoryConfigurationExtensionSupport-Spring Data Redis - Could not safely identify store assignment for repository candidate interface com.beyond.StomachForce.Post.repository.LikeRepository; If you want this repository to be a Redis repository, consider annotating your entities with one of these annotations: org.springframework.data.redis.core.RedisHash (preferred), or consider extending one of the following types with your repository: org.springframework.data.keyvalue.repository.KeyValueRepository
2025-02-37 16:13 o.s.d.r.c.RepositoryConfigurationExtensionSupport-Spring Data Redis - Could not safely identify store assignment for repository candidate interface com.beyond.StomachForce.Post.repository.PostRepository; If you want this repository to be a Redis repository, consider annotating your entities with one of these annotations: org.springframework.data.redis.core.RedisHash (preferred), or consider extending one of the following types with your repository: org.springframework.data.keyvalue.repository.KeyValueRepository
2025-02-37 16:13 o.s.d.r.c.RepositoryConfigurationExtensionSupport-Spring Data Redis - Could not safely identify store assignment for repository candidate interface com.beyond.StomachForce.restaurant.repository.AddressRepository; If you want this repository to be a Redis repository, consider annotating your entities with one of these annotations: org.springframework.data.redis.core.RedisHash (preferred), or consider extending one of the following types with your repository: org.springframework.data.keyvalue.repository.KeyValueRepository
2025-02-37 16:13 o.s.d.r.c.RepositoryConfigurationExtensionSupport-Spring Data Redis - Could not safely identify store assignment for repository candidate interface com.beyond.StomachForce.restaurant.repository.BookmarkRepository; If you want this repository to be a Redis repository, consider annotating your entities with one of these annotations: org.springframework.data.redis.core.RedisHash (preferred), or consider extending one of the following types with your repository: org.springframework.data.keyvalue.repository.KeyValueRepository
2025-02-37 16:13 o.s.d.r.c.RepositoryConfigurationExtensionSupport-Spring Data Redis - Could not safely identify store assignment for repository candidate interface com.beyond.StomachForce.restaurant.repository.RestaurantConvenienceRepository; If you want this repository to be a Redis repository, consider annotating your entities with one of these annotations: org.springframework.data.redis.core.RedisHash (preferred), or consider extending one of the following types with your repository: org.springframework.data.keyvalue.repository.KeyValueRepository
2025-02-37 16:13 o.s.d.r.c.RepositoryConfigurationExtensionSupport-Spring Data Redis - Could not safely identify store assignment for repository candidate interface com.beyond.StomachForce.restaurant.repository.RestaurantPhotoRepository; If you want this repository to be a Redis repository, consider annotating your entities with one of these annotations: org.springframework.data.redis.core.RedisHash (preferred), or consider extending one of the following types with your repository: org.springframework.data.keyvalue.repository.KeyValueRepository
2025-02-37 16:13 o.s.d.r.c.RepositoryConfigurationExtensionSupport-Spring Data Redis - Could not safely identify store assignment for repository candidate interface com.beyond.StomachForce.restaurant.repository.RestaurantRepository; If you want this repository to be a Redis repository, consider annotating your entities with one of these annotations: org.springframework.data.redis.core.RedisHash (preferred), or consider extending one of the following types with your repository: org.springframework.data.keyvalue.repository.KeyValueRepository
2025-02-37 16:13 o.s.d.r.c.RepositoryConfigurationExtensionSupport-Spring Data Redis - Could not safely identify store assignment for repository candidate interface com.beyond.StomachForce.review.repository.ReviewPhotoRepository; If you want this repository to be a Redis repository, consider annotating your entities with one of these annotations: org.springframework.data.redis.core.RedisHash (preferred), or consider extending one of the following types with your repository: org.springframework.data.keyvalue.repository.KeyValueRepository
2025-02-37 16:13 o.s.d.r.c.RepositoryConfigurationExtensionSupport-Spring Data Redis - Could not safely identify store assignment for repository candidate interface com.beyond.StomachForce.review.repository.ReviewRepository; If you want this repository to be a Redis repository, consider annotating your entities with one of these annotations: org.springframework.data.redis.core.RedisHash (preferred), or consider extending one of the following types with your repository: org.springframework.data.keyvalue.repository.KeyValueRepository
2025-02-37 16:13 o.s.d.r.c.RepositoryConfigurationExtensionSupport-Spring Data Redis - Could not safely identify store assignment for repository candidate interface com.beyond.StomachForce.User.repository.UserRepository; If you want this repository to be a Redis repository, consider annotating your entities with one of these annotations: org.springframework.data.redis.core.RedisHash (preferred), or consider extending one of the following types with your repository: org.springframework.data.keyvalue.repository.KeyValueRepository
2025-02-37 16:13 o.s.d.r.c.RepositoryConfigurationDelegate-Finished Spring Data repository scanning in 19 ms. Found 0 Redis repository interfaces.
2025-02-37 16:14 o.s.b.w.e.tomcat.TomcatWebServer-Tomcat initialized with port 8080 (http)
2025-02-37 16:14 o.a.coyote.http11.Http11NioProtocol-Initializing ProtocolHandler ["http-nio-8080"]
2025-02-37 16:14 o.a.catalina.core.StandardService-Starting service [Tomcat]
2025-02-37 16:14 o.a.catalina.core.StandardEngine-Starting Servlet engine: [Apache Tomcat/10.1.34]
2025-02-37 16:14 o.a.c.c.C.[Tomcat].[localhost].[/]-Initializing Spring embedded WebApplicationContext
2025-02-37 16:14 o.s.b.w.s.c.ServletWebServerApplicationContext-Root WebApplicationContext: initialization completed in 2233 ms
2025-02-37 16:14 o.h.jpa.internal.util.LogHelper-HHH000204: Processing PersistenceUnitInfo [name: default]
2025-02-37 16:14 org.hibernate.Version-HHH000412: Hibernate ORM core version 6.6.5.Final
2025-02-37 16:14 o.h.c.i.RegionFactoryInitiator-HHH000026: Second-level cache disabled
2025-02-37 16:14 o.s.o.j.p.SpringPersistenceUnitInfo-No LoadTimeWeaver setup: ignoring JPA class transformer
2025-02-37 16:14 com.zaxxer.hikari.HikariDataSource-HikariPool-1 - Starting...
2025-02-37 16:14 com.zaxxer.hikari.pool.HikariPool-HikariPool-1 - Added connection org.mariadb.jdbc.Connection@62794582
2025-02-37 16:14 com.zaxxer.hikari.HikariDataSource-HikariPool-1 - Start completed.
2025-02-37 16:14 org.hibernate.orm.deprecation-HHH90000025: MariaDBDialect does not need to be specified explicitly using 'hibernate.dialect' (remove the property setting and it will be selected by default)
2025-02-37 16:14 o.hibernate.orm.connections.pooling-HHH10001005: Database info:
	Database JDBC URL [Connecting through datasource 'HikariDataSource (HikariPool-1)']
	Database driver: undefined/unknown
	Database version: 11.5.2
	Autocommit mode: undefined/unknown
	Isolation level: undefined/unknown
	Minimum pool size: undefined/unknown
	Maximum pool size: undefined/unknown
2025-02-37 16:14 o.h.e.t.j.p.i.JtaPlatformInitiator-HHH000489: No JTA platform available (set 'hibernate.transaction.jta.platform' to enable JTA platform integration)
2025-02-37 16:14 o.s.o.j.LocalContainerEntityManagerFactoryBean-Initialized JPA EntityManagerFactory for persistence unit 'default'
2025-02-37 16:14 o.s.d.j.r.query.QueryEnhancerFactory-Hibernate is in classpath; If applicable, HQL parser will be used.
2025-02-37 16:14 o.s.b.w.s.c.AnnotationConfigServletWebServerApplicationContext-Exception encountered during context initialization - cancelling refresh attempt: org.springframework.beans.factory.BeanCreationException: Error creating bean with name 'restaurantController': Injection of autowired dependencies failed
2025-02-37 16:14 o.s.o.j.LocalContainerEntityManagerFactoryBean-Closing JPA EntityManagerFactory for persistence unit 'default'
2025-02-37 16:14 com.zaxxer.hikari.HikariDataSource-HikariPool-1 - Shutdown initiated...
2025-02-37 16:14 com.zaxxer.hikari.HikariDataSource-HikariPool-1 - Shutdown completed.
2025-02-37 16:14 o.a.catalina.core.StandardService-Stopping service [Tomcat]
2025-02-37 16:14 o.s.b.a.l.ConditionEvaluationReportLogger-

Error starting ApplicationContext. To display the condition evaluation report re-run your application with 'debug' enabled.
2025-02-37 16:14 o.s.boot.SpringApplication-Application run failed
org.springframework.beans.factory.BeanCreationException: Error creating bean with name 'restaurantController': Injection of autowired dependencies failed
	at org.springframework.beans.factory.annotation.AutowiredAnnotationBeanPostProcessor.postProcessProperties(AutowiredAnnotationBeanPostProcessor.java:515)
	at org.springframework.beans.factory.support.AbstractAutowireCapableBeanFactory.populateBean(AbstractAutowireCapableBeanFactory.java:1445)
	at org.springframework.beans.factory.support.AbstractAutowireCapableBeanFactory.doCreateBean(AbstractAutowireCapableBeanFactory.java:600)
	at org.springframework.beans.factory.support.AbstractAutowireCapableBeanFactory.createBean(AbstractAutowireCapableBeanFactory.java:523)
	at org.springframework.beans.factory.support.AbstractBeanFactory.lambda$doGetBean$0(AbstractBeanFactory.java:336)
	at org.springframework.beans.factory.support.DefaultSingletonBeanRegistry.getSingleton(DefaultSingletonBeanRegistry.java:307)
	at org.springframework.beans.factory.support.AbstractBeanFactory.doGetBean(AbstractBeanFactory.java:334)
	at org.springframework.beans.factory.support.AbstractBeanFactory.getBean(AbstractBeanFactory.java:199)
	at org.springframework.beans.factory.support.DefaultListableBeanFactory.instantiateSingleton(DefaultListableBeanFactory.java:1122)
	at org.springframework.beans.factory.support.DefaultListableBeanFactory.preInstantiateSingleton(DefaultListableBeanFactory.java:1093)
	at org.springframework.beans.factory.support.DefaultListableBeanFactory.preInstantiateSingletons(DefaultListableBeanFactory.java:1030)
	at org.springframework.context.support.AbstractApplicationContext.finishBeanFactoryInitialization(AbstractApplicationContext.java:987)
	at org.springframework.context.support.AbstractApplicationContext.refresh(AbstractApplicationContext.java:627)
	at org.springframework.boot.web.servlet.context.ServletWebServerApplicationContext.refresh(ServletWebServerApplicationContext.java:146)
	at org.springframework.boot.SpringApplication.refresh(SpringApplication.java:752)
	at org.springframework.boot.SpringApplication.refreshContext(SpringApplication.java:439)
	at org.springframework.boot.SpringApplication.run(SpringApplication.java:318)
	at org.springframework.boot.SpringApplication.run(SpringApplication.java:1361)
	at org.springframework.boot.SpringApplication.run(SpringApplication.java:1350)
	at com.beyond.StomachForce.StomachForceApplication.main(StomachForceApplication.java:9)
Caused by: org.springframework.util.PlaceholderResolutionException: Could not resolve placeholder 'jwt.secretKeyRt' in value "${jwt.secretKeyRt}"
	at org.springframework.util.PlaceholderResolutionException.withValue(PlaceholderResolutionException.java:81)
	at org.springframework.util.PlaceholderParser$ParsedValue.resolve(PlaceholderParser.java:416)
	at org.springframework.util.PlaceholderParser.replacePlaceholders(PlaceholderParser.java:128)
	at org.springframework.util.PropertyPlaceholderHelper.parseStringValue(PropertyPlaceholderHelper.java:118)
	at org.springframework.util.PropertyPlaceholderHelper.replacePlaceholders(PropertyPlaceholderHelper.java:114)
	at org.springframework.core.env.AbstractPropertyResolver.doResolvePlaceholders(AbstractPropertyResolver.java:255)
	at org.springframework.core.env.AbstractPropertyResolver.resolveRequiredPlaceholders(AbstractPropertyResolver.java:226)
	at org.springframework.context.support.PropertySourcesPlaceholderConfigurer.lambda$processProperties$0(PropertySourcesPlaceholderConfigurer.java:201)
	at org.springframework.beans.factory.support.AbstractBeanFactory.resolveEmbeddedValue(AbstractBeanFactory.java:963)
	at org.springframework.beans.factory.support.DefaultListableBeanFactory.doResolveDependency(DefaultListableBeanFactory.java:1541)
	at org.springframework.beans.factory.support.DefaultListableBeanFactory.resolveDependency(DefaultListableBeanFactory.java:1519)
	at org.springframework.beans.factory.annotation.AutowiredAnnotationBeanPostProcessor$AutowiredFieldElement.resolveFieldValue(AutowiredAnnotationBeanPostProcessor.java:785)
	at org.springframework.beans.factory.annotation.AutowiredAnnotationBeanPostProcessor$AutowiredFieldElement.inject(AutowiredAnnotationBeanPostProcessor.java:768)
	at org.springframework.beans.factory.annotation.InjectionMetadata.inject(InjectionMetadata.java:146)
	at org.springframework.beans.factory.annotation.AutowiredAnnotationBeanPostProcessor.postProcessProperties(AutowiredAnnotationBeanPostProcessor.java:509)
	... 19 common frames omitted
2025-02-37 16:17 o.h.validator.internal.util.Version-HV000001: Hibernate Validator 8.0.2.Final
2025-02-37 16:17 c.b.S.StomachForceApplication-Starting StomachForceApplication using Java 17.0.13 with PID 21948 (C:\Users\Playdata\Desktop\StomachForce\build\classes\java\main started by Playdata in C:\Users\Playdata\Desktop\StomachForce)
2025-02-37 16:17 c.b.S.StomachForceApplication-No active profile set, falling back to 1 default profile: "default"
2025-02-37 16:17 o.s.d.r.c.RepositoryConfigurationDelegate-Multiple Spring Data modules found, entering strict repository configuration mode
2025-02-37 16:17 o.s.d.r.c.RepositoryConfigurationDelegate-Bootstrapping Spring Data JPA repositories in DEFAULT mode.
2025-02-37 16:17 o.s.d.r.c.RepositoryConfigurationDelegate-Finished Spring Data repository scanning in 160 ms. Found 10 JPA repository interfaces.
2025-02-37 16:17 o.s.d.r.c.RepositoryConfigurationDelegate-Multiple Spring Data modules found, entering strict repository configuration mode
2025-02-37 16:17 o.s.d.r.c.RepositoryConfigurationDelegate-Bootstrapping Spring Data Redis repositories in DEFAULT mode.
2025-02-37 16:17 o.s.d.r.c.RepositoryConfigurationExtensionSupport-Spring Data Redis - Could not safely identify store assignment for repository candidate interface com.beyond.StomachForce.Post.repository.LikeRepository; If you want this repository to be a Redis repository, consider annotating your entities with one of these annotations: org.springframework.data.redis.core.RedisHash (preferred), or consider extending one of the following types with your repository: org.springframework.data.keyvalue.repository.KeyValueRepository
2025-02-37 16:17 o.s.d.r.c.RepositoryConfigurationExtensionSupport-Spring Data Redis - Could not safely identify store assignment for repository candidate interface com.beyond.StomachForce.Post.repository.PostRepository; If you want this repository to be a Redis repository, consider annotating your entities with one of these annotations: org.springframework.data.redis.core.RedisHash (preferred), or consider extending one of the following types with your repository: org.springframework.data.keyvalue.repository.KeyValueRepository
2025-02-37 16:17 o.s.d.r.c.RepositoryConfigurationExtensionSupport-Spring Data Redis - Could not safely identify store assignment for repository candidate interface com.beyond.StomachForce.restaurant.repository.AddressRepository; If you want this repository to be a Redis repository, consider annotating your entities with one of these annotations: org.springframework.data.redis.core.RedisHash (preferred), or consider extending one of the following types with your repository: org.springframework.data.keyvalue.repository.KeyValueRepository
2025-02-37 16:17 o.s.d.r.c.RepositoryConfigurationExtensionSupport-Spring Data Redis - Could not safely identify store assignment for repository candidate interface com.beyond.StomachForce.restaurant.repository.BookmarkRepository; If you want this repository to be a Redis repository, consider annotating your entities with one of these annotations: org.springframework.data.redis.core.RedisHash (preferred), or consider extending one of the following types with your repository: org.springframework.data.keyvalue.repository.KeyValueRepository
2025-02-37 16:17 o.s.d.r.c.RepositoryConfigurationExtensionSupport-Spring Data Redis - Could not safely identify store assignment for repository candidate interface com.beyond.StomachForce.restaurant.repository.RestaurantConvenienceRepository; If you want this repository to be a Redis repository, consider annotating your entities with one of these annotations: org.springframework.data.redis.core.RedisHash (preferred), or consider extending one of the following types with your repository: org.springframework.data.keyvalue.repository.KeyValueRepository
2025-02-37 16:17 o.s.d.r.c.RepositoryConfigurationExtensionSupport-Spring Data Redis - Could not safely identify store assignment for repository candidate interface com.beyond.StomachForce.restaurant.repository.RestaurantPhotoRepository; If you want this repository to be a Redis repository, consider annotating your entities with one of these annotations: org.springframework.data.redis.core.RedisHash (preferred), or consider extending one of the following types with your repository: org.springframework.data.keyvalue.repository.KeyValueRepository
2025-02-37 16:17 o.s.d.r.c.RepositoryConfigurationExtensionSupport-Spring Data Redis - Could not safely identify store assignment for repository candidate interface com.beyond.StomachForce.restaurant.repository.RestaurantRepository; If you want this repository to be a Redis repository, consider annotating your entities with one of these annotations: org.springframework.data.redis.core.RedisHash (preferred), or consider extending one of the following types with your repository: org.springframework.data.keyvalue.repository.KeyValueRepository
2025-02-37 16:17 o.s.d.r.c.RepositoryConfigurationExtensionSupport-Spring Data Redis - Could not safely identify store assignment for repository candidate interface com.beyond.StomachForce.review.repository.ReviewPhotoRepository; If you want this repository to be a Redis repository, consider annotating your entities with one of these annotations: org.springframework.data.redis.core.RedisHash (preferred), or consider extending one of the following types with your repository: org.springframework.data.keyvalue.repository.KeyValueRepository
2025-02-37 16:17 o.s.d.r.c.RepositoryConfigurationExtensionSupport-Spring Data Redis - Could not safely identify store assignment for repository candidate interface com.beyond.StomachForce.review.repository.ReviewRepository; If you want this repository to be a Redis repository, consider annotating your entities with one of these annotations: org.springframework.data.redis.core.RedisHash (preferred), or consider extending one of the following types with your repository: org.springframework.data.keyvalue.repository.KeyValueRepository
2025-02-37 16:17 o.s.d.r.c.RepositoryConfigurationExtensionSupport-Spring Data Redis - Could not safely identify store assignment for repository candidate interface com.beyond.StomachForce.User.repository.UserRepository; If you want this repository to be a Redis repository, consider annotating your entities with one of these annotations: org.springframework.data.redis.core.RedisHash (preferred), or consider extending one of the following types with your repository: org.springframework.data.keyvalue.repository.KeyValueRepository
2025-02-37 16:17 o.s.d.r.c.RepositoryConfigurationDelegate-Finished Spring Data repository scanning in 18 ms. Found 0 Redis repository interfaces.
2025-02-37 16:17 o.s.b.w.e.tomcat.TomcatWebServer-Tomcat initialized with port 8080 (http)
2025-02-37 16:17 o.a.coyote.http11.Http11NioProtocol-Initializing ProtocolHandler ["http-nio-8080"]
2025-02-37 16:17 o.a.catalina.core.StandardService-Starting service [Tomcat]
2025-02-37 16:17 o.a.catalina.core.StandardEngine-Starting Servlet engine: [Apache Tomcat/10.1.34]
2025-02-37 16:17 o.a.c.c.C.[Tomcat].[localhost].[/]-Initializing Spring embedded WebApplicationContext
2025-02-37 16:17 o.s.b.w.s.c.ServletWebServerApplicationContext-Root WebApplicationContext: initialization completed in 2083 ms
2025-02-37 16:17 o.h.jpa.internal.util.LogHelper-HHH000204: Processing PersistenceUnitInfo [name: default]
2025-02-37 16:17 org.hibernate.Version-HHH000412: Hibernate ORM core version 6.6.5.Final
2025-02-37 16:17 o.h.c.i.RegionFactoryInitiator-HHH000026: Second-level cache disabled
2025-02-37 16:17 o.s.o.j.p.SpringPersistenceUnitInfo-No LoadTimeWeaver setup: ignoring JPA class transformer
2025-02-37 16:17 com.zaxxer.hikari.HikariDataSource-HikariPool-1 - Starting...
2025-02-37 16:17 com.zaxxer.hikari.pool.HikariPool-HikariPool-1 - Added connection org.mariadb.jdbc.Connection@71668a67
2025-02-37 16:17 com.zaxxer.hikari.HikariDataSource-HikariPool-1 - Start completed.
2025-02-37 16:17 org.hibernate.orm.deprecation-HHH90000025: MariaDBDialect does not need to be specified explicitly using 'hibernate.dialect' (remove the property setting and it will be selected by default)
2025-02-37 16:17 o.hibernate.orm.connections.pooling-HHH10001005: Database info:
	Database JDBC URL [Connecting through datasource 'HikariDataSource (HikariPool-1)']
	Database driver: undefined/unknown
	Database version: 11.5.2
	Autocommit mode: undefined/unknown
	Isolation level: undefined/unknown
	Minimum pool size: undefined/unknown
	Maximum pool size: undefined/unknown
2025-02-37 16:18 o.h.e.t.j.p.i.JtaPlatformInitiator-HHH000489: No JTA platform available (set 'hibernate.transaction.jta.platform' to enable JTA platform integration)
2025-02-37 16:18 o.s.o.j.LocalContainerEntityManagerFactoryBean-Initialized JPA EntityManagerFactory for persistence unit 'default'
2025-02-37 16:18 o.s.d.j.r.query.QueryEnhancerFactory-Hibernate is in classpath; If applicable, HQL parser will be used.
2025-02-37 16:18 o.s.b.a.o.j.JpaBaseConfiguration$JpaWebConfiguration-spring.jpa.open-in-view is enabled by default. Therefore, database queries may be performed during view rendering. Explicitly configure spring.jpa.open-in-view to disable this warning
2025-02-37 16:18 o.s.b.a.s.s.UserDetailsServiceAutoConfiguration-

Using generated security password: 6d947e1a-7c17-4330-b26c-1688b06a5848

This generated password is for development use only. Your security configuration must be updated before running your application in production.

2025-02-37 16:18 o.s.s.c.a.a.c.InitializeUserDetailsBeanManagerConfigurer$InitializeUserDetailsManagerConfigurer-Global AuthenticationManager configured with UserDetailsService bean with name inMemoryUserDetailsManager
2025-02-37 16:18 o.s.s.c.a.w.c.AuthorizeHttpRequestsConfigurer$AuthorizationManagerRequestMatcherRegistry-One of the patterns in [/user/create, /user/doLogin, /user/refresh-token, /restaurant/create, restaurant/doLogin, restaurant/refresh-token, restaurant/list] is missing a leading slash. This is discouraged; please include the leading slash in all your request matcher patterns. In future versions of Spring Security, leaving out the leading slash will result in an exception.
2025-02-37 16:18 o.a.coyote.http11.Http11NioProtocol-Starting ProtocolHandler ["http-nio-8080"]
2025-02-37 16:18 o.s.b.w.e.tomcat.TomcatWebServer-Tomcat started on port 8080 (http) with context path '/'
2025-02-37 16:18 c.b.S.StomachForceApplication-Started StomachForceApplication in 7.795 seconds (process running for 8.471)
2025-02-37 16:18 o.a.c.c.C.[Tomcat].[localhost].[/]-Initializing Spring DispatcherServlet 'dispatcherServlet'
2025-02-37 16:18 o.s.web.servlet.DispatcherServlet-Initializing Servlet 'dispatcherServlet'
2025-02-37 16:18 o.s.web.servlet.DispatcherServlet-Completed initialization in 15 ms
2025-02-37 16:23 c.b.S.C.c.CommonExceptionHandler-사업자등록증 또는 비밀번호를 확인해주세요.
2025-02-37 16:24 c.b.S.C.c.CommonExceptionHandler-email already exists
2025-02-37 16:24 c.b.S.C.c.CommonExceptionHandler-사업자등록증 또는 비밀번호를 확인해주세요.
2025-02-37 16:29 o.h.validator.internal.util.Version-HV000001: Hibernate Validator 8.0.2.Final
2025-02-37 16:29 c.b.S.StomachForceApplication-Starting StomachForceApplication using Java 17.0.13 with PID 20668 (C:\Users\Playdata\Desktop\StomachForce\build\classes\java\main started by Playdata in C:\Users\Playdata\Desktop\StomachForce)
2025-02-37 16:29 c.b.S.StomachForceApplication-No active profile set, falling back to 1 default profile: "default"
2025-02-37 16:29 o.s.d.r.c.RepositoryConfigurationDelegate-Multiple Spring Data modules found, entering strict repository configuration mode
2025-02-37 16:29 o.s.d.r.c.RepositoryConfigurationDelegate-Bootstrapping Spring Data JPA repositories in DEFAULT mode.
2025-02-37 16:29 o.s.d.r.c.RepositoryConfigurationDelegate-Finished Spring Data repository scanning in 209 ms. Found 10 JPA repository interfaces.
2025-02-37 16:29 o.s.d.r.c.RepositoryConfigurationDelegate-Multiple Spring Data modules found, entering strict repository configuration mode
2025-02-37 16:29 o.s.d.r.c.RepositoryConfigurationDelegate-Bootstrapping Spring Data Redis repositories in DEFAULT mode.
2025-02-37 16:29 o.s.d.r.c.RepositoryConfigurationExtensionSupport-Spring Data Redis - Could not safely identify store assignment for repository candidate interface com.beyond.StomachForce.Post.repository.LikeRepository; If you want this repository to be a Redis repository, consider annotating your entities with one of these annotations: org.springframework.data.redis.core.RedisHash (preferred), or consider extending one of the following types with your repository: org.springframework.data.keyvalue.repository.KeyValueRepository
2025-02-37 16:29 o.s.d.r.c.RepositoryConfigurationExtensionSupport-Spring Data Redis - Could not safely identify store assignment for repository candidate interface com.beyond.StomachForce.Post.repository.PostRepository; If you want this repository to be a Redis repository, consider annotating your entities with one of these annotations: org.springframework.data.redis.core.RedisHash (preferred), or consider extending one of the following types with your repository: org.springframework.data.keyvalue.repository.KeyValueRepository
2025-02-37 16:29 o.s.d.r.c.RepositoryConfigurationExtensionSupport-Spring Data Redis - Could not safely identify store assignment for repository candidate interface com.beyond.StomachForce.restaurant.repository.AddressRepository; If you want this repository to be a Redis repository, consider annotating your entities with one of these annotations: org.springframework.data.redis.core.RedisHash (preferred), or consider extending one of the following types with your repository: org.springframework.data.keyvalue.repository.KeyValueRepository
2025-02-37 16:29 o.s.d.r.c.RepositoryConfigurationExtensionSupport-Spring Data Redis - Could not safely identify store assignment for repository candidate interface com.beyond.StomachForce.restaurant.repository.BookmarkRepository; If you want this repository to be a Redis repository, consider annotating your entities with one of these annotations: org.springframework.data.redis.core.RedisHash (preferred), or consider extending one of the following types with your repository: org.springframework.data.keyvalue.repository.KeyValueRepository
2025-02-37 16:29 o.s.d.r.c.RepositoryConfigurationExtensionSupport-Spring Data Redis - Could not safely identify store assignment for repository candidate interface com.beyond.StomachForce.restaurant.repository.RestaurantConvenienceRepository; If you want this repository to be a Redis repository, consider annotating your entities with one of these annotations: org.springframework.data.redis.core.RedisHash (preferred), or consider extending one of the following types with your repository: org.springframework.data.keyvalue.repository.KeyValueRepository
2025-02-37 16:29 o.s.d.r.c.RepositoryConfigurationExtensionSupport-Spring Data Redis - Could not safely identify store assignment for repository candidate interface com.beyond.StomachForce.restaurant.repository.RestaurantPhotoRepository; If you want this repository to be a Redis repository, consider annotating your entities with one of these annotations: org.springframework.data.redis.core.RedisHash (preferred), or consider extending one of the following types with your repository: org.springframework.data.keyvalue.repository.KeyValueRepository
2025-02-37 16:29 o.s.d.r.c.RepositoryConfigurationExtensionSupport-Spring Data Redis - Could not safely identify store assignment for repository candidate interface com.beyond.StomachForce.restaurant.repository.RestaurantRepository; If you want this repository to be a Redis repository, consider annotating your entities with one of these annotations: org.springframework.data.redis.core.RedisHash (preferred), or consider extending one of the following types with your repository: org.springframework.data.keyvalue.repository.KeyValueRepository
2025-02-37 16:29 o.s.d.r.c.RepositoryConfigurationExtensionSupport-Spring Data Redis - Could not safely identify store assignment for repository candidate interface com.beyond.StomachForce.review.repository.ReviewPhotoRepository; If you want this repository to be a Redis repository, consider annotating your entities with one of these annotations: org.springframework.data.redis.core.RedisHash (preferred), or consider extending one of the following types with your repository: org.springframework.data.keyvalue.repository.KeyValueRepository
2025-02-37 16:29 o.s.d.r.c.RepositoryConfigurationExtensionSupport-Spring Data Redis - Could not safely identify store assignment for repository candidate interface com.beyond.StomachForce.review.repository.ReviewRepository; If you want this repository to be a Redis repository, consider annotating your entities with one of these annotations: org.springframework.data.redis.core.RedisHash (preferred), or consider extending one of the following types with your repository: org.springframework.data.keyvalue.repository.KeyValueRepository
2025-02-37 16:29 o.s.d.r.c.RepositoryConfigurationExtensionSupport-Spring Data Redis - Could not safely identify store assignment for repository candidate interface com.beyond.StomachForce.User.repository.UserRepository; If you want this repository to be a Redis repository, consider annotating your entities with one of these annotations: org.springframework.data.redis.core.RedisHash (preferred), or consider extending one of the following types with your repository: org.springframework.data.keyvalue.repository.KeyValueRepository
2025-02-37 16:29 o.s.d.r.c.RepositoryConfigurationDelegate-Finished Spring Data repository scanning in 23 ms. Found 0 Redis repository interfaces.
2025-02-37 16:29 o.s.b.w.e.tomcat.TomcatWebServer-Tomcat initialized with port 8080 (http)
2025-02-37 16:29 o.a.coyote.http11.Http11NioProtocol-Initializing ProtocolHandler ["http-nio-8080"]
2025-02-37 16:29 o.a.catalina.core.StandardService-Starting service [Tomcat]
2025-02-37 16:29 o.a.catalina.core.StandardEngine-Starting Servlet engine: [Apache Tomcat/10.1.34]
2025-02-37 16:29 o.a.c.c.C.[Tomcat].[localhost].[/]-Initializing Spring embedded WebApplicationContext
2025-02-37 16:29 o.s.b.w.s.c.ServletWebServerApplicationContext-Root WebApplicationContext: initialization completed in 2181 ms
2025-02-37 16:29 o.h.jpa.internal.util.LogHelper-HHH000204: Processing PersistenceUnitInfo [name: default]
2025-02-37 16:29 org.hibernate.Version-HHH000412: Hibernate ORM core version 6.6.5.Final
2025-02-37 16:29 o.h.c.i.RegionFactoryInitiator-HHH000026: Second-level cache disabled
2025-02-37 16:29 o.s.o.j.p.SpringPersistenceUnitInfo-No LoadTimeWeaver setup: ignoring JPA class transformer
2025-02-37 16:29 com.zaxxer.hikari.HikariDataSource-HikariPool-1 - Starting...
2025-02-37 16:29 com.zaxxer.hikari.pool.HikariPool-HikariPool-1 - Added connection org.mariadb.jdbc.Connection@46591e98
2025-02-37 16:29 com.zaxxer.hikari.HikariDataSource-HikariPool-1 - Start completed.
2025-02-37 16:29 org.hibernate.orm.deprecation-HHH90000025: MariaDBDialect does not need to be specified explicitly using 'hibernate.dialect' (remove the property setting and it will be selected by default)
2025-02-37 16:29 o.hibernate.orm.connections.pooling-HHH10001005: Database info:
	Database JDBC URL [Connecting through datasource 'HikariDataSource (HikariPool-1)']
	Database driver: undefined/unknown
	Database version: 11.5.2
	Autocommit mode: undefined/unknown
	Isolation level: undefined/unknown
	Minimum pool size: undefined/unknown
	Maximum pool size: undefined/unknown
2025-02-37 16:30 o.h.e.t.j.p.i.JtaPlatformInitiator-HHH000489: No JTA platform available (set 'hibernate.transaction.jta.platform' to enable JTA platform integration)
2025-02-37 16:30 o.s.o.j.LocalContainerEntityManagerFactoryBean-Initialized JPA EntityManagerFactory for persistence unit 'default'
2025-02-37 16:30 o.s.d.j.r.query.QueryEnhancerFactory-Hibernate is in classpath; If applicable, HQL parser will be used.
2025-02-37 16:30 o.s.b.a.o.j.JpaBaseConfiguration$JpaWebConfiguration-spring.jpa.open-in-view is enabled by default. Therefore, database queries may be performed during view rendering. Explicitly configure spring.jpa.open-in-view to disable this warning
2025-02-37 16:30 o.s.b.a.s.s.UserDetailsServiceAutoConfiguration-

Using generated security password: 4b95f0aa-8b62-4d5c-8d2c-c03f5a2c8060

This generated password is for development use only. Your security configuration must be updated before running your application in production.

2025-02-37 16:30 o.s.s.c.a.a.c.InitializeUserDetailsBeanManagerConfigurer$InitializeUserDetailsManagerConfigurer-Global AuthenticationManager configured with UserDetailsService bean with name inMemoryUserDetailsManager
2025-02-37 16:30 o.s.s.c.a.w.c.AuthorizeHttpRequestsConfigurer$AuthorizationManagerRequestMatcherRegistry-One of the patterns in [/user/create, /user/doLogin, /user/refresh-token, /restaurant/create, restaurant/doLogin, restaurant/refresh-token, restaurant/list] is missing a leading slash. This is discouraged; please include the leading slash in all your request matcher patterns. In future versions of Spring Security, leaving out the leading slash will result in an exception.
2025-02-37 16:30 o.a.coyote.http11.Http11NioProtocol-Starting ProtocolHandler ["http-nio-8080"]
2025-02-37 16:30 o.s.b.w.e.tomcat.TomcatWebServer-Tomcat started on port 8080 (http) with context path '/'
2025-02-37 16:30 c.b.S.StomachForceApplication-Started StomachForceApplication in 7.309 seconds (process running for 8.008)
2025-02-37 16:30 o.a.c.c.C.[Tomcat].[localhost].[/]-Initializing Spring DispatcherServlet 'dispatcherServlet'
2025-02-37 16:30 o.s.web.servlet.DispatcherServlet-Initializing Servlet 'dispatcherServlet'
2025-02-37 16:30 o.s.web.servlet.DispatcherServlet-Completed initialization in 10 ms
2025-02-37 16:31 o.h.validator.internal.util.Version-HV000001: Hibernate Validator 8.0.2.Final
2025-02-37 16:31 c.b.S.StomachForceApplication-Starting StomachForceApplication using Java 17.0.13 with PID 22016 (C:\Users\Playdata\Desktop\StomachForce\build\classes\java\main started by Playdata in C:\Users\Playdata\Desktop\StomachForce)
2025-02-37 16:31 c.b.S.StomachForceApplication-No active profile set, falling back to 1 default profile: "default"
2025-02-37 16:31 o.s.d.r.c.RepositoryConfigurationDelegate-Multiple Spring Data modules found, entering strict repository configuration mode
2025-02-37 16:31 o.s.d.r.c.RepositoryConfigurationDelegate-Bootstrapping Spring Data JPA repositories in DEFAULT mode.
2025-02-37 16:31 o.s.d.r.c.RepositoryConfigurationDelegate-Finished Spring Data repository scanning in 174 ms. Found 10 JPA repository interfaces.
2025-02-37 16:31 o.s.d.r.c.RepositoryConfigurationDelegate-Multiple Spring Data modules found, entering strict repository configuration mode
2025-02-37 16:31 o.s.d.r.c.RepositoryConfigurationDelegate-Bootstrapping Spring Data Redis repositories in DEFAULT mode.
2025-02-37 16:31 o.s.d.r.c.RepositoryConfigurationExtensionSupport-Spring Data Redis - Could not safely identify store assignment for repository candidate interface com.beyond.StomachForce.Post.repository.LikeRepository; If you want this repository to be a Redis repository, consider annotating your entities with one of these annotations: org.springframework.data.redis.core.RedisHash (preferred), or consider extending one of the following types with your repository: org.springframework.data.keyvalue.repository.KeyValueRepository
2025-02-37 16:31 o.s.d.r.c.RepositoryConfigurationExtensionSupport-Spring Data Redis - Could not safely identify store assignment for repository candidate interface com.beyond.StomachForce.Post.repository.PostRepository; If you want this repository to be a Redis repository, consider annotating your entities with one of these annotations: org.springframework.data.redis.core.RedisHash (preferred), or consider extending one of the following types with your repository: org.springframework.data.keyvalue.repository.KeyValueRepository
2025-02-37 16:31 o.s.d.r.c.RepositoryConfigurationExtensionSupport-Spring Data Redis - Could not safely identify store assignment for repository candidate interface com.beyond.StomachForce.restaurant.repository.AddressRepository; If you want this repository to be a Redis repository, consider annotating your entities with one of these annotations: org.springframework.data.redis.core.RedisHash (preferred), or consider extending one of the following types with your repository: org.springframework.data.keyvalue.repository.KeyValueRepository
2025-02-37 16:31 o.s.d.r.c.RepositoryConfigurationExtensionSupport-Spring Data Redis - Could not safely identify store assignment for repository candidate interface com.beyond.StomachForce.restaurant.repository.BookmarkRepository; If you want this repository to be a Redis repository, consider annotating your entities with one of these annotations: org.springframework.data.redis.core.RedisHash (preferred), or consider extending one of the following types with your repository: org.springframework.data.keyvalue.repository.KeyValueRepository
2025-02-37 16:31 o.s.d.r.c.RepositoryConfigurationExtensionSupport-Spring Data Redis - Could not safely identify store assignment for repository candidate interface com.beyond.StomachForce.restaurant.repository.RestaurantConvenienceRepository; If you want this repository to be a Redis repository, consider annotating your entities with one of these annotations: org.springframework.data.redis.core.RedisHash (preferred), or consider extending one of the following types with your repository: org.springframework.data.keyvalue.repository.KeyValueRepository
2025-02-37 16:31 o.s.d.r.c.RepositoryConfigurationExtensionSupport-Spring Data Redis - Could not safely identify store assignment for repository candidate interface com.beyond.StomachForce.restaurant.repository.RestaurantPhotoRepository; If you want this repository to be a Redis repository, consider annotating your entities with one of these annotations: org.springframework.data.redis.core.RedisHash (preferred), or consider extending one of the following types with your repository: org.springframework.data.keyvalue.repository.KeyValueRepository
2025-02-37 16:31 o.s.d.r.c.RepositoryConfigurationExtensionSupport-Spring Data Redis - Could not safely identify store assignment for repository candidate interface com.beyond.StomachForce.restaurant.repository.RestaurantRepository; If you want this repository to be a Redis repository, consider annotating your entities with one of these annotations: org.springframework.data.redis.core.RedisHash (preferred), or consider extending one of the following types with your repository: org.springframework.data.keyvalue.repository.KeyValueRepository
2025-02-37 16:31 o.s.d.r.c.RepositoryConfigurationExtensionSupport-Spring Data Redis - Could not safely identify store assignment for repository candidate interface com.beyond.StomachForce.review.repository.ReviewPhotoRepository; If you want this repository to be a Redis repository, consider annotating your entities with one of these annotations: org.springframework.data.redis.core.RedisHash (preferred), or consider extending one of the following types with your repository: org.springframework.data.keyvalue.repository.KeyValueRepository
2025-02-37 16:31 o.s.d.r.c.RepositoryConfigurationExtensionSupport-Spring Data Redis - Could not safely identify store assignment for repository candidate interface com.beyond.StomachForce.review.repository.ReviewRepository; If you want this repository to be a Redis repository, consider annotating your entities with one of these annotations: org.springframework.data.redis.core.RedisHash (preferred), or consider extending one of the following types with your repository: org.springframework.data.keyvalue.repository.KeyValueRepository
2025-02-37 16:31 o.s.d.r.c.RepositoryConfigurationExtensionSupport-Spring Data Redis - Could not safely identify store assignment for repository candidate interface com.beyond.StomachForce.User.repository.UserRepository; If you want this repository to be a Redis repository, consider annotating your entities with one of these annotations: org.springframework.data.redis.core.RedisHash (preferred), or consider extending one of the following types with your repository: org.springframework.data.keyvalue.repository.KeyValueRepository
2025-02-37 16:31 o.s.d.r.c.RepositoryConfigurationDelegate-Finished Spring Data repository scanning in 21 ms. Found 0 Redis repository interfaces.
2025-02-37 16:31 o.s.b.w.e.tomcat.TomcatWebServer-Tomcat initialized with port 8080 (http)
2025-02-37 16:31 o.a.coyote.http11.Http11NioProtocol-Initializing ProtocolHandler ["http-nio-8080"]
2025-02-37 16:31 o.a.catalina.core.StandardService-Starting service [Tomcat]
2025-02-37 16:31 o.a.catalina.core.StandardEngine-Starting Servlet engine: [Apache Tomcat/10.1.34]
2025-02-37 16:31 o.a.c.c.C.[Tomcat].[localhost].[/]-Initializing Spring embedded WebApplicationContext
2025-02-37 16:31 o.s.b.w.s.c.ServletWebServerApplicationContext-Root WebApplicationContext: initialization completed in 2150 ms
2025-02-37 16:31 o.h.jpa.internal.util.LogHelper-HHH000204: Processing PersistenceUnitInfo [name: default]
2025-02-37 16:31 org.hibernate.Version-HHH000412: Hibernate ORM core version 6.6.5.Final
2025-02-37 16:31 o.h.c.i.RegionFactoryInitiator-HHH000026: Second-level cache disabled
2025-02-37 16:31 o.s.o.j.p.SpringPersistenceUnitInfo-No LoadTimeWeaver setup: ignoring JPA class transformer
2025-02-37 16:31 com.zaxxer.hikari.HikariDataSource-HikariPool-1 - Starting...
2025-02-37 16:31 com.zaxxer.hikari.pool.HikariPool-HikariPool-1 - Added connection org.mariadb.jdbc.Connection@1a06602f
2025-02-37 16:31 com.zaxxer.hikari.HikariDataSource-HikariPool-1 - Start completed.
2025-02-37 16:31 org.hibernate.orm.deprecation-HHH90000025: MariaDBDialect does not need to be specified explicitly using 'hibernate.dialect' (remove the property setting and it will be selected by default)
2025-02-37 16:31 o.hibernate.orm.connections.pooling-HHH10001005: Database info:
	Database JDBC URL [Connecting through datasource 'HikariDataSource (HikariPool-1)']
	Database driver: undefined/unknown
	Database version: 11.5.2
	Autocommit mode: undefined/unknown
	Isolation level: undefined/unknown
	Minimum pool size: undefined/unknown
	Maximum pool size: undefined/unknown
2025-02-37 16:31 o.h.e.t.j.p.i.JtaPlatformInitiator-HHH000489: No JTA platform available (set 'hibernate.transaction.jta.platform' to enable JTA platform integration)
2025-02-37 16:31 o.s.o.j.LocalContainerEntityManagerFactoryBean-Initialized JPA EntityManagerFactory for persistence unit 'default'
2025-02-37 16:31 o.s.d.j.r.query.QueryEnhancerFactory-Hibernate is in classpath; If applicable, HQL parser will be used.
2025-02-37 16:31 o.s.b.a.o.j.JpaBaseConfiguration$JpaWebConfiguration-spring.jpa.open-in-view is enabled by default. Therefore, database queries may be performed during view rendering. Explicitly configure spring.jpa.open-in-view to disable this warning
2025-02-37 16:31 o.s.b.a.s.s.UserDetailsServiceAutoConfiguration-

Using generated security password: 095e8af6-57e8-4bbd-b01f-84503afaec0e

This generated password is for development use only. Your security configuration must be updated before running your application in production.

2025-02-37 16:31 o.s.s.c.a.a.c.InitializeUserDetailsBeanManagerConfigurer$InitializeUserDetailsManagerConfigurer-Global AuthenticationManager configured with UserDetailsService bean with name inMemoryUserDetailsManager
2025-02-37 16:31 o.a.coyote.http11.Http11NioProtocol-Starting ProtocolHandler ["http-nio-8080"]
2025-02-37 16:31 o.s.b.w.e.tomcat.TomcatWebServer-Tomcat started on port 8080 (http) with context path '/'
2025-02-37 16:31 c.b.S.StomachForceApplication-Started StomachForceApplication in 7.574 seconds (process running for 8.154)
2025-02-37 16:31 o.a.c.c.C.[Tomcat].[localhost].[/]-Initializing Spring DispatcherServlet 'dispatcherServlet'
2025-02-37 16:31 o.s.web.servlet.DispatcherServlet-Initializing Servlet 'dispatcherServlet'
2025-02-37 16:31 o.s.web.servlet.DispatcherServlet-Completed initialization in 10 ms
2025-02-37 16:36 o.h.validator.internal.util.Version-HV000001: Hibernate Validator 8.0.2.Final
2025-02-37 16:36 c.b.S.StomachForceApplication-Starting StomachForceApplication using Java 17.0.13 with PID 19320 (C:\Users\Playdata\Desktop\StomachForce\build\classes\java\main started by Playdata in C:\Users\Playdata\Desktop\StomachForce)
2025-02-37 16:36 c.b.S.StomachForceApplication-No active profile set, falling back to 1 default profile: "default"
2025-02-37 16:36 o.s.d.r.c.RepositoryConfigurationDelegate-Multiple Spring Data modules found, entering strict repository configuration mode
2025-02-37 16:36 o.s.d.r.c.RepositoryConfigurationDelegate-Bootstrapping Spring Data JPA repositories in DEFAULT mode.
2025-02-37 16:36 o.s.d.r.c.RepositoryConfigurationDelegate-Finished Spring Data repository scanning in 172 ms. Found 10 JPA repository interfaces.
2025-02-37 16:36 o.s.d.r.c.RepositoryConfigurationDelegate-Multiple Spring Data modules found, entering strict repository configuration mode
2025-02-37 16:36 o.s.d.r.c.RepositoryConfigurationDelegate-Bootstrapping Spring Data Redis repositories in DEFAULT mode.
2025-02-37 16:36 o.s.d.r.c.RepositoryConfigurationExtensionSupport-Spring Data Redis - Could not safely identify store assignment for repository candidate interface com.beyond.StomachForce.Post.repository.LikeRepository; If you want this repository to be a Redis repository, consider annotating your entities with one of these annotations: org.springframework.data.redis.core.RedisHash (preferred), or consider extending one of the following types with your repository: org.springframework.data.keyvalue.repository.KeyValueRepository
2025-02-37 16:36 o.s.d.r.c.RepositoryConfigurationExtensionSupport-Spring Data Redis - Could not safely identify store assignment for repository candidate interface com.beyond.StomachForce.Post.repository.PostRepository; If you want this repository to be a Redis repository, consider annotating your entities with one of these annotations: org.springframework.data.redis.core.RedisHash (preferred), or consider extending one of the following types with your repository: org.springframework.data.keyvalue.repository.KeyValueRepository
2025-02-37 16:36 o.s.d.r.c.RepositoryConfigurationExtensionSupport-Spring Data Redis - Could not safely identify store assignment for repository candidate interface com.beyond.StomachForce.restaurant.repository.AddressRepository; If you want this repository to be a Redis repository, consider annotating your entities with one of these annotations: org.springframework.data.redis.core.RedisHash (preferred), or consider extending one of the following types with your repository: org.springframework.data.keyvalue.repository.KeyValueRepository
2025-02-37 16:36 o.s.d.r.c.RepositoryConfigurationExtensionSupport-Spring Data Redis - Could not safely identify store assignment for repository candidate interface com.beyond.StomachForce.restaurant.repository.BookmarkRepository; If you want this repository to be a Redis repository, consider annotating your entities with one of these annotations: org.springframework.data.redis.core.RedisHash (preferred), or consider extending one of the following types with your repository: org.springframework.data.keyvalue.repository.KeyValueRepository
2025-02-37 16:36 o.s.d.r.c.RepositoryConfigurationExtensionSupport-Spring Data Redis - Could not safely identify store assignment for repository candidate interface com.beyond.StomachForce.restaurant.repository.RestaurantConvenienceRepository; If you want this repository to be a Redis repository, consider annotating your entities with one of these annotations: org.springframework.data.redis.core.RedisHash (preferred), or consider extending one of the following types with your repository: org.springframework.data.keyvalue.repository.KeyValueRepository
2025-02-37 16:36 o.s.d.r.c.RepositoryConfigurationExtensionSupport-Spring Data Redis - Could not safely identify store assignment for repository candidate interface com.beyond.StomachForce.restaurant.repository.RestaurantPhotoRepository; If you want this repository to be a Redis repository, consider annotating your entities with one of these annotations: org.springframework.data.redis.core.RedisHash (preferred), or consider extending one of the following types with your repository: org.springframework.data.keyvalue.repository.KeyValueRepository
2025-02-37 16:36 o.s.d.r.c.RepositoryConfigurationExtensionSupport-Spring Data Redis - Could not safely identify store assignment for repository candidate interface com.beyond.StomachForce.restaurant.repository.RestaurantRepository; If you want this repository to be a Redis repository, consider annotating your entities with one of these annotations: org.springframework.data.redis.core.RedisHash (preferred), or consider extending one of the following types with your repository: org.springframework.data.keyvalue.repository.KeyValueRepository
2025-02-37 16:36 o.s.d.r.c.RepositoryConfigurationExtensionSupport-Spring Data Redis - Could not safely identify store assignment for repository candidate interface com.beyond.StomachForce.review.repository.ReviewPhotoRepository; If you want this repository to be a Redis repository, consider annotating your entities with one of these annotations: org.springframework.data.redis.core.RedisHash (preferred), or consider extending one of the following types with your repository: org.springframework.data.keyvalue.repository.KeyValueRepository
2025-02-37 16:36 o.s.d.r.c.RepositoryConfigurationExtensionSupport-Spring Data Redis - Could not safely identify store assignment for repository candidate interface com.beyond.StomachForce.review.repository.ReviewRepository; If you want this repository to be a Redis repository, consider annotating your entities with one of these annotations: org.springframework.data.redis.core.RedisHash (preferred), or consider extending one of the following types with your repository: org.springframework.data.keyvalue.repository.KeyValueRepository
2025-02-37 16:36 o.s.d.r.c.RepositoryConfigurationExtensionSupport-Spring Data Redis - Could not safely identify store assignment for repository candidate interface com.beyond.StomachForce.User.repository.UserRepository; If you want this repository to be a Redis repository, consider annotating your entities with one of these annotations: org.springframework.data.redis.core.RedisHash (preferred), or consider extending one of the following types with your repository: org.springframework.data.keyvalue.repository.KeyValueRepository
2025-02-37 16:36 o.s.d.r.c.RepositoryConfigurationDelegate-Finished Spring Data repository scanning in 18 ms. Found 0 Redis repository interfaces.
2025-02-37 16:36 o.s.b.w.e.tomcat.TomcatWebServer-Tomcat initialized with port 8080 (http)
2025-02-37 16:36 o.a.coyote.http11.Http11NioProtocol-Initializing ProtocolHandler ["http-nio-8080"]
2025-02-37 16:36 o.a.catalina.core.StandardService-Starting service [Tomcat]
2025-02-37 16:36 o.a.catalina.core.StandardEngine-Starting Servlet engine: [Apache Tomcat/10.1.34]
2025-02-37 16:36 o.a.c.c.C.[Tomcat].[localhost].[/]-Initializing Spring embedded WebApplicationContext
2025-02-37 16:36 o.s.b.w.s.c.ServletWebServerApplicationContext-Root WebApplicationContext: initialization completed in 2303 ms
2025-02-37 16:36 o.h.jpa.internal.util.LogHelper-HHH000204: Processing PersistenceUnitInfo [name: default]
2025-02-37 16:36 org.hibernate.Version-HHH000412: Hibernate ORM core version 6.6.5.Final
2025-02-37 16:36 o.h.c.i.RegionFactoryInitiator-HHH000026: Second-level cache disabled
2025-02-37 16:36 o.s.o.j.p.SpringPersistenceUnitInfo-No LoadTimeWeaver setup: ignoring JPA class transformer
2025-02-37 16:36 com.zaxxer.hikari.HikariDataSource-HikariPool-1 - Starting...
2025-02-37 16:36 com.zaxxer.hikari.pool.HikariPool-HikariPool-1 - Added connection org.mariadb.jdbc.Connection@5c60c08
2025-02-37 16:36 com.zaxxer.hikari.HikariDataSource-HikariPool-1 - Start completed.
2025-02-37 16:36 org.hibernate.orm.deprecation-HHH90000025: MariaDBDialect does not need to be specified explicitly using 'hibernate.dialect' (remove the property setting and it will be selected by default)
2025-02-37 16:36 o.hibernate.orm.connections.pooling-HHH10001005: Database info:
	Database JDBC URL [Connecting through datasource 'HikariDataSource (HikariPool-1)']
	Database driver: undefined/unknown
	Database version: 11.5.2
	Autocommit mode: undefined/unknown
	Isolation level: undefined/unknown
	Minimum pool size: undefined/unknown
	Maximum pool size: undefined/unknown
2025-02-37 16:36 o.h.e.t.j.p.i.JtaPlatformInitiator-HHH000489: No JTA platform available (set 'hibernate.transaction.jta.platform' to enable JTA platform integration)
2025-02-37 16:36 o.s.o.j.LocalContainerEntityManagerFactoryBean-Initialized JPA EntityManagerFactory for persistence unit 'default'
2025-02-37 16:36 o.s.d.j.r.query.QueryEnhancerFactory-Hibernate is in classpath; If applicable, HQL parser will be used.
2025-02-37 16:36 o.s.b.a.o.j.JpaBaseConfiguration$JpaWebConfiguration-spring.jpa.open-in-view is enabled by default. Therefore, database queries may be performed during view rendering. Explicitly configure spring.jpa.open-in-view to disable this warning
2025-02-37 16:36 o.s.b.a.s.s.UserDetailsServiceAutoConfiguration-

Using generated security password: 8e51c335-8e23-4b5f-b936-45f36266bc4f

This generated password is for development use only. Your security configuration must be updated before running your application in production.

2025-02-37 16:36 o.s.s.c.a.a.c.InitializeUserDetailsBeanManagerConfigurer$InitializeUserDetailsManagerConfigurer-Global AuthenticationManager configured with UserDetailsService bean with name inMemoryUserDetailsManager
2025-02-37 16:36 o.a.coyote.http11.Http11NioProtocol-Starting ProtocolHandler ["http-nio-8080"]
2025-02-37 16:36 o.s.b.w.e.tomcat.TomcatWebServer-Tomcat started on port 8080 (http) with context path '/'
2025-02-37 16:36 c.b.S.StomachForceApplication-Started StomachForceApplication in 7.73 seconds (process running for 8.347)
2025-02-37 16:37 o.h.validator.internal.util.Version-HV000001: Hibernate Validator 8.0.2.Final
2025-02-37 16:37 c.b.S.StomachForceApplication-Starting StomachForceApplication using Java 17.0.13 with PID 17172 (C:\Users\Playdata\Desktop\StomachForce\build\classes\java\main started by Playdata in C:\Users\Playdata\Desktop\StomachForce)
2025-02-37 16:37 c.b.S.StomachForceApplication-No active profile set, falling back to 1 default profile: "default"
2025-02-37 16:37 o.s.d.r.c.RepositoryConfigurationDelegate-Multiple Spring Data modules found, entering strict repository configuration mode
2025-02-37 16:37 o.s.d.r.c.RepositoryConfigurationDelegate-Bootstrapping Spring Data JPA repositories in DEFAULT mode.
2025-02-37 16:37 o.s.d.r.c.RepositoryConfigurationDelegate-Finished Spring Data repository scanning in 201 ms. Found 10 JPA repository interfaces.
2025-02-37 16:37 o.s.d.r.c.RepositoryConfigurationDelegate-Multiple Spring Data modules found, entering strict repository configuration mode
2025-02-37 16:37 o.s.d.r.c.RepositoryConfigurationDelegate-Bootstrapping Spring Data Redis repositories in DEFAULT mode.
2025-02-37 16:37 o.s.d.r.c.RepositoryConfigurationExtensionSupport-Spring Data Redis - Could not safely identify store assignment for repository candidate interface com.beyond.StomachForce.Post.repository.LikeRepository; If you want this repository to be a Redis repository, consider annotating your entities with one of these annotations: org.springframework.data.redis.core.RedisHash (preferred), or consider extending one of the following types with your repository: org.springframework.data.keyvalue.repository.KeyValueRepository
2025-02-37 16:37 o.s.d.r.c.RepositoryConfigurationExtensionSupport-Spring Data Redis - Could not safely identify store assignment for repository candidate interface com.beyond.StomachForce.Post.repository.PostRepository; If you want this repository to be a Redis repository, consider annotating your entities with one of these annotations: org.springframework.data.redis.core.RedisHash (preferred), or consider extending one of the following types with your repository: org.springframework.data.keyvalue.repository.KeyValueRepository
2025-02-37 16:37 o.s.d.r.c.RepositoryConfigurationExtensionSupport-Spring Data Redis - Could not safely identify store assignment for repository candidate interface com.beyond.StomachForce.restaurant.repository.AddressRepository; If you want this repository to be a Redis repository, consider annotating your entities with one of these annotations: org.springframework.data.redis.core.RedisHash (preferred), or consider extending one of the following types with your repository: org.springframework.data.keyvalue.repository.KeyValueRepository
2025-02-37 16:37 o.s.d.r.c.RepositoryConfigurationExtensionSupport-Spring Data Redis - Could not safely identify store assignment for repository candidate interface com.beyond.StomachForce.restaurant.repository.BookmarkRepository; If you want this repository to be a Redis repository, consider annotating your entities with one of these annotations: org.springframework.data.redis.core.RedisHash (preferred), or consider extending one of the following types with your repository: org.springframework.data.keyvalue.repository.KeyValueRepository
2025-02-37 16:37 o.s.d.r.c.RepositoryConfigurationExtensionSupport-Spring Data Redis - Could not safely identify store assignment for repository candidate interface com.beyond.StomachForce.restaurant.repository.RestaurantConvenienceRepository; If you want this repository to be a Redis repository, consider annotating your entities with one of these annotations: org.springframework.data.redis.core.RedisHash (preferred), or consider extending one of the following types with your repository: org.springframework.data.keyvalue.repository.KeyValueRepository
2025-02-37 16:37 o.s.d.r.c.RepositoryConfigurationExtensionSupport-Spring Data Redis - Could not safely identify store assignment for repository candidate interface com.beyond.StomachForce.restaurant.repository.RestaurantPhotoRepository; If you want this repository to be a Redis repository, consider annotating your entities with one of these annotations: org.springframework.data.redis.core.RedisHash (preferred), or consider extending one of the following types with your repository: org.springframework.data.keyvalue.repository.KeyValueRepository
2025-02-37 16:37 o.s.d.r.c.RepositoryConfigurationExtensionSupport-Spring Data Redis - Could not safely identify store assignment for repository candidate interface com.beyond.StomachForce.restaurant.repository.RestaurantRepository; If you want this repository to be a Redis repository, consider annotating your entities with one of these annotations: org.springframework.data.redis.core.RedisHash (preferred), or consider extending one of the following types with your repository: org.springframework.data.keyvalue.repository.KeyValueRepository
2025-02-37 16:37 o.s.d.r.c.RepositoryConfigurationExtensionSupport-Spring Data Redis - Could not safely identify store assignment for repository candidate interface com.beyond.StomachForce.review.repository.ReviewPhotoRepository; If you want this repository to be a Redis repository, consider annotating your entities with one of these annotations: org.springframework.data.redis.core.RedisHash (preferred), or consider extending one of the following types with your repository: org.springframework.data.keyvalue.repository.KeyValueRepository
2025-02-37 16:37 o.s.d.r.c.RepositoryConfigurationExtensionSupport-Spring Data Redis - Could not safely identify store assignment for repository candidate interface com.beyond.StomachForce.review.repository.ReviewRepository; If you want this repository to be a Redis repository, consider annotating your entities with one of these annotations: org.springframework.data.redis.core.RedisHash (preferred), or consider extending one of the following types with your repository: org.springframework.data.keyvalue.repository.KeyValueRepository
2025-02-37 16:37 o.s.d.r.c.RepositoryConfigurationExtensionSupport-Spring Data Redis - Could not safely identify store assignment for repository candidate interface com.beyond.StomachForce.User.repository.UserRepository; If you want this repository to be a Redis repository, consider annotating your entities with one of these annotations: org.springframework.data.redis.core.RedisHash (preferred), or consider extending one of the following types with your repository: org.springframework.data.keyvalue.repository.KeyValueRepository
2025-02-37 16:37 o.s.d.r.c.RepositoryConfigurationDelegate-Finished Spring Data repository scanning in 22 ms. Found 0 Redis repository interfaces.
2025-02-37 16:37 o.s.b.w.e.tomcat.TomcatWebServer-Tomcat initialized with port 8080 (http)
2025-02-37 16:37 o.a.coyote.http11.Http11NioProtocol-Initializing ProtocolHandler ["http-nio-8080"]
2025-02-37 16:37 o.a.catalina.core.StandardService-Starting service [Tomcat]
2025-02-37 16:37 o.a.catalina.core.StandardEngine-Starting Servlet engine: [Apache Tomcat/10.1.34]
2025-02-37 16:37 o.a.c.c.C.[Tomcat].[localhost].[/]-Initializing Spring embedded WebApplicationContext
2025-02-37 16:37 o.s.b.w.s.c.ServletWebServerApplicationContext-Root WebApplicationContext: initialization completed in 2224 ms
2025-02-37 16:37 o.h.jpa.internal.util.LogHelper-HHH000204: Processing PersistenceUnitInfo [name: default]
2025-02-37 16:37 org.hibernate.Version-HHH000412: Hibernate ORM core version 6.6.5.Final
2025-02-37 16:37 o.h.c.i.RegionFactoryInitiator-HHH000026: Second-level cache disabled
2025-02-37 16:37 o.s.o.j.p.SpringPersistenceUnitInfo-No LoadTimeWeaver setup: ignoring JPA class transformer
2025-02-37 16:37 com.zaxxer.hikari.HikariDataSource-HikariPool-1 - Starting...
2025-02-37 16:37 com.zaxxer.hikari.pool.HikariPool-HikariPool-1 - Added connection org.mariadb.jdbc.Connection@3b56947a
2025-02-37 16:37 com.zaxxer.hikari.HikariDataSource-HikariPool-1 - Start completed.
2025-02-37 16:37 org.hibernate.orm.deprecation-HHH90000025: MariaDBDialect does not need to be specified explicitly using 'hibernate.dialect' (remove the property setting and it will be selected by default)
2025-02-37 16:37 o.hibernate.orm.connections.pooling-HHH10001005: Database info:
	Database JDBC URL [Connecting through datasource 'HikariDataSource (HikariPool-1)']
	Database driver: undefined/unknown
	Database version: 11.5.2
	Autocommit mode: undefined/unknown
	Isolation level: undefined/unknown
	Minimum pool size: undefined/unknown
	Maximum pool size: undefined/unknown
2025-02-37 16:37 o.h.e.t.j.p.i.JtaPlatformInitiator-HHH000489: No JTA platform available (set 'hibernate.transaction.jta.platform' to enable JTA platform integration)
2025-02-37 16:37 o.s.o.j.LocalContainerEntityManagerFactoryBean-Initialized JPA EntityManagerFactory for persistence unit 'default'
2025-02-37 16:37 o.s.d.j.r.query.QueryEnhancerFactory-Hibernate is in classpath; If applicable, HQL parser will be used.
2025-02-37 16:37 o.s.b.a.o.j.JpaBaseConfiguration$JpaWebConfiguration-spring.jpa.open-in-view is enabled by default. Therefore, database queries may be performed during view rendering. Explicitly configure spring.jpa.open-in-view to disable this warning
2025-02-37 16:37 o.s.b.a.s.s.UserDetailsServiceAutoConfiguration-

Using generated security password: bd0031ce-cdf3-443f-9c78-51bad999e9a4

This generated password is for development use only. Your security configuration must be updated before running your application in production.

2025-02-37 16:37 o.s.s.c.a.a.c.InitializeUserDetailsBeanManagerConfigurer$InitializeUserDetailsManagerConfigurer-Global AuthenticationManager configured with UserDetailsService bean with name inMemoryUserDetailsManager
2025-02-37 16:37 o.a.coyote.http11.Http11NioProtocol-Starting ProtocolHandler ["http-nio-8080"]
2025-02-37 16:37 o.s.b.w.e.tomcat.TomcatWebServer-Tomcat started on port 8080 (http) with context path '/'
2025-02-37 16:37 c.b.S.StomachForceApplication-Started StomachForceApplication in 7.595 seconds (process running for 8.199)
2025-02-37 16:39 o.h.validator.internal.util.Version-HV000001: Hibernate Validator 8.0.2.Final
2025-02-37 16:39 c.b.S.StomachForceApplication-Starting StomachForceApplication using Java 17.0.13 with PID 944 (C:\Users\Playdata\Desktop\StomachForce\build\classes\java\main started by Playdata in C:\Users\Playdata\Desktop\StomachForce)
2025-02-37 16:39 c.b.S.StomachForceApplication-No active profile set, falling back to 1 default profile: "default"
2025-02-37 16:39 o.s.d.r.c.RepositoryConfigurationDelegate-Multiple Spring Data modules found, entering strict repository configuration mode
2025-02-37 16:39 o.s.d.r.c.RepositoryConfigurationDelegate-Bootstrapping Spring Data JPA repositories in DEFAULT mode.
2025-02-37 16:39 o.s.d.r.c.RepositoryConfigurationDelegate-Finished Spring Data repository scanning in 169 ms. Found 10 JPA repository interfaces.
2025-02-37 16:39 o.s.d.r.c.RepositoryConfigurationDelegate-Multiple Spring Data modules found, entering strict repository configuration mode
2025-02-37 16:39 o.s.d.r.c.RepositoryConfigurationDelegate-Bootstrapping Spring Data Redis repositories in DEFAULT mode.
2025-02-37 16:39 o.s.d.r.c.RepositoryConfigurationExtensionSupport-Spring Data Redis - Could not safely identify store assignment for repository candidate interface com.beyond.StomachForce.Post.repository.LikeRepository; If you want this repository to be a Redis repository, consider annotating your entities with one of these annotations: org.springframework.data.redis.core.RedisHash (preferred), or consider extending one of the following types with your repository: org.springframework.data.keyvalue.repository.KeyValueRepository
2025-02-37 16:39 o.s.d.r.c.RepositoryConfigurationExtensionSupport-Spring Data Redis - Could not safely identify store assignment for repository candidate interface com.beyond.StomachForce.Post.repository.PostRepository; If you want this repository to be a Redis repository, consider annotating your entities with one of these annotations: org.springframework.data.redis.core.RedisHash (preferred), or consider extending one of the following types with your repository: org.springframework.data.keyvalue.repository.KeyValueRepository
2025-02-37 16:39 o.s.d.r.c.RepositoryConfigurationExtensionSupport-Spring Data Redis - Could not safely identify store assignment for repository candidate interface com.beyond.StomachForce.restaurant.repository.AddressRepository; If you want this repository to be a Redis repository, consider annotating your entities with one of these annotations: org.springframework.data.redis.core.RedisHash (preferred), or consider extending one of the following types with your repository: org.springframework.data.keyvalue.repository.KeyValueRepository
2025-02-37 16:39 o.s.d.r.c.RepositoryConfigurationExtensionSupport-Spring Data Redis - Could not safely identify store assignment for repository candidate interface com.beyond.StomachForce.restaurant.repository.BookmarkRepository; If you want this repository to be a Redis repository, consider annotating your entities with one of these annotations: org.springframework.data.redis.core.RedisHash (preferred), or consider extending one of the following types with your repository: org.springframework.data.keyvalue.repository.KeyValueRepository
2025-02-37 16:39 o.s.d.r.c.RepositoryConfigurationExtensionSupport-Spring Data Redis - Could not safely identify store assignment for repository candidate interface com.beyond.StomachForce.restaurant.repository.RestaurantConvenienceRepository; If you want this repository to be a Redis repository, consider annotating your entities with one of these annotations: org.springframework.data.redis.core.RedisHash (preferred), or consider extending one of the following types with your repository: org.springframework.data.keyvalue.repository.KeyValueRepository
2025-02-37 16:39 o.s.d.r.c.RepositoryConfigurationExtensionSupport-Spring Data Redis - Could not safely identify store assignment for repository candidate interface com.beyond.StomachForce.restaurant.repository.RestaurantPhotoRepository; If you want this repository to be a Redis repository, consider annotating your entities with one of these annotations: org.springframework.data.redis.core.RedisHash (preferred), or consider extending one of the following types with your repository: org.springframework.data.keyvalue.repository.KeyValueRepository
2025-02-37 16:39 o.s.d.r.c.RepositoryConfigurationExtensionSupport-Spring Data Redis - Could not safely identify store assignment for repository candidate interface com.beyond.StomachForce.restaurant.repository.RestaurantRepository; If you want this repository to be a Redis repository, consider annotating your entities with one of these annotations: org.springframework.data.redis.core.RedisHash (preferred), or consider extending one of the following types with your repository: org.springframework.data.keyvalue.repository.KeyValueRepository
2025-02-37 16:39 o.s.d.r.c.RepositoryConfigurationExtensionSupport-Spring Data Redis - Could not safely identify store assignment for repository candidate interface com.beyond.StomachForce.review.repository.ReviewPhotoRepository; If you want this repository to be a Redis repository, consider annotating your entities with one of these annotations: org.springframework.data.redis.core.RedisHash (preferred), or consider extending one of the following types with your repository: org.springframework.data.keyvalue.repository.KeyValueRepository
2025-02-37 16:39 o.s.d.r.c.RepositoryConfigurationExtensionSupport-Spring Data Redis - Could not safely identify store assignment for repository candidate interface com.beyond.StomachForce.review.repository.ReviewRepository; If you want this repository to be a Redis repository, consider annotating your entities with one of these annotations: org.springframework.data.redis.core.RedisHash (preferred), or consider extending one of the following types with your repository: org.springframework.data.keyvalue.repository.KeyValueRepository
2025-02-37 16:39 o.s.d.r.c.RepositoryConfigurationExtensionSupport-Spring Data Redis - Could not safely identify store assignment for repository candidate interface com.beyond.StomachForce.User.repository.UserRepository; If you want this repository to be a Redis repository, consider annotating your entities with one of these annotations: org.springframework.data.redis.core.RedisHash (preferred), or consider extending one of the following types with your repository: org.springframework.data.keyvalue.repository.KeyValueRepository
2025-02-37 16:39 o.s.d.r.c.RepositoryConfigurationDelegate-Finished Spring Data repository scanning in 15 ms. Found 0 Redis repository interfaces.
2025-02-37 16:39 o.s.b.w.e.tomcat.TomcatWebServer-Tomcat initialized with port 8080 (http)
2025-02-37 16:39 o.a.coyote.http11.Http11NioProtocol-Initializing ProtocolHandler ["http-nio-8080"]
2025-02-37 16:39 o.a.catalina.core.StandardService-Starting service [Tomcat]
2025-02-37 16:39 o.a.catalina.core.StandardEngine-Starting Servlet engine: [Apache Tomcat/10.1.34]
2025-02-37 16:39 o.a.c.c.C.[Tomcat].[localhost].[/]-Initializing Spring embedded WebApplicationContext
2025-02-37 16:39 o.s.b.w.s.c.ServletWebServerApplicationContext-Root WebApplicationContext: initialization completed in 2204 ms
2025-02-37 16:39 o.h.jpa.internal.util.LogHelper-HHH000204: Processing PersistenceUnitInfo [name: default]
2025-02-37 16:39 org.hibernate.Version-HHH000412: Hibernate ORM core version 6.6.5.Final
2025-02-37 16:39 o.h.c.i.RegionFactoryInitiator-HHH000026: Second-level cache disabled
2025-02-37 16:39 o.s.o.j.p.SpringPersistenceUnitInfo-No LoadTimeWeaver setup: ignoring JPA class transformer
2025-02-37 16:39 com.zaxxer.hikari.HikariDataSource-HikariPool-1 - Starting...
2025-02-37 16:39 com.zaxxer.hikari.pool.HikariPool-HikariPool-1 - Added connection org.mariadb.jdbc.Connection@1eb9d69a
2025-02-37 16:39 com.zaxxer.hikari.HikariDataSource-HikariPool-1 - Start completed.
2025-02-37 16:39 org.hibernate.orm.deprecation-HHH90000025: MariaDBDialect does not need to be specified explicitly using 'hibernate.dialect' (remove the property setting and it will be selected by default)
2025-02-37 16:39 o.hibernate.orm.connections.pooling-HHH10001005: Database info:
	Database JDBC URL [Connecting through datasource 'HikariDataSource (HikariPool-1)']
	Database driver: undefined/unknown
	Database version: 11.5.2
	Autocommit mode: undefined/unknown
	Isolation level: undefined/unknown
	Minimum pool size: undefined/unknown
	Maximum pool size: undefined/unknown
2025-02-37 16:39 o.h.e.t.j.p.i.JtaPlatformInitiator-HHH000489: No JTA platform available (set 'hibernate.transaction.jta.platform' to enable JTA platform integration)
2025-02-37 16:39 o.s.o.j.LocalContainerEntityManagerFactoryBean-Initialized JPA EntityManagerFactory for persistence unit 'default'
2025-02-37 16:39 o.s.d.j.r.query.QueryEnhancerFactory-Hibernate is in classpath; If applicable, HQL parser will be used.
2025-02-37 16:39 o.s.b.a.o.j.JpaBaseConfiguration$JpaWebConfiguration-spring.jpa.open-in-view is enabled by default. Therefore, database queries may be performed during view rendering. Explicitly configure spring.jpa.open-in-view to disable this warning
2025-02-37 16:39 o.s.b.a.s.s.UserDetailsServiceAutoConfiguration-

Using generated security password: 82b03632-251b-4a6a-b417-2960439a5a14

This generated password is for development use only. Your security configuration must be updated before running your application in production.

2025-02-37 16:39 o.s.s.c.a.a.c.InitializeUserDetailsBeanManagerConfigurer$InitializeUserDetailsManagerConfigurer-Global AuthenticationManager configured with UserDetailsService bean with name inMemoryUserDetailsManager
2025-02-37 16:39 o.a.coyote.http11.Http11NioProtocol-Starting ProtocolHandler ["http-nio-8080"]
2025-02-37 16:39 o.s.b.w.e.tomcat.TomcatWebServer-Tomcat started on port 8080 (http) with context path '/'
2025-02-37 16:39 c.b.S.StomachForceApplication-Started StomachForceApplication in 7.65 seconds (process running for 8.245)
2025-02-37 16:40 o.h.validator.internal.util.Version-HV000001: Hibernate Validator 8.0.2.Final
2025-02-37 16:40 c.b.S.StomachForceApplication-Starting StomachForceApplication using Java 17.0.13 with PID 11036 (C:\Users\Playdata\Desktop\StomachForce\build\classes\java\main started by Playdata in C:\Users\Playdata\Desktop\StomachForce)
2025-02-37 16:40 c.b.S.StomachForceApplication-No active profile set, falling back to 1 default profile: "default"
2025-02-37 16:40 o.s.d.r.c.RepositoryConfigurationDelegate-Multiple Spring Data modules found, entering strict repository configuration mode
2025-02-37 16:40 o.s.d.r.c.RepositoryConfigurationDelegate-Bootstrapping Spring Data JPA repositories in DEFAULT mode.
2025-02-37 16:40 o.s.d.r.c.RepositoryConfigurationDelegate-Finished Spring Data repository scanning in 199 ms. Found 10 JPA repository interfaces.
2025-02-37 16:40 o.s.d.r.c.RepositoryConfigurationDelegate-Multiple Spring Data modules found, entering strict repository configuration mode
2025-02-37 16:40 o.s.d.r.c.RepositoryConfigurationDelegate-Bootstrapping Spring Data Redis repositories in DEFAULT mode.
2025-02-37 16:40 o.s.d.r.c.RepositoryConfigurationExtensionSupport-Spring Data Redis - Could not safely identify store assignment for repository candidate interface com.beyond.StomachForce.Post.repository.LikeRepository; If you want this repository to be a Redis repository, consider annotating your entities with one of these annotations: org.springframework.data.redis.core.RedisHash (preferred), or consider extending one of the following types with your repository: org.springframework.data.keyvalue.repository.KeyValueRepository
2025-02-37 16:40 o.s.d.r.c.RepositoryConfigurationExtensionSupport-Spring Data Redis - Could not safely identify store assignment for repository candidate interface com.beyond.StomachForce.Post.repository.PostRepository; If you want this repository to be a Redis repository, consider annotating your entities with one of these annotations: org.springframework.data.redis.core.RedisHash (preferred), or consider extending one of the following types with your repository: org.springframework.data.keyvalue.repository.KeyValueRepository
2025-02-37 16:40 o.s.d.r.c.RepositoryConfigurationExtensionSupport-Spring Data Redis - Could not safely identify store assignment for repository candidate interface com.beyond.StomachForce.restaurant.repository.AddressRepository; If you want this repository to be a Redis repository, consider annotating your entities with one of these annotations: org.springframework.data.redis.core.RedisHash (preferred), or consider extending one of the following types with your repository: org.springframework.data.keyvalue.repository.KeyValueRepository
2025-02-37 16:40 o.s.d.r.c.RepositoryConfigurationExtensionSupport-Spring Data Redis - Could not safely identify store assignment for repository candidate interface com.beyond.StomachForce.restaurant.repository.BookmarkRepository; If you want this repository to be a Redis repository, consider annotating your entities with one of these annotations: org.springframework.data.redis.core.RedisHash (preferred), or consider extending one of the following types with your repository: org.springframework.data.keyvalue.repository.KeyValueRepository
2025-02-37 16:40 o.s.d.r.c.RepositoryConfigurationExtensionSupport-Spring Data Redis - Could not safely identify store assignment for repository candidate interface com.beyond.StomachForce.restaurant.repository.RestaurantConvenienceRepository; If you want this repository to be a Redis repository, consider annotating your entities with one of these annotations: org.springframework.data.redis.core.RedisHash (preferred), or consider extending one of the following types with your repository: org.springframework.data.keyvalue.repository.KeyValueRepository
2025-02-37 16:40 o.s.d.r.c.RepositoryConfigurationExtensionSupport-Spring Data Redis - Could not safely identify store assignment for repository candidate interface com.beyond.StomachForce.restaurant.repository.RestaurantPhotoRepository; If you want this repository to be a Redis repository, consider annotating your entities with one of these annotations: org.springframework.data.redis.core.RedisHash (preferred), or consider extending one of the following types with your repository: org.springframework.data.keyvalue.repository.KeyValueRepository
2025-02-37 16:40 o.s.d.r.c.RepositoryConfigurationExtensionSupport-Spring Data Redis - Could not safely identify store assignment for repository candidate interface com.beyond.StomachForce.restaurant.repository.RestaurantRepository; If you want this repository to be a Redis repository, consider annotating your entities with one of these annotations: org.springframework.data.redis.core.RedisHash (preferred), or consider extending one of the following types with your repository: org.springframework.data.keyvalue.repository.KeyValueRepository
2025-02-37 16:40 o.s.d.r.c.RepositoryConfigurationExtensionSupport-Spring Data Redis - Could not safely identify store assignment for repository candidate interface com.beyond.StomachForce.review.repository.ReviewPhotoRepository; If you want this repository to be a Redis repository, consider annotating your entities with one of these annotations: org.springframework.data.redis.core.RedisHash (preferred), or consider extending one of the following types with your repository: org.springframework.data.keyvalue.repository.KeyValueRepository
2025-02-37 16:40 o.s.d.r.c.RepositoryConfigurationExtensionSupport-Spring Data Redis - Could not safely identify store assignment for repository candidate interface com.beyond.StomachForce.review.repository.ReviewRepository; If you want this repository to be a Redis repository, consider annotating your entities with one of these annotations: org.springframework.data.redis.core.RedisHash (preferred), or consider extending one of the following types with your repository: org.springframework.data.keyvalue.repository.KeyValueRepository
2025-02-37 16:40 o.s.d.r.c.RepositoryConfigurationExtensionSupport-Spring Data Redis - Could not safely identify store assignment for repository candidate interface com.beyond.StomachForce.User.repository.UserRepository; If you want this repository to be a Redis repository, consider annotating your entities with one of these annotations: org.springframework.data.redis.core.RedisHash (preferred), or consider extending one of the following types with your repository: org.springframework.data.keyvalue.repository.KeyValueRepository
2025-02-37 16:40 o.s.d.r.c.RepositoryConfigurationDelegate-Finished Spring Data repository scanning in 29 ms. Found 0 Redis repository interfaces.
2025-02-37 16:40 o.s.b.w.e.tomcat.TomcatWebServer-Tomcat initialized with port 8080 (http)
2025-02-37 16:40 o.a.coyote.http11.Http11NioProtocol-Initializing ProtocolHandler ["http-nio-8080"]
2025-02-37 16:40 o.a.catalina.core.StandardService-Starting service [Tomcat]
2025-02-37 16:40 o.a.catalina.core.StandardEngine-Starting Servlet engine: [Apache Tomcat/10.1.34]
2025-02-37 16:40 o.a.c.c.C.[Tomcat].[localhost].[/]-Initializing Spring embedded WebApplicationContext
2025-02-37 16:40 o.s.b.w.s.c.ServletWebServerApplicationContext-Root WebApplicationContext: initialization completed in 2168 ms
2025-02-37 16:40 o.h.jpa.internal.util.LogHelper-HHH000204: Processing PersistenceUnitInfo [name: default]
2025-02-37 16:40 org.hibernate.Version-HHH000412: Hibernate ORM core version 6.6.5.Final
2025-02-37 16:40 o.h.c.i.RegionFactoryInitiator-HHH000026: Second-level cache disabled
2025-02-37 16:40 o.s.o.j.p.SpringPersistenceUnitInfo-No LoadTimeWeaver setup: ignoring JPA class transformer
2025-02-37 16:40 com.zaxxer.hikari.HikariDataSource-HikariPool-1 - Starting...
2025-02-37 16:40 com.zaxxer.hikari.pool.HikariPool-HikariPool-1 - Added connection org.mariadb.jdbc.Connection@69f3e556
2025-02-37 16:40 com.zaxxer.hikari.HikariDataSource-HikariPool-1 - Start completed.
2025-02-37 16:40 org.hibernate.orm.deprecation-HHH90000025: MariaDBDialect does not need to be specified explicitly using 'hibernate.dialect' (remove the property setting and it will be selected by default)
2025-02-37 16:40 o.hibernate.orm.connections.pooling-HHH10001005: Database info:
	Database JDBC URL [Connecting through datasource 'HikariDataSource (HikariPool-1)']
	Database driver: undefined/unknown
	Database version: 11.5.2
	Autocommit mode: undefined/unknown
	Isolation level: undefined/unknown
	Minimum pool size: undefined/unknown
	Maximum pool size: undefined/unknown
2025-02-37 16:40 o.h.e.t.j.p.i.JtaPlatformInitiator-HHH000489: No JTA platform available (set 'hibernate.transaction.jta.platform' to enable JTA platform integration)
2025-02-37 16:40 o.s.o.j.LocalContainerEntityManagerFactoryBean-Initialized JPA EntityManagerFactory for persistence unit 'default'
2025-02-37 16:40 o.s.d.j.r.query.QueryEnhancerFactory-Hibernate is in classpath; If applicable, HQL parser will be used.
2025-02-37 16:40 o.s.b.a.o.j.JpaBaseConfiguration$JpaWebConfiguration-spring.jpa.open-in-view is enabled by default. Therefore, database queries may be performed during view rendering. Explicitly configure spring.jpa.open-in-view to disable this warning
2025-02-37 16:40 o.s.b.a.s.s.UserDetailsServiceAutoConfiguration-

Using generated security password: c89f53f8-5dee-40e3-8d2a-19506901bd51

This generated password is for development use only. Your security configuration must be updated before running your application in production.

2025-02-37 16:40 o.s.s.c.a.a.c.InitializeUserDetailsBeanManagerConfigurer$InitializeUserDetailsManagerConfigurer-Global AuthenticationManager configured with UserDetailsService bean with name inMemoryUserDetailsManager
2025-02-37 16:40 o.a.coyote.http11.Http11NioProtocol-Starting ProtocolHandler ["http-nio-8080"]
2025-02-37 16:40 o.s.b.w.e.tomcat.TomcatWebServer-Tomcat started on port 8080 (http) with context path '/'
2025-02-37 16:40 c.b.S.StomachForceApplication-Started StomachForceApplication in 8.079 seconds (process running for 8.706)
2025-02-37 16:40 o.a.c.c.C.[Tomcat].[localhost].[/]-Initializing Spring DispatcherServlet 'dispatcherServlet'
2025-02-37 16:40 o.s.web.servlet.DispatcherServlet-Initializing Servlet 'dispatcherServlet'
2025-02-37 16:40 o.s.web.servlet.DispatcherServlet-Completed initialization in 2 ms
2025-02-37 16:41 o.h.validator.internal.util.Version-HV000001: Hibernate Validator 8.0.2.Final
2025-02-37 16:41 c.b.S.StomachForceApplication-Starting StomachForceApplication using Java 17.0.13 with PID 22304 (C:\Users\Playdata\Desktop\StomachForce\build\classes\java\main started by Playdata in C:\Users\Playdata\Desktop\StomachForce)
2025-02-37 16:41 c.b.S.StomachForceApplication-No active profile set, falling back to 1 default profile: "default"
2025-02-37 16:41 o.s.d.r.c.RepositoryConfigurationDelegate-Multiple Spring Data modules found, entering strict repository configuration mode
2025-02-37 16:41 o.s.d.r.c.RepositoryConfigurationDelegate-Bootstrapping Spring Data JPA repositories in DEFAULT mode.
2025-02-37 16:41 o.s.d.r.c.RepositoryConfigurationDelegate-Finished Spring Data repository scanning in 195 ms. Found 10 JPA repository interfaces.
2025-02-37 16:41 o.s.d.r.c.RepositoryConfigurationDelegate-Multiple Spring Data modules found, entering strict repository configuration mode
2025-02-37 16:41 o.s.d.r.c.RepositoryConfigurationDelegate-Bootstrapping Spring Data Redis repositories in DEFAULT mode.
2025-02-37 16:41 o.s.d.r.c.RepositoryConfigurationExtensionSupport-Spring Data Redis - Could not safely identify store assignment for repository candidate interface com.beyond.StomachForce.Post.repository.LikeRepository; If you want this repository to be a Redis repository, consider annotating your entities with one of these annotations: org.springframework.data.redis.core.RedisHash (preferred), or consider extending one of the following types with your repository: org.springframework.data.keyvalue.repository.KeyValueRepository
2025-02-37 16:41 o.s.d.r.c.RepositoryConfigurationExtensionSupport-Spring Data Redis - Could not safely identify store assignment for repository candidate interface com.beyond.StomachForce.Post.repository.PostRepository; If you want this repository to be a Redis repository, consider annotating your entities with one of these annotations: org.springframework.data.redis.core.RedisHash (preferred), or consider extending one of the following types with your repository: org.springframework.data.keyvalue.repository.KeyValueRepository
2025-02-37 16:41 o.s.d.r.c.RepositoryConfigurationExtensionSupport-Spring Data Redis - Could not safely identify store assignment for repository candidate interface com.beyond.StomachForce.restaurant.repository.AddressRepository; If you want this repository to be a Redis repository, consider annotating your entities with one of these annotations: org.springframework.data.redis.core.RedisHash (preferred), or consider extending one of the following types with your repository: org.springframework.data.keyvalue.repository.KeyValueRepository
2025-02-37 16:41 o.s.d.r.c.RepositoryConfigurationExtensionSupport-Spring Data Redis - Could not safely identify store assignment for repository candidate interface com.beyond.StomachForce.restaurant.repository.BookmarkRepository; If you want this repository to be a Redis repository, consider annotating your entities with one of these annotations: org.springframework.data.redis.core.RedisHash (preferred), or consider extending one of the following types with your repository: org.springframework.data.keyvalue.repository.KeyValueRepository
2025-02-37 16:41 o.s.d.r.c.RepositoryConfigurationExtensionSupport-Spring Data Redis - Could not safely identify store assignment for repository candidate interface com.beyond.StomachForce.restaurant.repository.RestaurantConvenienceRepository; If you want this repository to be a Redis repository, consider annotating your entities with one of these annotations: org.springframework.data.redis.core.RedisHash (preferred), or consider extending one of the following types with your repository: org.springframework.data.keyvalue.repository.KeyValueRepository
2025-02-37 16:41 o.s.d.r.c.RepositoryConfigurationExtensionSupport-Spring Data Redis - Could not safely identify store assignment for repository candidate interface com.beyond.StomachForce.restaurant.repository.RestaurantPhotoRepository; If you want this repository to be a Redis repository, consider annotating your entities with one of these annotations: org.springframework.data.redis.core.RedisHash (preferred), or consider extending one of the following types with your repository: org.springframework.data.keyvalue.repository.KeyValueRepository
2025-02-37 16:41 o.s.d.r.c.RepositoryConfigurationExtensionSupport-Spring Data Redis - Could not safely identify store assignment for repository candidate interface com.beyond.StomachForce.restaurant.repository.RestaurantRepository; If you want this repository to be a Redis repository, consider annotating your entities with one of these annotations: org.springframework.data.redis.core.RedisHash (preferred), or consider extending one of the following types with your repository: org.springframework.data.keyvalue.repository.KeyValueRepository
2025-02-37 16:41 o.s.d.r.c.RepositoryConfigurationExtensionSupport-Spring Data Redis - Could not safely identify store assignment for repository candidate interface com.beyond.StomachForce.review.repository.ReviewPhotoRepository; If you want this repository to be a Redis repository, consider annotating your entities with one of these annotations: org.springframework.data.redis.core.RedisHash (preferred), or consider extending one of the following types with your repository: org.springframework.data.keyvalue.repository.KeyValueRepository
2025-02-37 16:41 o.s.d.r.c.RepositoryConfigurationExtensionSupport-Spring Data Redis - Could not safely identify store assignment for repository candidate interface com.beyond.StomachForce.review.repository.ReviewRepository; If you want this repository to be a Redis repository, consider annotating your entities with one of these annotations: org.springframework.data.redis.core.RedisHash (preferred), or consider extending one of the following types with your repository: org.springframework.data.keyvalue.repository.KeyValueRepository
2025-02-37 16:41 o.s.d.r.c.RepositoryConfigurationExtensionSupport-Spring Data Redis - Could not safely identify store assignment for repository candidate interface com.beyond.StomachForce.User.repository.UserRepository; If you want this repository to be a Redis repository, consider annotating your entities with one of these annotations: org.springframework.data.redis.core.RedisHash (preferred), or consider extending one of the following types with your repository: org.springframework.data.keyvalue.repository.KeyValueRepository
2025-02-37 16:41 o.s.d.r.c.RepositoryConfigurationDelegate-Finished Spring Data repository scanning in 17 ms. Found 0 Redis repository interfaces.
2025-02-37 16:41 o.s.b.w.e.tomcat.TomcatWebServer-Tomcat initialized with port 8080 (http)
2025-02-37 16:41 o.a.coyote.http11.Http11NioProtocol-Initializing ProtocolHandler ["http-nio-8080"]
2025-02-37 16:41 o.a.catalina.core.StandardService-Starting service [Tomcat]
2025-02-37 16:41 o.a.catalina.core.StandardEngine-Starting Servlet engine: [Apache Tomcat/10.1.34]
2025-02-37 16:41 o.a.c.c.C.[Tomcat].[localhost].[/]-Initializing Spring embedded WebApplicationContext
2025-02-37 16:41 o.s.b.w.s.c.ServletWebServerApplicationContext-Root WebApplicationContext: initialization completed in 2168 ms
2025-02-37 16:41 o.h.jpa.internal.util.LogHelper-HHH000204: Processing PersistenceUnitInfo [name: default]
2025-02-37 16:41 org.hibernate.Version-HHH000412: Hibernate ORM core version 6.6.5.Final
2025-02-37 16:41 o.h.c.i.RegionFactoryInitiator-HHH000026: Second-level cache disabled
2025-02-37 16:41 o.s.o.j.p.SpringPersistenceUnitInfo-No LoadTimeWeaver setup: ignoring JPA class transformer
2025-02-37 16:41 com.zaxxer.hikari.HikariDataSource-HikariPool-1 - Starting...
2025-02-37 16:41 com.zaxxer.hikari.pool.HikariPool-HikariPool-1 - Added connection org.mariadb.jdbc.Connection@5ee581db
2025-02-37 16:41 com.zaxxer.hikari.HikariDataSource-HikariPool-1 - Start completed.
2025-02-37 16:41 org.hibernate.orm.deprecation-HHH90000025: MariaDBDialect does not need to be specified explicitly using 'hibernate.dialect' (remove the property setting and it will be selected by default)
2025-02-37 16:41 o.hibernate.orm.connections.pooling-HHH10001005: Database info:
	Database JDBC URL [Connecting through datasource 'HikariDataSource (HikariPool-1)']
	Database driver: undefined/unknown
	Database version: 11.5.2
	Autocommit mode: undefined/unknown
	Isolation level: undefined/unknown
	Minimum pool size: undefined/unknown
	Maximum pool size: undefined/unknown
2025-02-37 16:41 o.h.e.t.j.p.i.JtaPlatformInitiator-HHH000489: No JTA platform available (set 'hibernate.transaction.jta.platform' to enable JTA platform integration)
2025-02-37 16:41 o.s.o.j.LocalContainerEntityManagerFactoryBean-Initialized JPA EntityManagerFactory for persistence unit 'default'
2025-02-37 16:41 o.s.d.j.r.query.QueryEnhancerFactory-Hibernate is in classpath; If applicable, HQL parser will be used.
2025-02-37 16:41 o.s.b.a.o.j.JpaBaseConfiguration$JpaWebConfiguration-spring.jpa.open-in-view is enabled by default. Therefore, database queries may be performed during view rendering. Explicitly configure spring.jpa.open-in-view to disable this warning
2025-02-37 16:41 o.s.b.a.s.s.UserDetailsServiceAutoConfiguration-

Using generated security password: 0adae091-79b5-4ffe-95d1-76cd1215395e

This generated password is for development use only. Your security configuration must be updated before running your application in production.

2025-02-37 16:41 o.s.s.c.a.a.c.InitializeUserDetailsBeanManagerConfigurer$InitializeUserDetailsManagerConfigurer-Global AuthenticationManager configured with UserDetailsService bean with name inMemoryUserDetailsManager
2025-02-37 16:41 o.a.coyote.http11.Http11NioProtocol-Starting ProtocolHandler ["http-nio-8080"]
2025-02-37 16:41 o.s.b.w.e.tomcat.TomcatWebServer-Tomcat started on port 8080 (http) with context path '/'
2025-02-37 16:41 c.b.S.StomachForceApplication-Started StomachForceApplication in 8.059 seconds (process running for 8.7)
2025-02-37 16:41 o.a.c.c.C.[Tomcat].[localhost].[/]-Initializing Spring DispatcherServlet 'dispatcherServlet'
2025-02-37 16:41 o.s.web.servlet.DispatcherServlet-Initializing Servlet 'dispatcherServlet'
2025-02-37 16:41 o.s.web.servlet.DispatcherServlet-Completed initialization in 3 ms
2025-02-37 16:43 o.h.validator.internal.util.Version-HV000001: Hibernate Validator 8.0.2.Final
2025-02-37 16:43 c.b.S.StomachForceApplication-Starting StomachForceApplication using Java 17.0.13 with PID 10844 (C:\Users\Playdata\Desktop\StomachForce\build\classes\java\main started by Playdata in C:\Users\Playdata\Desktop\StomachForce)
2025-02-37 16:43 c.b.S.StomachForceApplication-No active profile set, falling back to 1 default profile: "default"
2025-02-37 16:43 o.s.d.r.c.RepositoryConfigurationDelegate-Multiple Spring Data modules found, entering strict repository configuration mode
2025-02-37 16:43 o.s.d.r.c.RepositoryConfigurationDelegate-Bootstrapping Spring Data JPA repositories in DEFAULT mode.
2025-02-37 16:43 o.s.d.r.c.RepositoryConfigurationDelegate-Finished Spring Data repository scanning in 257 ms. Found 10 JPA repository interfaces.
2025-02-37 16:43 o.s.d.r.c.RepositoryConfigurationDelegate-Multiple Spring Data modules found, entering strict repository configuration mode
2025-02-37 16:43 o.s.d.r.c.RepositoryConfigurationDelegate-Bootstrapping Spring Data Redis repositories in DEFAULT mode.
2025-02-37 16:43 o.s.d.r.c.RepositoryConfigurationExtensionSupport-Spring Data Redis - Could not safely identify store assignment for repository candidate interface com.beyond.StomachForce.Post.repository.LikeRepository; If you want this repository to be a Redis repository, consider annotating your entities with one of these annotations: org.springframework.data.redis.core.RedisHash (preferred), or consider extending one of the following types with your repository: org.springframework.data.keyvalue.repository.KeyValueRepository
2025-02-37 16:43 o.s.d.r.c.RepositoryConfigurationExtensionSupport-Spring Data Redis - Could not safely identify store assignment for repository candidate interface com.beyond.StomachForce.Post.repository.PostRepository; If you want this repository to be a Redis repository, consider annotating your entities with one of these annotations: org.springframework.data.redis.core.RedisHash (preferred), or consider extending one of the following types with your repository: org.springframework.data.keyvalue.repository.KeyValueRepository
2025-02-37 16:43 o.s.d.r.c.RepositoryConfigurationExtensionSupport-Spring Data Redis - Could not safely identify store assignment for repository candidate interface com.beyond.StomachForce.restaurant.repository.AddressRepository; If you want this repository to be a Redis repository, consider annotating your entities with one of these annotations: org.springframework.data.redis.core.RedisHash (preferred), or consider extending one of the following types with your repository: org.springframework.data.keyvalue.repository.KeyValueRepository
2025-02-37 16:43 o.s.d.r.c.RepositoryConfigurationExtensionSupport-Spring Data Redis - Could not safely identify store assignment for repository candidate interface com.beyond.StomachForce.restaurant.repository.BookmarkRepository; If you want this repository to be a Redis repository, consider annotating your entities with one of these annotations: org.springframework.data.redis.core.RedisHash (preferred), or consider extending one of the following types with your repository: org.springframework.data.keyvalue.repository.KeyValueRepository
2025-02-37 16:43 o.s.d.r.c.RepositoryConfigurationExtensionSupport-Spring Data Redis - Could not safely identify store assignment for repository candidate interface com.beyond.StomachForce.restaurant.repository.RestaurantConvenienceRepository; If you want this repository to be a Redis repository, consider annotating your entities with one of these annotations: org.springframework.data.redis.core.RedisHash (preferred), or consider extending one of the following types with your repository: org.springframework.data.keyvalue.repository.KeyValueRepository
2025-02-37 16:43 o.s.d.r.c.RepositoryConfigurationExtensionSupport-Spring Data Redis - Could not safely identify store assignment for repository candidate interface com.beyond.StomachForce.restaurant.repository.RestaurantPhotoRepository; If you want this repository to be a Redis repository, consider annotating your entities with one of these annotations: org.springframework.data.redis.core.RedisHash (preferred), or consider extending one of the following types with your repository: org.springframework.data.keyvalue.repository.KeyValueRepository
2025-02-37 16:43 o.s.d.r.c.RepositoryConfigurationExtensionSupport-Spring Data Redis - Could not safely identify store assignment for repository candidate interface com.beyond.StomachForce.restaurant.repository.RestaurantRepository; If you want this repository to be a Redis repository, consider annotating your entities with one of these annotations: org.springframework.data.redis.core.RedisHash (preferred), or consider extending one of the following types with your repository: org.springframework.data.keyvalue.repository.KeyValueRepository
2025-02-37 16:43 o.s.d.r.c.RepositoryConfigurationExtensionSupport-Spring Data Redis - Could not safely identify store assignment for repository candidate interface com.beyond.StomachForce.review.repository.ReviewPhotoRepository; If you want this repository to be a Redis repository, consider annotating your entities with one of these annotations: org.springframework.data.redis.core.RedisHash (preferred), or consider extending one of the following types with your repository: org.springframework.data.keyvalue.repository.KeyValueRepository
2025-02-37 16:43 o.s.d.r.c.RepositoryConfigurationExtensionSupport-Spring Data Redis - Could not safely identify store assignment for repository candidate interface com.beyond.StomachForce.review.repository.ReviewRepository; If you want this repository to be a Redis repository, consider annotating your entities with one of these annotations: org.springframework.data.redis.core.RedisHash (preferred), or consider extending one of the following types with your repository: org.springframework.data.keyvalue.repository.KeyValueRepository
2025-02-37 16:43 o.s.d.r.c.RepositoryConfigurationExtensionSupport-Spring Data Redis - Could not safely identify store assignment for repository candidate interface com.beyond.StomachForce.User.repository.UserRepository; If you want this repository to be a Redis repository, consider annotating your entities with one of these annotations: org.springframework.data.redis.core.RedisHash (preferred), or consider extending one of the following types with your repository: org.springframework.data.keyvalue.repository.KeyValueRepository
2025-02-37 16:43 o.s.d.r.c.RepositoryConfigurationDelegate-Finished Spring Data repository scanning in 16 ms. Found 0 Redis repository interfaces.
2025-02-37 16:43 o.s.b.w.e.tomcat.TomcatWebServer-Tomcat initialized with port 8080 (http)
2025-02-37 16:43 o.a.coyote.http11.Http11NioProtocol-Initializing ProtocolHandler ["http-nio-8080"]
2025-02-37 16:43 o.a.catalina.core.StandardService-Starting service [Tomcat]
2025-02-37 16:43 o.a.catalina.core.StandardEngine-Starting Servlet engine: [Apache Tomcat/10.1.34]
2025-02-37 16:43 o.a.c.c.C.[Tomcat].[localhost].[/]-Initializing Spring embedded WebApplicationContext
2025-02-37 16:43 o.s.b.w.s.c.ServletWebServerApplicationContext-Root WebApplicationContext: initialization completed in 2171 ms
2025-02-37 16:43 o.h.jpa.internal.util.LogHelper-HHH000204: Processing PersistenceUnitInfo [name: default]
2025-02-37 16:43 org.hibernate.Version-HHH000412: Hibernate ORM core version 6.6.5.Final
2025-02-37 16:43 o.h.c.i.RegionFactoryInitiator-HHH000026: Second-level cache disabled
2025-02-37 16:43 o.s.o.j.p.SpringPersistenceUnitInfo-No LoadTimeWeaver setup: ignoring JPA class transformer
2025-02-37 16:43 com.zaxxer.hikari.HikariDataSource-HikariPool-1 - Starting...
2025-02-37 16:43 com.zaxxer.hikari.pool.HikariPool-HikariPool-1 - Added connection org.mariadb.jdbc.Connection@3e5ebdfe
2025-02-37 16:43 com.zaxxer.hikari.HikariDataSource-HikariPool-1 - Start completed.
2025-02-37 16:43 org.hibernate.orm.deprecation-HHH90000025: MariaDBDialect does not need to be specified explicitly using 'hibernate.dialect' (remove the property setting and it will be selected by default)
2025-02-37 16:44 o.hibernate.orm.connections.pooling-HHH10001005: Database info:
	Database JDBC URL [Connecting through datasource 'HikariDataSource (HikariPool-1)']
	Database driver: undefined/unknown
	Database version: 11.5.2
	Autocommit mode: undefined/unknown
	Isolation level: undefined/unknown
	Minimum pool size: undefined/unknown
	Maximum pool size: undefined/unknown
2025-02-37 16:44 o.h.e.t.j.p.i.JtaPlatformInitiator-HHH000489: No JTA platform available (set 'hibernate.transaction.jta.platform' to enable JTA platform integration)
2025-02-37 16:44 o.s.o.j.LocalContainerEntityManagerFactoryBean-Initialized JPA EntityManagerFactory for persistence unit 'default'
2025-02-37 16:44 o.s.d.j.r.query.QueryEnhancerFactory-Hibernate is in classpath; If applicable, HQL parser will be used.
2025-02-37 16:44 o.s.b.a.o.j.JpaBaseConfiguration$JpaWebConfiguration-spring.jpa.open-in-view is enabled by default. Therefore, database queries may be performed during view rendering. Explicitly configure spring.jpa.open-in-view to disable this warning
2025-02-37 16:44 o.s.b.a.s.s.UserDetailsServiceAutoConfiguration-

Using generated security password: 11d51580-d04f-45ae-8990-2676d44f24c0

This generated password is for development use only. Your security configuration must be updated before running your application in production.

2025-02-37 16:44 o.s.s.c.a.a.c.InitializeUserDetailsBeanManagerConfigurer$InitializeUserDetailsManagerConfigurer-Global AuthenticationManager configured with UserDetailsService bean with name inMemoryUserDetailsManager
2025-02-37 16:44 o.a.coyote.http11.Http11NioProtocol-Starting ProtocolHandler ["http-nio-8080"]
2025-02-37 16:44 o.s.b.w.e.tomcat.TomcatWebServer-Tomcat started on port 8080 (http) with context path '/'
2025-02-37 16:44 c.b.S.StomachForceApplication-Started StomachForceApplication in 8.152 seconds (process running for 8.748)
2025-02-37 16:44 o.a.c.c.C.[Tomcat].[localhost].[/]-Initializing Spring DispatcherServlet 'dispatcherServlet'
2025-02-37 16:44 o.s.web.servlet.DispatcherServlet-Initializing Servlet 'dispatcherServlet'
2025-02-37 16:44 o.s.web.servlet.DispatcherServlet-Completed initialization in 2 ms
2025-02-38 10:48 o.h.validator.internal.util.Version-HV000001: Hibernate Validator 8.0.2.Final
2025-02-38 10:48 c.b.S.StomachForceApplication-Starting StomachForceApplication using Java 17.0.13 with PID 14700 (C:\Users\Playdata\Desktop\be11-2nd-ChulungChulung-StomachForce-BE\build\classes\java\main started by Playdata in C:\Users\Playdata\Desktop\be11-2nd-ChulungChulung-StomachForce-BE)
2025-02-38 10:48 c.b.S.StomachForceApplication-No active profile set, falling back to 1 default profile: "default"
2025-02-38 10:48 o.s.d.r.c.RepositoryConfigurationDelegate-Multiple Spring Data modules found, entering strict repository configuration mode
2025-02-38 10:48 o.s.d.r.c.RepositoryConfigurationDelegate-Bootstrapping Spring Data JPA repositories in DEFAULT mode.
2025-02-38 10:48 o.s.d.r.c.RepositoryConfigurationDelegate-Finished Spring Data repository scanning in 267 ms. Found 10 JPA repository interfaces.
2025-02-38 10:48 o.s.d.r.c.RepositoryConfigurationDelegate-Multiple Spring Data modules found, entering strict repository configuration mode
2025-02-38 10:48 o.s.d.r.c.RepositoryConfigurationDelegate-Bootstrapping Spring Data Redis repositories in DEFAULT mode.
2025-02-38 10:48 o.s.d.r.c.RepositoryConfigurationExtensionSupport-Spring Data Redis - Could not safely identify store assignment for repository candidate interface com.beyond.StomachForce.Post.repository.LikeRepository; If you want this repository to be a Redis repository, consider annotating your entities with one of these annotations: org.springframework.data.redis.core.RedisHash (preferred), or consider extending one of the following types with your repository: org.springframework.data.keyvalue.repository.KeyValueRepository
2025-02-38 10:48 o.s.d.r.c.RepositoryConfigurationExtensionSupport-Spring Data Redis - Could not safely identify store assignment for repository candidate interface com.beyond.StomachForce.Post.repository.PostRepository; If you want this repository to be a Redis repository, consider annotating your entities with one of these annotations: org.springframework.data.redis.core.RedisHash (preferred), or consider extending one of the following types with your repository: org.springframework.data.keyvalue.repository.KeyValueRepository
2025-02-38 10:48 o.s.d.r.c.RepositoryConfigurationExtensionSupport-Spring Data Redis - Could not safely identify store assignment for repository candidate interface com.beyond.StomachForce.restaurant.repository.AddressRepository; If you want this repository to be a Redis repository, consider annotating your entities with one of these annotations: org.springframework.data.redis.core.RedisHash (preferred), or consider extending one of the following types with your repository: org.springframework.data.keyvalue.repository.KeyValueRepository
2025-02-38 10:48 o.s.d.r.c.RepositoryConfigurationExtensionSupport-Spring Data Redis - Could not safely identify store assignment for repository candidate interface com.beyond.StomachForce.restaurant.repository.BookmarkRepository; If you want this repository to be a Redis repository, consider annotating your entities with one of these annotations: org.springframework.data.redis.core.RedisHash (preferred), or consider extending one of the following types with your repository: org.springframework.data.keyvalue.repository.KeyValueRepository
2025-02-38 10:48 o.s.d.r.c.RepositoryConfigurationExtensionSupport-Spring Data Redis - Could not safely identify store assignment for repository candidate interface com.beyond.StomachForce.restaurant.repository.RestaurantConvenienceRepository; If you want this repository to be a Redis repository, consider annotating your entities with one of these annotations: org.springframework.data.redis.core.RedisHash (preferred), or consider extending one of the following types with your repository: org.springframework.data.keyvalue.repository.KeyValueRepository
2025-02-38 10:48 o.s.d.r.c.RepositoryConfigurationExtensionSupport-Spring Data Redis - Could not safely identify store assignment for repository candidate interface com.beyond.StomachForce.restaurant.repository.RestaurantPhotoRepository; If you want this repository to be a Redis repository, consider annotating your entities with one of these annotations: org.springframework.data.redis.core.RedisHash (preferred), or consider extending one of the following types with your repository: org.springframework.data.keyvalue.repository.KeyValueRepository
2025-02-38 10:48 o.s.d.r.c.RepositoryConfigurationExtensionSupport-Spring Data Redis - Could not safely identify store assignment for repository candidate interface com.beyond.StomachForce.restaurant.repository.RestaurantRepository; If you want this repository to be a Redis repository, consider annotating your entities with one of these annotations: org.springframework.data.redis.core.RedisHash (preferred), or consider extending one of the following types with your repository: org.springframework.data.keyvalue.repository.KeyValueRepository
2025-02-38 10:48 o.s.d.r.c.RepositoryConfigurationExtensionSupport-Spring Data Redis - Could not safely identify store assignment for repository candidate interface com.beyond.StomachForce.review.repository.ReviewPhotoRepository; If you want this repository to be a Redis repository, consider annotating your entities with one of these annotations: org.springframework.data.redis.core.RedisHash (preferred), or consider extending one of the following types with your repository: org.springframework.data.keyvalue.repository.KeyValueRepository
2025-02-38 10:48 o.s.d.r.c.RepositoryConfigurationExtensionSupport-Spring Data Redis - Could not safely identify store assignment for repository candidate interface com.beyond.StomachForce.review.repository.ReviewRepository; If you want this repository to be a Redis repository, consider annotating your entities with one of these annotations: org.springframework.data.redis.core.RedisHash (preferred), or consider extending one of the following types with your repository: org.springframework.data.keyvalue.repository.KeyValueRepository
2025-02-38 10:48 o.s.d.r.c.RepositoryConfigurationExtensionSupport-Spring Data Redis - Could not safely identify store assignment for repository candidate interface com.beyond.StomachForce.User.repository.UserRepository; If you want this repository to be a Redis repository, consider annotating your entities with one of these annotations: org.springframework.data.redis.core.RedisHash (preferred), or consider extending one of the following types with your repository: org.springframework.data.keyvalue.repository.KeyValueRepository
2025-02-38 10:48 o.s.d.r.c.RepositoryConfigurationDelegate-Finished Spring Data repository scanning in 69 ms. Found 0 Redis repository interfaces.
2025-02-38 10:48 o.s.b.w.e.tomcat.TomcatWebServer-Tomcat initialized with port 8080 (http)
2025-02-38 10:48 o.a.coyote.http11.Http11NioProtocol-Initializing ProtocolHandler ["http-nio-8080"]
2025-02-38 10:48 o.a.catalina.core.StandardService-Starting service [Tomcat]
2025-02-38 10:48 o.a.catalina.core.StandardEngine-Starting Servlet engine: [Apache Tomcat/10.1.34]
2025-02-38 10:48 o.a.c.c.C.[Tomcat].[localhost].[/]-Initializing Spring embedded WebApplicationContext
2025-02-38 10:48 o.s.b.w.s.c.ServletWebServerApplicationContext-Root WebApplicationContext: initialization completed in 2355 ms
2025-02-38 10:48 o.h.jpa.internal.util.LogHelper-HHH000204: Processing PersistenceUnitInfo [name: default]
2025-02-38 10:48 org.hibernate.Version-HHH000412: Hibernate ORM core version 6.6.5.Final
2025-02-38 10:48 o.h.c.i.RegionFactoryInitiator-HHH000026: Second-level cache disabled
2025-02-38 10:48 o.s.o.j.p.SpringPersistenceUnitInfo-No LoadTimeWeaver setup: ignoring JPA class transformer
2025-02-38 10:48 com.zaxxer.hikari.HikariDataSource-HikariPool-1 - Starting...
2025-02-38 10:48 o.m.jdbc.message.server.ErrorPacket-Error: 1049-42000: Unknown database 'stomachforce'
2025-02-38 10:48 o.h.e.jdbc.spi.SqlExceptionHelper-SQL Error: 1049, SQLState: 42000
2025-02-38 10:48 o.h.e.jdbc.spi.SqlExceptionHelper-(conn=651) Unknown database 'stomachforce'
2025-02-38 10:48 o.h.e.j.e.i.JdbcEnvironmentInitiator-HHH000342: Could not obtain connection to query metadata
org.hibernate.exception.SQLGrammarException: unable to obtain isolated JDBC connection [(conn=651) Unknown database 'stomachforce'] [n/a]
	at org.hibernate.exception.internal.SQLStateConversionDelegate.convert(SQLStateConversionDelegate.java:91)
	at org.hibernate.exception.internal.StandardSQLExceptionConverter.convert(StandardSQLExceptionConverter.java:58)
	at org.hibernate.engine.jdbc.spi.SqlExceptionHelper.convert(SqlExceptionHelper.java:108)
	at org.hibernate.engine.jdbc.spi.SqlExceptionHelper.convert(SqlExceptionHelper.java:94)
	at org.hibernate.resource.transaction.backend.jdbc.internal.JdbcIsolationDelegate.delegateWork(JdbcIsolationDelegate.java:116)
	at org.hibernate.engine.jdbc.env.internal.JdbcEnvironmentInitiator.getJdbcEnvironmentUsingJdbcMetadata(JdbcEnvironmentInitiator.java:320)
	at org.hibernate.engine.jdbc.env.internal.JdbcEnvironmentInitiator.initiateService(JdbcEnvironmentInitiator.java:129)
	at org.hibernate.engine.jdbc.env.internal.JdbcEnvironmentInitiator.initiateService(JdbcEnvironmentInitiator.java:81)
	at org.hibernate.boot.registry.internal.StandardServiceRegistryImpl.initiateService(StandardServiceRegistryImpl.java:130)
	at org.hibernate.service.internal.AbstractServiceRegistryImpl.createService(AbstractServiceRegistryImpl.java:263)
	at org.hibernate.service.internal.AbstractServiceRegistryImpl.initializeService(AbstractServiceRegistryImpl.java:238)
	at org.hibernate.service.internal.AbstractServiceRegistryImpl.getService(AbstractServiceRegistryImpl.java:215)
	at org.hibernate.boot.model.relational.Database.<init>(Database.java:45)
	at org.hibernate.boot.internal.InFlightMetadataCollectorImpl.getDatabase(InFlightMetadataCollectorImpl.java:226)
	at org.hibernate.boot.internal.InFlightMetadataCollectorImpl.<init>(InFlightMetadataCollectorImpl.java:194)
	at org.hibernate.boot.model.process.spi.MetadataBuildingProcess.complete(MetadataBuildingProcess.java:171)
	at org.hibernate.jpa.boot.internal.EntityManagerFactoryBuilderImpl.metadata(EntityManagerFactoryBuilderImpl.java:1431)
	at org.hibernate.jpa.boot.internal.EntityManagerFactoryBuilderImpl.build(EntityManagerFactoryBuilderImpl.java:1502)
	at org.springframework.orm.jpa.vendor.SpringHibernateJpaPersistenceProvider.createContainerEntityManagerFactory(SpringHibernateJpaPersistenceProvider.java:66)
	at org.springframework.orm.jpa.LocalContainerEntityManagerFactoryBean.createNativeEntityManagerFactory(LocalContainerEntityManagerFactoryBean.java:390)
	at org.springframework.orm.jpa.AbstractEntityManagerFactoryBean.buildNativeEntityManagerFactory(AbstractEntityManagerFactoryBean.java:419)
	at org.springframework.orm.jpa.AbstractEntityManagerFactoryBean.afterPropertiesSet(AbstractEntityManagerFactoryBean.java:400)
	at org.springframework.orm.jpa.LocalContainerEntityManagerFactoryBean.afterPropertiesSet(LocalContainerEntityManagerFactoryBean.java:366)
	at org.springframework.beans.factory.support.AbstractAutowireCapableBeanFactory.invokeInitMethods(AbstractAutowireCapableBeanFactory.java:1859)
	at org.springframework.beans.factory.support.AbstractAutowireCapableBeanFactory.initializeBean(AbstractAutowireCapableBeanFactory.java:1808)
	at org.springframework.beans.factory.support.AbstractAutowireCapableBeanFactory.doCreateBean(AbstractAutowireCapableBeanFactory.java:601)
	at org.springframework.beans.factory.support.AbstractAutowireCapableBeanFactory.createBean(AbstractAutowireCapableBeanFactory.java:523)
	at org.springframework.beans.factory.support.AbstractBeanFactory.lambda$doGetBean$0(AbstractBeanFactory.java:336)
	at org.springframework.beans.factory.support.DefaultSingletonBeanRegistry.getSingleton(DefaultSingletonBeanRegistry.java:307)
	at org.springframework.beans.factory.support.AbstractBeanFactory.doGetBean(AbstractBeanFactory.java:334)
	at org.springframework.beans.factory.support.AbstractBeanFactory.getBean(AbstractBeanFactory.java:204)
	at org.springframework.context.support.AbstractApplicationContext.finishBeanFactoryInitialization(AbstractApplicationContext.java:970)
	at org.springframework.context.support.AbstractApplicationContext.refresh(AbstractApplicationContext.java:627)
	at org.springframework.boot.web.servlet.context.ServletWebServerApplicationContext.refresh(ServletWebServerApplicationContext.java:146)
	at org.springframework.boot.SpringApplication.refresh(SpringApplication.java:752)
	at org.springframework.boot.SpringApplication.refreshContext(SpringApplication.java:439)
	at org.springframework.boot.SpringApplication.run(SpringApplication.java:318)
	at org.springframework.boot.SpringApplication.run(SpringApplication.java:1361)
	at org.springframework.boot.SpringApplication.run(SpringApplication.java:1350)
	at com.beyond.StomachForce.StomachForceApplication.main(StomachForceApplication.java:9)
Caused by: java.sql.SQLSyntaxErrorException: (conn=651) Unknown database 'stomachforce'
	at org.mariadb.jdbc.export.ExceptionFactory.createException(ExceptionFactory.java:289)
	at org.mariadb.jdbc.export.ExceptionFactory.create(ExceptionFactory.java:378)
	at org.mariadb.jdbc.client.impl.StandardClient.authenticationHandler(StandardClient.java:306)
	at org.mariadb.jdbc.client.impl.StandardClient.<init>(StandardClient.java:226)
	at org.mariadb.jdbc.Driver.connect(Driver.java:68)
	at org.mariadb.jdbc.Driver.connect(Driver.java:92)
	at org.mariadb.jdbc.Driver.connect(Driver.java:26)
	at com.zaxxer.hikari.util.DriverDataSource.getConnection(DriverDataSource.java:137)
	at com.zaxxer.hikari.pool.PoolBase.newConnection(PoolBase.java:360)
	at com.zaxxer.hikari.pool.PoolBase.newPoolEntry(PoolBase.java:202)
	at com.zaxxer.hikari.pool.HikariPool.createPoolEntry(HikariPool.java:461)
	at com.zaxxer.hikari.pool.HikariPool.checkFailFast(HikariPool.java:550)
	at com.zaxxer.hikari.pool.HikariPool.<init>(HikariPool.java:98)
	at com.zaxxer.hikari.HikariDataSource.getConnection(HikariDataSource.java:111)
	at org.hibernate.engine.jdbc.connections.internal.DatasourceConnectionProviderImpl.getConnection(DatasourceConnectionProviderImpl.java:126)
	at org.hibernate.engine.jdbc.env.internal.JdbcEnvironmentInitiator$ConnectionProviderJdbcConnectionAccess.obtainConnection(JdbcEnvironmentInitiator.java:467)
	at org.hibernate.resource.transaction.backend.jdbc.internal.JdbcIsolationDelegate.delegateWork(JdbcIsolationDelegate.java:61)
	... 35 common frames omitted
2025-02-38 10:48 org.hibernate.orm.deprecation-HHH90000025: MariaDBDialect does not need to be specified explicitly using 'hibernate.dialect' (remove the property setting and it will be selected by default)
2025-02-38 10:48 o.hibernate.orm.connections.pooling-HHH10001005: Database info:
	Database JDBC URL [Connecting through datasource 'HikariDataSource (null)']
	Database driver: undefined/unknown
	Database version: 10.4
	Autocommit mode: undefined/unknown
	Isolation level: undefined/unknown
	Minimum pool size: undefined/unknown
	Maximum pool size: undefined/unknown
2025-02-38 10:48 o.h.e.t.j.p.i.JtaPlatformInitiator-HHH000489: No JTA platform available (set 'hibernate.transaction.jta.platform' to enable JTA platform integration)
2025-02-38 10:48 com.zaxxer.hikari.HikariDataSource-HikariPool-1 - Starting...
2025-02-38 10:48 o.m.jdbc.message.server.ErrorPacket-Error: 1049-42000: Unknown database 'stomachforce'
2025-02-38 10:48 o.h.e.jdbc.spi.SqlExceptionHelper-SQL Error: 1049, SQLState: 42000
2025-02-38 10:48 o.h.e.jdbc.spi.SqlExceptionHelper-(conn=652) Unknown database 'stomachforce'
2025-02-38 10:48 o.s.o.j.LocalContainerEntityManagerFactoryBean-Failed to initialize JPA EntityManagerFactory: [PersistenceUnit: default] Unable to build Hibernate SessionFactory; nested exception is org.hibernate.exception.SQLGrammarException: Unable to open JDBC Connection for DDL execution [(conn=652) Unknown database 'stomachforce'] [n/a]
2025-02-38 10:48 o.s.b.w.s.c.AnnotationConfigServletWebServerApplicationContext-Exception encountered during context initialization - cancelling refresh attempt: org.springframework.beans.factory.BeanCreationException: Error creating bean with name 'entityManagerFactory' defined in class path resource [org/springframework/boot/autoconfigure/orm/jpa/HibernateJpaConfiguration.class]: [PersistenceUnit: default] Unable to build Hibernate SessionFactory; nested exception is org.hibernate.exception.SQLGrammarException: Unable to open JDBC Connection for DDL execution [(conn=652) Unknown database 'stomachforce'] [n/a]
2025-02-38 10:48 o.a.catalina.core.StandardService-Stopping service [Tomcat]
2025-02-38 10:48 o.s.b.a.l.ConditionEvaluationReportLogger-

Error starting ApplicationContext. To display the condition evaluation report re-run your application with 'debug' enabled.
2025-02-38 10:48 o.s.boot.SpringApplication-Application run failed
org.springframework.beans.factory.BeanCreationException: Error creating bean with name 'entityManagerFactory' defined in class path resource [org/springframework/boot/autoconfigure/orm/jpa/HibernateJpaConfiguration.class]: [PersistenceUnit: default] Unable to build Hibernate SessionFactory; nested exception is org.hibernate.exception.SQLGrammarException: Unable to open JDBC Connection for DDL execution [(conn=652) Unknown database 'stomachforce'] [n/a]
	at org.springframework.beans.factory.support.AbstractAutowireCapableBeanFactory.initializeBean(AbstractAutowireCapableBeanFactory.java:1812)
	at org.springframework.beans.factory.support.AbstractAutowireCapableBeanFactory.doCreateBean(AbstractAutowireCapableBeanFactory.java:601)
	at org.springframework.beans.factory.support.AbstractAutowireCapableBeanFactory.createBean(AbstractAutowireCapableBeanFactory.java:523)
	at org.springframework.beans.factory.support.AbstractBeanFactory.lambda$doGetBean$0(AbstractBeanFactory.java:336)
	at org.springframework.beans.factory.support.DefaultSingletonBeanRegistry.getSingleton(DefaultSingletonBeanRegistry.java:307)
	at org.springframework.beans.factory.support.AbstractBeanFactory.doGetBean(AbstractBeanFactory.java:334)
	at org.springframework.beans.factory.support.AbstractBeanFactory.getBean(AbstractBeanFactory.java:204)
	at org.springframework.context.support.AbstractApplicationContext.finishBeanFactoryInitialization(AbstractApplicationContext.java:970)
	at org.springframework.context.support.AbstractApplicationContext.refresh(AbstractApplicationContext.java:627)
	at org.springframework.boot.web.servlet.context.ServletWebServerApplicationContext.refresh(ServletWebServerApplicationContext.java:146)
	at org.springframework.boot.SpringApplication.refresh(SpringApplication.java:752)
	at org.springframework.boot.SpringApplication.refreshContext(SpringApplication.java:439)
	at org.springframework.boot.SpringApplication.run(SpringApplication.java:318)
	at org.springframework.boot.SpringApplication.run(SpringApplication.java:1361)
	at org.springframework.boot.SpringApplication.run(SpringApplication.java:1350)
	at com.beyond.StomachForce.StomachForceApplication.main(StomachForceApplication.java:9)
Caused by: jakarta.persistence.PersistenceException: [PersistenceUnit: default] Unable to build Hibernate SessionFactory; nested exception is org.hibernate.exception.SQLGrammarException: Unable to open JDBC Connection for DDL execution [(conn=652) Unknown database 'stomachforce'] [n/a]
	at org.springframework.orm.jpa.AbstractEntityManagerFactoryBean.buildNativeEntityManagerFactory(AbstractEntityManagerFactoryBean.java:431)
	at org.springframework.orm.jpa.AbstractEntityManagerFactoryBean.afterPropertiesSet(AbstractEntityManagerFactoryBean.java:400)
	at org.springframework.orm.jpa.LocalContainerEntityManagerFactoryBean.afterPropertiesSet(LocalContainerEntityManagerFactoryBean.java:366)
	at org.springframework.beans.factory.support.AbstractAutowireCapableBeanFactory.invokeInitMethods(AbstractAutowireCapableBeanFactory.java:1859)
	at org.springframework.beans.factory.support.AbstractAutowireCapableBeanFactory.initializeBean(AbstractAutowireCapableBeanFactory.java:1808)
	... 15 common frames omitted
Caused by: org.hibernate.exception.SQLGrammarException: Unable to open JDBC Connection for DDL execution [(conn=652) Unknown database 'stomachforce'] [n/a]
	at org.hibernate.exception.internal.SQLExceptionTypeDelegate.convert(SQLExceptionTypeDelegate.java:66)
	at org.hibernate.exception.internal.StandardSQLExceptionConverter.convert(StandardSQLExceptionConverter.java:58)
	at org.hibernate.engine.jdbc.spi.SqlExceptionHelper.convert(SqlExceptionHelper.java:108)
	at org.hibernate.engine.jdbc.spi.SqlExceptionHelper.convert(SqlExceptionHelper.java:94)
	at org.hibernate.resource.transaction.backend.jdbc.internal.DdlTransactionIsolatorNonJtaImpl.getIsolatedConnection(DdlTransactionIsolatorNonJtaImpl.java:74)
	at org.hibernate.tool.schema.internal.exec.GenerationTargetToDatabase.getIsolatedConnection(GenerationTargetToDatabase.java:60)
	at org.hibernate.tool.schema.internal.exec.GenerationTargetToDatabase.jdbcStatement(GenerationTargetToDatabase.java:112)
	at org.hibernate.tool.schema.internal.exec.GenerationTargetToDatabase.accept(GenerationTargetToDatabase.java:79)
	at org.hibernate.tool.schema.internal.Helper.applySqlString(Helper.java:233)
	at org.hibernate.tool.schema.internal.Helper.applySqlStrings(Helper.java:217)
	at org.hibernate.tool.schema.internal.SchemaDropperImpl.applyConstraintDropping(SchemaDropperImpl.java:479)
	at org.hibernate.tool.schema.internal.SchemaDropperImpl.dropConstraintsTablesSequences(SchemaDropperImpl.java:245)
	at org.hibernate.tool.schema.internal.SchemaDropperImpl.dropFromMetadata(SchemaDropperImpl.java:218)
	at org.hibernate.tool.schema.internal.SchemaDropperImpl.performDrop(SchemaDropperImpl.java:186)
	at org.hibernate.tool.schema.internal.SchemaDropperImpl.doDrop(SchemaDropperImpl.java:156)
	at org.hibernate.tool.schema.internal.SchemaDropperImpl.doDrop(SchemaDropperImpl.java:116)
	at org.hibernate.tool.schema.spi.SchemaManagementToolCoordinator.performDatabaseAction(SchemaManagementToolCoordinator.java:238)
	at org.hibernate.tool.schema.spi.SchemaManagementToolCoordinator.lambda$process$5(SchemaManagementToolCoordinator.java:144)
	at java.base/java.util.HashMap.forEach(HashMap.java:1421)
	at org.hibernate.tool.schema.spi.SchemaManagementToolCoordinator.process(SchemaManagementToolCoordinator.java:141)
	at org.hibernate.boot.internal.SessionFactoryObserverForSchemaExport.sessionFactoryCreated(SessionFactoryObserverForSchemaExport.java:37)
	at org.hibernate.internal.SessionFactoryObserverChain.sessionFactoryCreated(SessionFactoryObserverChain.java:35)
	at org.hibernate.internal.SessionFactoryImpl.<init>(SessionFactoryImpl.java:324)
	at org.hibernate.boot.internal.SessionFactoryBuilderImpl.build(SessionFactoryBuilderImpl.java:463)
	at org.hibernate.jpa.boot.internal.EntityManagerFactoryBuilderImpl.build(EntityManagerFactoryBuilderImpl.java:1506)
	at org.springframework.orm.jpa.vendor.SpringHibernateJpaPersistenceProvider.createContainerEntityManagerFactory(SpringHibernateJpaPersistenceProvider.java:66)
	at org.springframework.orm.jpa.LocalContainerEntityManagerFactoryBean.createNativeEntityManagerFactory(LocalContainerEntityManagerFactoryBean.java:390)
	at org.springframework.orm.jpa.AbstractEntityManagerFactoryBean.buildNativeEntityManagerFactory(AbstractEntityManagerFactoryBean.java:419)
	... 19 common frames omitted
Caused by: java.sql.SQLSyntaxErrorException: (conn=652) Unknown database 'stomachforce'
	at org.mariadb.jdbc.export.ExceptionFactory.createException(ExceptionFactory.java:289)
	at org.mariadb.jdbc.export.ExceptionFactory.create(ExceptionFactory.java:378)
	at org.mariadb.jdbc.client.impl.StandardClient.authenticationHandler(StandardClient.java:306)
	at org.mariadb.jdbc.client.impl.StandardClient.<init>(StandardClient.java:226)
	at org.mariadb.jdbc.Driver.connect(Driver.java:68)
	at org.mariadb.jdbc.Driver.connect(Driver.java:92)
	at org.mariadb.jdbc.Driver.connect(Driver.java:26)
	at com.zaxxer.hikari.util.DriverDataSource.getConnection(DriverDataSource.java:137)
	at com.zaxxer.hikari.pool.PoolBase.newConnection(PoolBase.java:360)
	at com.zaxxer.hikari.pool.PoolBase.newPoolEntry(PoolBase.java:202)
	at com.zaxxer.hikari.pool.HikariPool.createPoolEntry(HikariPool.java:461)
	at com.zaxxer.hikari.pool.HikariPool.checkFailFast(HikariPool.java:550)
	at com.zaxxer.hikari.pool.HikariPool.<init>(HikariPool.java:98)
	at com.zaxxer.hikari.HikariDataSource.getConnection(HikariDataSource.java:111)
	at org.hibernate.engine.jdbc.connections.internal.DatasourceConnectionProviderImpl.getConnection(DatasourceConnectionProviderImpl.java:126)
	at org.hibernate.engine.jdbc.env.internal.JdbcEnvironmentInitiator$ConnectionProviderJdbcConnectionAccess.obtainConnection(JdbcEnvironmentInitiator.java:467)
	at org.hibernate.resource.transaction.backend.jdbc.internal.DdlTransactionIsolatorNonJtaImpl.getIsolatedConnection(DdlTransactionIsolatorNonJtaImpl.java:46)
	... 42 common frames omitted
2025-02-38 10:49 o.h.validator.internal.util.Version-HV000001: Hibernate Validator 8.0.2.Final
2025-02-38 10:49 c.b.S.StomachForceApplication-Starting StomachForceApplication using Java 17.0.13 with PID 9512 (C:\Users\Playdata\Desktop\be11-2nd-ChulungChulung-StomachForce-BE\build\classes\java\main started by Playdata in C:\Users\Playdata\Desktop\be11-2nd-ChulungChulung-StomachForce-BE)
2025-02-38 10:49 c.b.S.StomachForceApplication-No active profile set, falling back to 1 default profile: "default"
2025-02-38 10:49 o.s.d.r.c.RepositoryConfigurationDelegate-Multiple Spring Data modules found, entering strict repository configuration mode
2025-02-38 10:49 o.s.d.r.c.RepositoryConfigurationDelegate-Bootstrapping Spring Data JPA repositories in DEFAULT mode.
2025-02-38 10:49 o.s.d.r.c.RepositoryConfigurationDelegate-Finished Spring Data repository scanning in 301 ms. Found 10 JPA repository interfaces.
2025-02-38 10:49 o.s.d.r.c.RepositoryConfigurationDelegate-Multiple Spring Data modules found, entering strict repository configuration mode
2025-02-38 10:49 o.s.d.r.c.RepositoryConfigurationDelegate-Bootstrapping Spring Data Redis repositories in DEFAULT mode.
2025-02-38 10:49 o.s.d.r.c.RepositoryConfigurationExtensionSupport-Spring Data Redis - Could not safely identify store assignment for repository candidate interface com.beyond.StomachForce.Post.repository.LikeRepository; If you want this repository to be a Redis repository, consider annotating your entities with one of these annotations: org.springframework.data.redis.core.RedisHash (preferred), or consider extending one of the following types with your repository: org.springframework.data.keyvalue.repository.KeyValueRepository
2025-02-38 10:49 o.s.d.r.c.RepositoryConfigurationExtensionSupport-Spring Data Redis - Could not safely identify store assignment for repository candidate interface com.beyond.StomachForce.Post.repository.PostRepository; If you want this repository to be a Redis repository, consider annotating your entities with one of these annotations: org.springframework.data.redis.core.RedisHash (preferred), or consider extending one of the following types with your repository: org.springframework.data.keyvalue.repository.KeyValueRepository
2025-02-38 10:49 o.s.d.r.c.RepositoryConfigurationExtensionSupport-Spring Data Redis - Could not safely identify store assignment for repository candidate interface com.beyond.StomachForce.restaurant.repository.AddressRepository; If you want this repository to be a Redis repository, consider annotating your entities with one of these annotations: org.springframework.data.redis.core.RedisHash (preferred), or consider extending one of the following types with your repository: org.springframework.data.keyvalue.repository.KeyValueRepository
2025-02-38 10:49 o.s.d.r.c.RepositoryConfigurationExtensionSupport-Spring Data Redis - Could not safely identify store assignment for repository candidate interface com.beyond.StomachForce.restaurant.repository.BookmarkRepository; If you want this repository to be a Redis repository, consider annotating your entities with one of these annotations: org.springframework.data.redis.core.RedisHash (preferred), or consider extending one of the following types with your repository: org.springframework.data.keyvalue.repository.KeyValueRepository
2025-02-38 10:49 o.s.d.r.c.RepositoryConfigurationExtensionSupport-Spring Data Redis - Could not safely identify store assignment for repository candidate interface com.beyond.StomachForce.restaurant.repository.RestaurantConvenienceRepository; If you want this repository to be a Redis repository, consider annotating your entities with one of these annotations: org.springframework.data.redis.core.RedisHash (preferred), or consider extending one of the following types with your repository: org.springframework.data.keyvalue.repository.KeyValueRepository
2025-02-38 10:49 o.s.d.r.c.RepositoryConfigurationExtensionSupport-Spring Data Redis - Could not safely identify store assignment for repository candidate interface com.beyond.StomachForce.restaurant.repository.RestaurantPhotoRepository; If you want this repository to be a Redis repository, consider annotating your entities with one of these annotations: org.springframework.data.redis.core.RedisHash (preferred), or consider extending one of the following types with your repository: org.springframework.data.keyvalue.repository.KeyValueRepository
2025-02-38 10:49 o.s.d.r.c.RepositoryConfigurationExtensionSupport-Spring Data Redis - Could not safely identify store assignment for repository candidate interface com.beyond.StomachForce.restaurant.repository.RestaurantRepository; If you want this repository to be a Redis repository, consider annotating your entities with one of these annotations: org.springframework.data.redis.core.RedisHash (preferred), or consider extending one of the following types with your repository: org.springframework.data.keyvalue.repository.KeyValueRepository
2025-02-38 10:49 o.s.d.r.c.RepositoryConfigurationExtensionSupport-Spring Data Redis - Could not safely identify store assignment for repository candidate interface com.beyond.StomachForce.review.repository.ReviewPhotoRepository; If you want this repository to be a Redis repository, consider annotating your entities with one of these annotations: org.springframework.data.redis.core.RedisHash (preferred), or consider extending one of the following types with your repository: org.springframework.data.keyvalue.repository.KeyValueRepository
2025-02-38 10:49 o.s.d.r.c.RepositoryConfigurationExtensionSupport-Spring Data Redis - Could not safely identify store assignment for repository candidate interface com.beyond.StomachForce.review.repository.ReviewRepository; If you want this repository to be a Redis repository, consider annotating your entities with one of these annotations: org.springframework.data.redis.core.RedisHash (preferred), or consider extending one of the following types with your repository: org.springframework.data.keyvalue.repository.KeyValueRepository
2025-02-38 10:49 o.s.d.r.c.RepositoryConfigurationExtensionSupport-Spring Data Redis - Could not safely identify store assignment for repository candidate interface com.beyond.StomachForce.User.repository.UserRepository; If you want this repository to be a Redis repository, consider annotating your entities with one of these annotations: org.springframework.data.redis.core.RedisHash (preferred), or consider extending one of the following types with your repository: org.springframework.data.keyvalue.repository.KeyValueRepository
2025-02-38 10:49 o.s.d.r.c.RepositoryConfigurationDelegate-Finished Spring Data repository scanning in 64 ms. Found 0 Redis repository interfaces.
2025-02-38 10:49 o.s.b.w.e.tomcat.TomcatWebServer-Tomcat initialized with port 8080 (http)
2025-02-38 10:49 o.a.coyote.http11.Http11NioProtocol-Initializing ProtocolHandler ["http-nio-8080"]
2025-02-38 10:49 o.a.catalina.core.StandardService-Starting service [Tomcat]
2025-02-38 10:49 o.a.catalina.core.StandardEngine-Starting Servlet engine: [Apache Tomcat/10.1.34]
2025-02-38 10:49 o.a.c.c.C.[Tomcat].[localhost].[/]-Initializing Spring embedded WebApplicationContext
2025-02-38 10:49 o.s.b.w.s.c.ServletWebServerApplicationContext-Root WebApplicationContext: initialization completed in 2355 ms
2025-02-38 10:49 o.h.jpa.internal.util.LogHelper-HHH000204: Processing PersistenceUnitInfo [name: default]
2025-02-38 10:49 org.hibernate.Version-HHH000412: Hibernate ORM core version 6.6.5.Final
2025-02-38 10:49 o.h.c.i.RegionFactoryInitiator-HHH000026: Second-level cache disabled
2025-02-38 10:49 o.s.o.j.p.SpringPersistenceUnitInfo-No LoadTimeWeaver setup: ignoring JPA class transformer
2025-02-38 10:49 com.zaxxer.hikari.HikariDataSource-HikariPool-1 - Starting...
2025-02-38 10:49 o.m.jdbc.message.server.ErrorPacket-Error: 1049-42000: Unknown database 'stomachforce'
2025-02-38 10:49 o.h.e.jdbc.spi.SqlExceptionHelper-SQL Error: 1049, SQLState: 42000
2025-02-38 10:49 o.h.e.jdbc.spi.SqlExceptionHelper-(conn=653) Unknown database 'stomachforce'
2025-02-38 10:49 o.h.e.j.e.i.JdbcEnvironmentInitiator-HHH000342: Could not obtain connection to query metadata
org.hibernate.exception.SQLGrammarException: unable to obtain isolated JDBC connection [(conn=653) Unknown database 'stomachforce'] [n/a]
	at org.hibernate.exception.internal.SQLStateConversionDelegate.convert(SQLStateConversionDelegate.java:91)
	at org.hibernate.exception.internal.StandardSQLExceptionConverter.convert(StandardSQLExceptionConverter.java:58)
	at org.hibernate.engine.jdbc.spi.SqlExceptionHelper.convert(SqlExceptionHelper.java:108)
	at org.hibernate.engine.jdbc.spi.SqlExceptionHelper.convert(SqlExceptionHelper.java:94)
	at org.hibernate.resource.transaction.backend.jdbc.internal.JdbcIsolationDelegate.delegateWork(JdbcIsolationDelegate.java:116)
	at org.hibernate.engine.jdbc.env.internal.JdbcEnvironmentInitiator.getJdbcEnvironmentUsingJdbcMetadata(JdbcEnvironmentInitiator.java:320)
	at org.hibernate.engine.jdbc.env.internal.JdbcEnvironmentInitiator.initiateService(JdbcEnvironmentInitiator.java:129)
	at org.hibernate.engine.jdbc.env.internal.JdbcEnvironmentInitiator.initiateService(JdbcEnvironmentInitiator.java:81)
	at org.hibernate.boot.registry.internal.StandardServiceRegistryImpl.initiateService(StandardServiceRegistryImpl.java:130)
	at org.hibernate.service.internal.AbstractServiceRegistryImpl.createService(AbstractServiceRegistryImpl.java:263)
	at org.hibernate.service.internal.AbstractServiceRegistryImpl.initializeService(AbstractServiceRegistryImpl.java:238)
	at org.hibernate.service.internal.AbstractServiceRegistryImpl.getService(AbstractServiceRegistryImpl.java:215)
	at org.hibernate.boot.model.relational.Database.<init>(Database.java:45)
	at org.hibernate.boot.internal.InFlightMetadataCollectorImpl.getDatabase(InFlightMetadataCollectorImpl.java:226)
	at org.hibernate.boot.internal.InFlightMetadataCollectorImpl.<init>(InFlightMetadataCollectorImpl.java:194)
	at org.hibernate.boot.model.process.spi.MetadataBuildingProcess.complete(MetadataBuildingProcess.java:171)
	at org.hibernate.jpa.boot.internal.EntityManagerFactoryBuilderImpl.metadata(EntityManagerFactoryBuilderImpl.java:1431)
	at org.hibernate.jpa.boot.internal.EntityManagerFactoryBuilderImpl.build(EntityManagerFactoryBuilderImpl.java:1502)
	at org.springframework.orm.jpa.vendor.SpringHibernateJpaPersistenceProvider.createContainerEntityManagerFactory(SpringHibernateJpaPersistenceProvider.java:66)
	at org.springframework.orm.jpa.LocalContainerEntityManagerFactoryBean.createNativeEntityManagerFactory(LocalContainerEntityManagerFactoryBean.java:390)
	at org.springframework.orm.jpa.AbstractEntityManagerFactoryBean.buildNativeEntityManagerFactory(AbstractEntityManagerFactoryBean.java:419)
	at org.springframework.orm.jpa.AbstractEntityManagerFactoryBean.afterPropertiesSet(AbstractEntityManagerFactoryBean.java:400)
	at org.springframework.orm.jpa.LocalContainerEntityManagerFactoryBean.afterPropertiesSet(LocalContainerEntityManagerFactoryBean.java:366)
	at org.springframework.beans.factory.support.AbstractAutowireCapableBeanFactory.invokeInitMethods(AbstractAutowireCapableBeanFactory.java:1859)
	at org.springframework.beans.factory.support.AbstractAutowireCapableBeanFactory.initializeBean(AbstractAutowireCapableBeanFactory.java:1808)
	at org.springframework.beans.factory.support.AbstractAutowireCapableBeanFactory.doCreateBean(AbstractAutowireCapableBeanFactory.java:601)
	at org.springframework.beans.factory.support.AbstractAutowireCapableBeanFactory.createBean(AbstractAutowireCapableBeanFactory.java:523)
	at org.springframework.beans.factory.support.AbstractBeanFactory.lambda$doGetBean$0(AbstractBeanFactory.java:336)
	at org.springframework.beans.factory.support.DefaultSingletonBeanRegistry.getSingleton(DefaultSingletonBeanRegistry.java:307)
	at org.springframework.beans.factory.support.AbstractBeanFactory.doGetBean(AbstractBeanFactory.java:334)
	at org.springframework.beans.factory.support.AbstractBeanFactory.getBean(AbstractBeanFactory.java:204)
	at org.springframework.context.support.AbstractApplicationContext.finishBeanFactoryInitialization(AbstractApplicationContext.java:970)
	at org.springframework.context.support.AbstractApplicationContext.refresh(AbstractApplicationContext.java:627)
	at org.springframework.boot.web.servlet.context.ServletWebServerApplicationContext.refresh(ServletWebServerApplicationContext.java:146)
	at org.springframework.boot.SpringApplication.refresh(SpringApplication.java:752)
	at org.springframework.boot.SpringApplication.refreshContext(SpringApplication.java:439)
	at org.springframework.boot.SpringApplication.run(SpringApplication.java:318)
	at org.springframework.boot.SpringApplication.run(SpringApplication.java:1361)
	at org.springframework.boot.SpringApplication.run(SpringApplication.java:1350)
	at com.beyond.StomachForce.StomachForceApplication.main(StomachForceApplication.java:9)
Caused by: java.sql.SQLSyntaxErrorException: (conn=653) Unknown database 'stomachforce'
	at org.mariadb.jdbc.export.ExceptionFactory.createException(ExceptionFactory.java:289)
	at org.mariadb.jdbc.export.ExceptionFactory.create(ExceptionFactory.java:378)
	at org.mariadb.jdbc.client.impl.StandardClient.authenticationHandler(StandardClient.java:306)
	at org.mariadb.jdbc.client.impl.StandardClient.<init>(StandardClient.java:226)
	at org.mariadb.jdbc.Driver.connect(Driver.java:68)
	at org.mariadb.jdbc.Driver.connect(Driver.java:92)
	at org.mariadb.jdbc.Driver.connect(Driver.java:26)
	at com.zaxxer.hikari.util.DriverDataSource.getConnection(DriverDataSource.java:137)
	at com.zaxxer.hikari.pool.PoolBase.newConnection(PoolBase.java:360)
	at com.zaxxer.hikari.pool.PoolBase.newPoolEntry(PoolBase.java:202)
	at com.zaxxer.hikari.pool.HikariPool.createPoolEntry(HikariPool.java:461)
	at com.zaxxer.hikari.pool.HikariPool.checkFailFast(HikariPool.java:550)
	at com.zaxxer.hikari.pool.HikariPool.<init>(HikariPool.java:98)
	at com.zaxxer.hikari.HikariDataSource.getConnection(HikariDataSource.java:111)
	at org.hibernate.engine.jdbc.connections.internal.DatasourceConnectionProviderImpl.getConnection(DatasourceConnectionProviderImpl.java:126)
	at org.hibernate.engine.jdbc.env.internal.JdbcEnvironmentInitiator$ConnectionProviderJdbcConnectionAccess.obtainConnection(JdbcEnvironmentInitiator.java:467)
	at org.hibernate.resource.transaction.backend.jdbc.internal.JdbcIsolationDelegate.delegateWork(JdbcIsolationDelegate.java:61)
	... 35 common frames omitted
2025-02-38 10:49 org.hibernate.orm.deprecation-HHH90000025: MariaDBDialect does not need to be specified explicitly using 'hibernate.dialect' (remove the property setting and it will be selected by default)
2025-02-38 10:49 o.hibernate.orm.connections.pooling-HHH10001005: Database info:
	Database JDBC URL [Connecting through datasource 'HikariDataSource (null)']
	Database driver: undefined/unknown
	Database version: 10.4
	Autocommit mode: undefined/unknown
	Isolation level: undefined/unknown
	Minimum pool size: undefined/unknown
	Maximum pool size: undefined/unknown
2025-02-38 10:49 o.h.e.t.j.p.i.JtaPlatformInitiator-HHH000489: No JTA platform available (set 'hibernate.transaction.jta.platform' to enable JTA platform integration)
2025-02-38 10:49 com.zaxxer.hikari.HikariDataSource-HikariPool-1 - Starting...
2025-02-38 10:49 o.m.jdbc.message.server.ErrorPacket-Error: 1049-42000: Unknown database 'stomachforce'
2025-02-38 10:49 o.h.e.jdbc.spi.SqlExceptionHelper-SQL Error: 1049, SQLState: 42000
2025-02-38 10:49 o.h.e.jdbc.spi.SqlExceptionHelper-(conn=654) Unknown database 'stomachforce'
2025-02-38 10:49 o.s.o.j.LocalContainerEntityManagerFactoryBean-Failed to initialize JPA EntityManagerFactory: [PersistenceUnit: default] Unable to build Hibernate SessionFactory; nested exception is org.hibernate.exception.SQLGrammarException: Unable to open JDBC Connection for DDL execution [(conn=654) Unknown database 'stomachforce'] [n/a]
2025-02-38 10:49 o.s.b.w.s.c.AnnotationConfigServletWebServerApplicationContext-Exception encountered during context initialization - cancelling refresh attempt: org.springframework.beans.factory.BeanCreationException: Error creating bean with name 'entityManagerFactory' defined in class path resource [org/springframework/boot/autoconfigure/orm/jpa/HibernateJpaConfiguration.class]: [PersistenceUnit: default] Unable to build Hibernate SessionFactory; nested exception is org.hibernate.exception.SQLGrammarException: Unable to open JDBC Connection for DDL execution [(conn=654) Unknown database 'stomachforce'] [n/a]
2025-02-38 10:49 o.a.catalina.core.StandardService-Stopping service [Tomcat]
2025-02-38 10:49 o.s.b.a.l.ConditionEvaluationReportLogger-

Error starting ApplicationContext. To display the condition evaluation report re-run your application with 'debug' enabled.
2025-02-38 10:49 o.s.boot.SpringApplication-Application run failed
org.springframework.beans.factory.BeanCreationException: Error creating bean with name 'entityManagerFactory' defined in class path resource [org/springframework/boot/autoconfigure/orm/jpa/HibernateJpaConfiguration.class]: [PersistenceUnit: default] Unable to build Hibernate SessionFactory; nested exception is org.hibernate.exception.SQLGrammarException: Unable to open JDBC Connection for DDL execution [(conn=654) Unknown database 'stomachforce'] [n/a]
	at org.springframework.beans.factory.support.AbstractAutowireCapableBeanFactory.initializeBean(AbstractAutowireCapableBeanFactory.java:1812)
	at org.springframework.beans.factory.support.AbstractAutowireCapableBeanFactory.doCreateBean(AbstractAutowireCapableBeanFactory.java:601)
	at org.springframework.beans.factory.support.AbstractAutowireCapableBeanFactory.createBean(AbstractAutowireCapableBeanFactory.java:523)
	at org.springframework.beans.factory.support.AbstractBeanFactory.lambda$doGetBean$0(AbstractBeanFactory.java:336)
	at org.springframework.beans.factory.support.DefaultSingletonBeanRegistry.getSingleton(DefaultSingletonBeanRegistry.java:307)
	at org.springframework.beans.factory.support.AbstractBeanFactory.doGetBean(AbstractBeanFactory.java:334)
	at org.springframework.beans.factory.support.AbstractBeanFactory.getBean(AbstractBeanFactory.java:204)
	at org.springframework.context.support.AbstractApplicationContext.finishBeanFactoryInitialization(AbstractApplicationContext.java:970)
	at org.springframework.context.support.AbstractApplicationContext.refresh(AbstractApplicationContext.java:627)
	at org.springframework.boot.web.servlet.context.ServletWebServerApplicationContext.refresh(ServletWebServerApplicationContext.java:146)
	at org.springframework.boot.SpringApplication.refresh(SpringApplication.java:752)
	at org.springframework.boot.SpringApplication.refreshContext(SpringApplication.java:439)
	at org.springframework.boot.SpringApplication.run(SpringApplication.java:318)
	at org.springframework.boot.SpringApplication.run(SpringApplication.java:1361)
	at org.springframework.boot.SpringApplication.run(SpringApplication.java:1350)
	at com.beyond.StomachForce.StomachForceApplication.main(StomachForceApplication.java:9)
Caused by: jakarta.persistence.PersistenceException: [PersistenceUnit: default] Unable to build Hibernate SessionFactory; nested exception is org.hibernate.exception.SQLGrammarException: Unable to open JDBC Connection for DDL execution [(conn=654) Unknown database 'stomachforce'] [n/a]
	at org.springframework.orm.jpa.AbstractEntityManagerFactoryBean.buildNativeEntityManagerFactory(AbstractEntityManagerFactoryBean.java:431)
	at org.springframework.orm.jpa.AbstractEntityManagerFactoryBean.afterPropertiesSet(AbstractEntityManagerFactoryBean.java:400)
	at org.springframework.orm.jpa.LocalContainerEntityManagerFactoryBean.afterPropertiesSet(LocalContainerEntityManagerFactoryBean.java:366)
	at org.springframework.beans.factory.support.AbstractAutowireCapableBeanFactory.invokeInitMethods(AbstractAutowireCapableBeanFactory.java:1859)
	at org.springframework.beans.factory.support.AbstractAutowireCapableBeanFactory.initializeBean(AbstractAutowireCapableBeanFactory.java:1808)
	... 15 common frames omitted
Caused by: org.hibernate.exception.SQLGrammarException: Unable to open JDBC Connection for DDL execution [(conn=654) Unknown database 'stomachforce'] [n/a]
	at org.hibernate.exception.internal.SQLExceptionTypeDelegate.convert(SQLExceptionTypeDelegate.java:66)
	at org.hibernate.exception.internal.StandardSQLExceptionConverter.convert(StandardSQLExceptionConverter.java:58)
	at org.hibernate.engine.jdbc.spi.SqlExceptionHelper.convert(SqlExceptionHelper.java:108)
	at org.hibernate.engine.jdbc.spi.SqlExceptionHelper.convert(SqlExceptionHelper.java:94)
	at org.hibernate.resource.transaction.backend.jdbc.internal.DdlTransactionIsolatorNonJtaImpl.getIsolatedConnection(DdlTransactionIsolatorNonJtaImpl.java:74)
	at org.hibernate.tool.schema.internal.exec.GenerationTargetToDatabase.getIsolatedConnection(GenerationTargetToDatabase.java:60)
	at org.hibernate.tool.schema.internal.exec.GenerationTargetToDatabase.jdbcStatement(GenerationTargetToDatabase.java:112)
	at org.hibernate.tool.schema.internal.exec.GenerationTargetToDatabase.accept(GenerationTargetToDatabase.java:79)
	at org.hibernate.tool.schema.internal.Helper.applySqlString(Helper.java:233)
	at org.hibernate.tool.schema.internal.Helper.applySqlStrings(Helper.java:217)
	at org.hibernate.tool.schema.internal.SchemaDropperImpl.applyConstraintDropping(SchemaDropperImpl.java:479)
	at org.hibernate.tool.schema.internal.SchemaDropperImpl.dropConstraintsTablesSequences(SchemaDropperImpl.java:245)
	at org.hibernate.tool.schema.internal.SchemaDropperImpl.dropFromMetadata(SchemaDropperImpl.java:218)
	at org.hibernate.tool.schema.internal.SchemaDropperImpl.performDrop(SchemaDropperImpl.java:186)
	at org.hibernate.tool.schema.internal.SchemaDropperImpl.doDrop(SchemaDropperImpl.java:156)
	at org.hibernate.tool.schema.internal.SchemaDropperImpl.doDrop(SchemaDropperImpl.java:116)
	at org.hibernate.tool.schema.spi.SchemaManagementToolCoordinator.performDatabaseAction(SchemaManagementToolCoordinator.java:238)
	at org.hibernate.tool.schema.spi.SchemaManagementToolCoordinator.lambda$process$5(SchemaManagementToolCoordinator.java:144)
	at java.base/java.util.HashMap.forEach(HashMap.java:1421)
	at org.hibernate.tool.schema.spi.SchemaManagementToolCoordinator.process(SchemaManagementToolCoordinator.java:141)
	at org.hibernate.boot.internal.SessionFactoryObserverForSchemaExport.sessionFactoryCreated(SessionFactoryObserverForSchemaExport.java:37)
	at org.hibernate.internal.SessionFactoryObserverChain.sessionFactoryCreated(SessionFactoryObserverChain.java:35)
	at org.hibernate.internal.SessionFactoryImpl.<init>(SessionFactoryImpl.java:324)
	at org.hibernate.boot.internal.SessionFactoryBuilderImpl.build(SessionFactoryBuilderImpl.java:463)
	at org.hibernate.jpa.boot.internal.EntityManagerFactoryBuilderImpl.build(EntityManagerFactoryBuilderImpl.java:1506)
	at org.springframework.orm.jpa.vendor.SpringHibernateJpaPersistenceProvider.createContainerEntityManagerFactory(SpringHibernateJpaPersistenceProvider.java:66)
	at org.springframework.orm.jpa.LocalContainerEntityManagerFactoryBean.createNativeEntityManagerFactory(LocalContainerEntityManagerFactoryBean.java:390)
	at org.springframework.orm.jpa.AbstractEntityManagerFactoryBean.buildNativeEntityManagerFactory(AbstractEntityManagerFactoryBean.java:419)
	... 19 common frames omitted
Caused by: java.sql.SQLSyntaxErrorException: (conn=654) Unknown database 'stomachforce'
	at org.mariadb.jdbc.export.ExceptionFactory.createException(ExceptionFactory.java:289)
	at org.mariadb.jdbc.export.ExceptionFactory.create(ExceptionFactory.java:378)
	at org.mariadb.jdbc.client.impl.StandardClient.authenticationHandler(StandardClient.java:306)
	at org.mariadb.jdbc.client.impl.StandardClient.<init>(StandardClient.java:226)
	at org.mariadb.jdbc.Driver.connect(Driver.java:68)
	at org.mariadb.jdbc.Driver.connect(Driver.java:92)
	at org.mariadb.jdbc.Driver.connect(Driver.java:26)
	at com.zaxxer.hikari.util.DriverDataSource.getConnection(DriverDataSource.java:137)
	at com.zaxxer.hikari.pool.PoolBase.newConnection(PoolBase.java:360)
	at com.zaxxer.hikari.pool.PoolBase.newPoolEntry(PoolBase.java:202)
	at com.zaxxer.hikari.pool.HikariPool.createPoolEntry(HikariPool.java:461)
	at com.zaxxer.hikari.pool.HikariPool.checkFailFast(HikariPool.java:550)
	at com.zaxxer.hikari.pool.HikariPool.<init>(HikariPool.java:98)
	at com.zaxxer.hikari.HikariDataSource.getConnection(HikariDataSource.java:111)
	at org.hibernate.engine.jdbc.connections.internal.DatasourceConnectionProviderImpl.getConnection(DatasourceConnectionProviderImpl.java:126)
	at org.hibernate.engine.jdbc.env.internal.JdbcEnvironmentInitiator$ConnectionProviderJdbcConnectionAccess.obtainConnection(JdbcEnvironmentInitiator.java:467)
	at org.hibernate.resource.transaction.backend.jdbc.internal.DdlTransactionIsolatorNonJtaImpl.getIsolatedConnection(DdlTransactionIsolatorNonJtaImpl.java:46)
	... 42 common frames omitted
2025-02-38 10:50 o.h.validator.internal.util.Version-HV000001: Hibernate Validator 8.0.2.Final
2025-02-38 10:50 c.b.S.StomachForceApplication-Starting StomachForceApplication using Java 17.0.13 with PID 19788 (C:\Users\Playdata\Desktop\be11-2nd-ChulungChulung-StomachForce-BE\build\classes\java\main started by Playdata in C:\Users\Playdata\Desktop\be11-2nd-ChulungChulung-StomachForce-BE)
2025-02-38 10:50 c.b.S.StomachForceApplication-No active profile set, falling back to 1 default profile: "default"
2025-02-38 10:50 o.s.d.r.c.RepositoryConfigurationDelegate-Multiple Spring Data modules found, entering strict repository configuration mode
2025-02-38 10:50 o.s.d.r.c.RepositoryConfigurationDelegate-Bootstrapping Spring Data JPA repositories in DEFAULT mode.
2025-02-38 10:50 o.s.d.r.c.RepositoryConfigurationDelegate-Finished Spring Data repository scanning in 280 ms. Found 10 JPA repository interfaces.
2025-02-38 10:50 o.s.d.r.c.RepositoryConfigurationDelegate-Multiple Spring Data modules found, entering strict repository configuration mode
2025-02-38 10:50 o.s.d.r.c.RepositoryConfigurationDelegate-Bootstrapping Spring Data Redis repositories in DEFAULT mode.
2025-02-38 10:50 o.s.d.r.c.RepositoryConfigurationExtensionSupport-Spring Data Redis - Could not safely identify store assignment for repository candidate interface com.beyond.StomachForce.Post.repository.LikeRepository; If you want this repository to be a Redis repository, consider annotating your entities with one of these annotations: org.springframework.data.redis.core.RedisHash (preferred), or consider extending one of the following types with your repository: org.springframework.data.keyvalue.repository.KeyValueRepository
2025-02-38 10:50 o.s.d.r.c.RepositoryConfigurationExtensionSupport-Spring Data Redis - Could not safely identify store assignment for repository candidate interface com.beyond.StomachForce.Post.repository.PostRepository; If you want this repository to be a Redis repository, consider annotating your entities with one of these annotations: org.springframework.data.redis.core.RedisHash (preferred), or consider extending one of the following types with your repository: org.springframework.data.keyvalue.repository.KeyValueRepository
2025-02-38 10:50 o.s.d.r.c.RepositoryConfigurationExtensionSupport-Spring Data Redis - Could not safely identify store assignment for repository candidate interface com.beyond.StomachForce.restaurant.repository.AddressRepository; If you want this repository to be a Redis repository, consider annotating your entities with one of these annotations: org.springframework.data.redis.core.RedisHash (preferred), or consider extending one of the following types with your repository: org.springframework.data.keyvalue.repository.KeyValueRepository
2025-02-38 10:50 o.s.d.r.c.RepositoryConfigurationExtensionSupport-Spring Data Redis - Could not safely identify store assignment for repository candidate interface com.beyond.StomachForce.restaurant.repository.BookmarkRepository; If you want this repository to be a Redis repository, consider annotating your entities with one of these annotations: org.springframework.data.redis.core.RedisHash (preferred), or consider extending one of the following types with your repository: org.springframework.data.keyvalue.repository.KeyValueRepository
2025-02-38 10:50 o.s.d.r.c.RepositoryConfigurationExtensionSupport-Spring Data Redis - Could not safely identify store assignment for repository candidate interface com.beyond.StomachForce.restaurant.repository.RestaurantConvenienceRepository; If you want this repository to be a Redis repository, consider annotating your entities with one of these annotations: org.springframework.data.redis.core.RedisHash (preferred), or consider extending one of the following types with your repository: org.springframework.data.keyvalue.repository.KeyValueRepository
2025-02-38 10:50 o.s.d.r.c.RepositoryConfigurationExtensionSupport-Spring Data Redis - Could not safely identify store assignment for repository candidate interface com.beyond.StomachForce.restaurant.repository.RestaurantPhotoRepository; If you want this repository to be a Redis repository, consider annotating your entities with one of these annotations: org.springframework.data.redis.core.RedisHash (preferred), or consider extending one of the following types with your repository: org.springframework.data.keyvalue.repository.KeyValueRepository
2025-02-38 10:50 o.s.d.r.c.RepositoryConfigurationExtensionSupport-Spring Data Redis - Could not safely identify store assignment for repository candidate interface com.beyond.StomachForce.restaurant.repository.RestaurantRepository; If you want this repository to be a Redis repository, consider annotating your entities with one of these annotations: org.springframework.data.redis.core.RedisHash (preferred), or consider extending one of the following types with your repository: org.springframework.data.keyvalue.repository.KeyValueRepository
2025-02-38 10:50 o.s.d.r.c.RepositoryConfigurationExtensionSupport-Spring Data Redis - Could not safely identify store assignment for repository candidate interface com.beyond.StomachForce.review.repository.ReviewPhotoRepository; If you want this repository to be a Redis repository, consider annotating your entities with one of these annotations: org.springframework.data.redis.core.RedisHash (preferred), or consider extending one of the following types with your repository: org.springframework.data.keyvalue.repository.KeyValueRepository
2025-02-38 10:50 o.s.d.r.c.RepositoryConfigurationExtensionSupport-Spring Data Redis - Could not safely identify store assignment for repository candidate interface com.beyond.StomachForce.review.repository.ReviewRepository; If you want this repository to be a Redis repository, consider annotating your entities with one of these annotations: org.springframework.data.redis.core.RedisHash (preferred), or consider extending one of the following types with your repository: org.springframework.data.keyvalue.repository.KeyValueRepository
2025-02-38 10:50 o.s.d.r.c.RepositoryConfigurationExtensionSupport-Spring Data Redis - Could not safely identify store assignment for repository candidate interface com.beyond.StomachForce.User.repository.UserRepository; If you want this repository to be a Redis repository, consider annotating your entities with one of these annotations: org.springframework.data.redis.core.RedisHash (preferred), or consider extending one of the following types with your repository: org.springframework.data.keyvalue.repository.KeyValueRepository
2025-02-38 10:50 o.s.d.r.c.RepositoryConfigurationDelegate-Finished Spring Data repository scanning in 64 ms. Found 0 Redis repository interfaces.
2025-02-38 10:50 o.s.b.w.e.tomcat.TomcatWebServer-Tomcat initialized with port 8080 (http)
2025-02-38 10:50 o.a.coyote.http11.Http11NioProtocol-Initializing ProtocolHandler ["http-nio-8080"]
2025-02-38 10:50 o.a.catalina.core.StandardService-Starting service [Tomcat]
2025-02-38 10:50 o.a.catalina.core.StandardEngine-Starting Servlet engine: [Apache Tomcat/10.1.34]
2025-02-38 10:50 o.a.c.c.C.[Tomcat].[localhost].[/]-Initializing Spring embedded WebApplicationContext
2025-02-38 10:50 o.s.b.w.s.c.ServletWebServerApplicationContext-Root WebApplicationContext: initialization completed in 2344 ms
2025-02-38 10:50 o.h.jpa.internal.util.LogHelper-HHH000204: Processing PersistenceUnitInfo [name: default]
2025-02-38 10:50 org.hibernate.Version-HHH000412: Hibernate ORM core version 6.6.5.Final
2025-02-38 10:50 o.h.c.i.RegionFactoryInitiator-HHH000026: Second-level cache disabled
2025-02-38 10:50 o.s.o.j.p.SpringPersistenceUnitInfo-No LoadTimeWeaver setup: ignoring JPA class transformer
2025-02-38 10:50 com.zaxxer.hikari.HikariDataSource-HikariPool-1 - Starting...
2025-02-38 10:50 com.zaxxer.hikari.pool.HikariPool-HikariPool-1 - Added connection org.mariadb.jdbc.Connection@3f80d8c
2025-02-38 10:50 com.zaxxer.hikari.HikariDataSource-HikariPool-1 - Start completed.
2025-02-38 10:50 org.hibernate.orm.deprecation-HHH90000025: MariaDBDialect does not need to be specified explicitly using 'hibernate.dialect' (remove the property setting and it will be selected by default)
2025-02-38 10:50 o.hibernate.orm.connections.pooling-HHH10001005: Database info:
	Database JDBC URL [Connecting through datasource 'HikariDataSource (HikariPool-1)']
	Database driver: undefined/unknown
	Database version: 11.5.2
	Autocommit mode: undefined/unknown
	Isolation level: undefined/unknown
	Minimum pool size: undefined/unknown
	Maximum pool size: undefined/unknown
2025-02-38 10:50 o.h.e.t.j.p.i.JtaPlatformInitiator-HHH000489: No JTA platform available (set 'hibernate.transaction.jta.platform' to enable JTA platform integration)
2025-02-38 10:50 o.s.o.j.LocalContainerEntityManagerFactoryBean-Initialized JPA EntityManagerFactory for persistence unit 'default'
2025-02-38 10:50 o.s.d.j.r.query.QueryEnhancerFactory-Hibernate is in classpath; If applicable, HQL parser will be used.
2025-02-38 10:50 o.s.b.a.o.j.JpaBaseConfiguration$JpaWebConfiguration-spring.jpa.open-in-view is enabled by default. Therefore, database queries may be performed during view rendering. Explicitly configure spring.jpa.open-in-view to disable this warning
2025-02-38 10:50 o.s.b.a.s.s.UserDetailsServiceAutoConfiguration-

Using generated security password: ce40e742-6eb3-483d-9fb0-8d19d42c7085

This generated password is for development use only. Your security configuration must be updated before running your application in production.

2025-02-38 10:50 o.s.s.c.a.a.c.InitializeUserDetailsBeanManagerConfigurer$InitializeUserDetailsManagerConfigurer-Global AuthenticationManager configured with UserDetailsService bean with name inMemoryUserDetailsManager
2025-02-38 10:50 o.a.coyote.http11.Http11NioProtocol-Starting ProtocolHandler ["http-nio-8080"]
2025-02-38 10:50 o.s.b.w.e.tomcat.TomcatWebServer-Tomcat started on port 8080 (http) with context path '/'
2025-02-38 10:50 c.b.S.StomachForceApplication-Started StomachForceApplication in 7.639 seconds (process running for 8.331)
2025-02-38 11:01 com.zaxxer.hikari.pool.HikariPool-HikariPool-1 - Thread starvation or clock leap detected (housekeeper delta=4m55s390ms982µs).
2025-02-40 14:48 o.h.validator.internal.util.Version-HV000001: Hibernate Validator 8.0.2.Final
2025-02-40 14:48 c.b.S.StomachForceApplication-Starting StomachForceApplication using Java 17.0.13 with PID 2472 (C:\Users\Playdata\Desktop\be11-2nd-ChulungChulung-StomachForce-BE\build\classes\java\main started by Playdata in C:\Users\Playdata\Desktop\be11-2nd-ChulungChulung-StomachForce-BE)
2025-02-40 14:48 c.b.S.StomachForceApplication-No active profile set, falling back to 1 default profile: "default"
2025-02-40 14:48 o.s.d.r.c.RepositoryConfigurationDelegate-Multiple Spring Data modules found, entering strict repository configuration mode
2025-02-40 14:48 o.s.d.r.c.RepositoryConfigurationDelegate-Bootstrapping Spring Data JPA repositories in DEFAULT mode.
2025-02-40 14:48 o.s.d.r.c.RepositoryConfigurationDelegate-Finished Spring Data repository scanning in 345 ms. Found 10 JPA repository interfaces.
2025-02-40 14:48 o.s.d.r.c.RepositoryConfigurationDelegate-Multiple Spring Data modules found, entering strict repository configuration mode
2025-02-40 14:48 o.s.d.r.c.RepositoryConfigurationDelegate-Bootstrapping Spring Data Redis repositories in DEFAULT mode.
2025-02-40 14:48 o.s.d.r.c.RepositoryConfigurationExtensionSupport-Spring Data Redis - Could not safely identify store assignment for repository candidate interface com.beyond.StomachForce.Post.repository.LikeRepository; If you want this repository to be a Redis repository, consider annotating your entities with one of these annotations: org.springframework.data.redis.core.RedisHash (preferred), or consider extending one of the following types with your repository: org.springframework.data.keyvalue.repository.KeyValueRepository
2025-02-40 14:48 o.s.d.r.c.RepositoryConfigurationExtensionSupport-Spring Data Redis - Could not safely identify store assignment for repository candidate interface com.beyond.StomachForce.Post.repository.PostRepository; If you want this repository to be a Redis repository, consider annotating your entities with one of these annotations: org.springframework.data.redis.core.RedisHash (preferred), or consider extending one of the following types with your repository: org.springframework.data.keyvalue.repository.KeyValueRepository
2025-02-40 14:48 o.s.d.r.c.RepositoryConfigurationExtensionSupport-Spring Data Redis - Could not safely identify store assignment for repository candidate interface com.beyond.StomachForce.restaurant.repository.AddressRepository; If you want this repository to be a Redis repository, consider annotating your entities with one of these annotations: org.springframework.data.redis.core.RedisHash (preferred), or consider extending one of the following types with your repository: org.springframework.data.keyvalue.repository.KeyValueRepository
2025-02-40 14:48 o.s.d.r.c.RepositoryConfigurationExtensionSupport-Spring Data Redis - Could not safely identify store assignment for repository candidate interface com.beyond.StomachForce.restaurant.repository.BookmarkRepository; If you want this repository to be a Redis repository, consider annotating your entities with one of these annotations: org.springframework.data.redis.core.RedisHash (preferred), or consider extending one of the following types with your repository: org.springframework.data.keyvalue.repository.KeyValueRepository
2025-02-40 14:48 o.s.d.r.c.RepositoryConfigurationExtensionSupport-Spring Data Redis - Could not safely identify store assignment for repository candidate interface com.beyond.StomachForce.restaurant.repository.RestaurantConvenienceRepository; If you want this repository to be a Redis repository, consider annotating your entities with one of these annotations: org.springframework.data.redis.core.RedisHash (preferred), or consider extending one of the following types with your repository: org.springframework.data.keyvalue.repository.KeyValueRepository
2025-02-40 14:48 o.s.d.r.c.RepositoryConfigurationExtensionSupport-Spring Data Redis - Could not safely identify store assignment for repository candidate interface com.beyond.StomachForce.restaurant.repository.RestaurantPhotoRepository; If you want this repository to be a Redis repository, consider annotating your entities with one of these annotations: org.springframework.data.redis.core.RedisHash (preferred), or consider extending one of the following types with your repository: org.springframework.data.keyvalue.repository.KeyValueRepository
2025-02-40 14:48 o.s.d.r.c.RepositoryConfigurationExtensionSupport-Spring Data Redis - Could not safely identify store assignment for repository candidate interface com.beyond.StomachForce.restaurant.repository.RestaurantRepository; If you want this repository to be a Redis repository, consider annotating your entities with one of these annotations: org.springframework.data.redis.core.RedisHash (preferred), or consider extending one of the following types with your repository: org.springframework.data.keyvalue.repository.KeyValueRepository
2025-02-40 14:48 o.s.d.r.c.RepositoryConfigurationExtensionSupport-Spring Data Redis - Could not safely identify store assignment for repository candidate interface com.beyond.StomachForce.review.repository.ReviewPhotoRepository; If you want this repository to be a Redis repository, consider annotating your entities with one of these annotations: org.springframework.data.redis.core.RedisHash (preferred), or consider extending one of the following types with your repository: org.springframework.data.keyvalue.repository.KeyValueRepository
2025-02-40 14:48 o.s.d.r.c.RepositoryConfigurationExtensionSupport-Spring Data Redis - Could not safely identify store assignment for repository candidate interface com.beyond.StomachForce.review.repository.ReviewRepository; If you want this repository to be a Redis repository, consider annotating your entities with one of these annotations: org.springframework.data.redis.core.RedisHash (preferred), or consider extending one of the following types with your repository: org.springframework.data.keyvalue.repository.KeyValueRepository
2025-02-40 14:48 o.s.d.r.c.RepositoryConfigurationExtensionSupport-Spring Data Redis - Could not safely identify store assignment for repository candidate interface com.beyond.StomachForce.User.repository.UserRepository; If you want this repository to be a Redis repository, consider annotating your entities with one of these annotations: org.springframework.data.redis.core.RedisHash (preferred), or consider extending one of the following types with your repository: org.springframework.data.keyvalue.repository.KeyValueRepository
2025-02-40 14:48 o.s.d.r.c.RepositoryConfigurationDelegate-Finished Spring Data repository scanning in 65 ms. Found 0 Redis repository interfaces.
2025-02-40 14:48 o.s.b.w.e.tomcat.TomcatWebServer-Tomcat initialized with port 8080 (http)
2025-02-40 14:48 o.a.coyote.http11.Http11NioProtocol-Initializing ProtocolHandler ["http-nio-8080"]
2025-02-40 14:48 o.a.catalina.core.StandardService-Starting service [Tomcat]
2025-02-40 14:48 o.a.catalina.core.StandardEngine-Starting Servlet engine: [Apache Tomcat/10.1.34]
2025-02-40 14:48 o.a.c.c.C.[Tomcat].[localhost].[/]-Initializing Spring embedded WebApplicationContext
2025-02-40 14:48 o.s.b.w.s.c.ServletWebServerApplicationContext-Root WebApplicationContext: initialization completed in 3643 ms
2025-02-40 14:48 o.h.jpa.internal.util.LogHelper-HHH000204: Processing PersistenceUnitInfo [name: default]
2025-02-40 14:48 org.hibernate.Version-HHH000412: Hibernate ORM core version 6.6.5.Final
2025-02-40 14:48 o.h.c.i.RegionFactoryInitiator-HHH000026: Second-level cache disabled
2025-02-40 14:48 o.s.o.j.p.SpringPersistenceUnitInfo-No LoadTimeWeaver setup: ignoring JPA class transformer
2025-02-40 14:48 com.zaxxer.hikari.HikariDataSource-HikariPool-1 - Starting...
2025-02-40 14:48 com.zaxxer.hikari.pool.HikariPool-HikariPool-1 - Added connection org.mariadb.jdbc.Connection@3b56947a
2025-02-40 14:48 com.zaxxer.hikari.HikariDataSource-HikariPool-1 - Start completed.
2025-02-40 14:48 org.hibernate.orm.deprecation-HHH90000025: MariaDBDialect does not need to be specified explicitly using 'hibernate.dialect' (remove the property setting and it will be selected by default)
2025-02-40 14:48 o.hibernate.orm.connections.pooling-HHH10001005: Database info:
	Database JDBC URL [Connecting through datasource 'HikariDataSource (HikariPool-1)']
	Database driver: undefined/unknown
	Database version: 11.5.2
	Autocommit mode: undefined/unknown
	Isolation level: undefined/unknown
	Minimum pool size: undefined/unknown
	Maximum pool size: undefined/unknown
2025-02-40 14:48 o.h.e.t.j.p.i.JtaPlatformInitiator-HHH000489: No JTA platform available (set 'hibernate.transaction.jta.platform' to enable JTA platform integration)
2025-02-40 14:48 o.s.o.j.LocalContainerEntityManagerFactoryBean-Initialized JPA EntityManagerFactory for persistence unit 'default'
2025-02-40 14:48 o.s.d.j.r.query.QueryEnhancerFactory-Hibernate is in classpath; If applicable, HQL parser will be used.
2025-02-40 14:48 o.s.b.a.o.j.JpaBaseConfiguration$JpaWebConfiguration-spring.jpa.open-in-view is enabled by default. Therefore, database queries may be performed during view rendering. Explicitly configure spring.jpa.open-in-view to disable this warning
2025-02-40 14:48 o.s.b.a.s.s.UserDetailsServiceAutoConfiguration-

Using generated security password: 4b853838-bf4a-420d-98fa-0a58ac4667b3

This generated password is for development use only. Your security configuration must be updated before running your application in production.

2025-02-40 14:48 o.s.s.c.a.a.c.InitializeUserDetailsBeanManagerConfigurer$InitializeUserDetailsManagerConfigurer-Global AuthenticationManager configured with UserDetailsService bean with name inMemoryUserDetailsManager
2025-02-40 14:48 o.a.coyote.http11.Http11NioProtocol-Starting ProtocolHandler ["http-nio-8080"]
2025-02-40 14:48 o.s.b.w.e.tomcat.TomcatWebServer-Tomcat started on port 8080 (http) with context path '/'
2025-02-40 14:48 c.b.S.StomachForceApplication-Started StomachForceApplication in 9.697 seconds (process running for 12.436)
2025-02-40 15:00 o.h.validator.internal.util.Version-HV000001: Hibernate Validator 8.0.2.Final
2025-02-40 15:00 c.b.S.StomachForceApplication-Starting StomachForceApplication using Java 17.0.13 with PID 17180 (C:\Users\Playdata\Desktop\be11-2nd-ChulungChulung-StomachForce-BE\build\classes\java\main started by Playdata in C:\Users\Playdata\Desktop\be11-2nd-ChulungChulung-StomachForce-BE)
2025-02-40 15:00 c.b.S.StomachForceApplication-No active profile set, falling back to 1 default profile: "default"
2025-02-40 15:01 o.s.d.r.c.RepositoryConfigurationDelegate-Multiple Spring Data modules found, entering strict repository configuration mode
2025-02-40 15:01 o.s.d.r.c.RepositoryConfigurationDelegate-Bootstrapping Spring Data JPA repositories in DEFAULT mode.
2025-02-40 15:01 o.s.d.r.c.RepositoryConfigurationDelegate-Finished Spring Data repository scanning in 290 ms. Found 10 JPA repository interfaces.
2025-02-40 15:01 o.s.d.r.c.RepositoryConfigurationDelegate-Multiple Spring Data modules found, entering strict repository configuration mode
2025-02-40 15:01 o.s.d.r.c.RepositoryConfigurationDelegate-Bootstrapping Spring Data Redis repositories in DEFAULT mode.
2025-02-40 15:01 o.s.d.r.c.RepositoryConfigurationExtensionSupport-Spring Data Redis - Could not safely identify store assignment for repository candidate interface com.beyond.StomachForce.Post.repository.LikeRepository; If you want this repository to be a Redis repository, consider annotating your entities with one of these annotations: org.springframework.data.redis.core.RedisHash (preferred), or consider extending one of the following types with your repository: org.springframework.data.keyvalue.repository.KeyValueRepository
2025-02-40 15:01 o.s.d.r.c.RepositoryConfigurationExtensionSupport-Spring Data Redis - Could not safely identify store assignment for repository candidate interface com.beyond.StomachForce.Post.repository.PostRepository; If you want this repository to be a Redis repository, consider annotating your entities with one of these annotations: org.springframework.data.redis.core.RedisHash (preferred), or consider extending one of the following types with your repository: org.springframework.data.keyvalue.repository.KeyValueRepository
2025-02-40 15:01 o.s.d.r.c.RepositoryConfigurationExtensionSupport-Spring Data Redis - Could not safely identify store assignment for repository candidate interface com.beyond.StomachForce.restaurant.repository.AddressRepository; If you want this repository to be a Redis repository, consider annotating your entities with one of these annotations: org.springframework.data.redis.core.RedisHash (preferred), or consider extending one of the following types with your repository: org.springframework.data.keyvalue.repository.KeyValueRepository
2025-02-40 15:01 o.s.d.r.c.RepositoryConfigurationExtensionSupport-Spring Data Redis - Could not safely identify store assignment for repository candidate interface com.beyond.StomachForce.restaurant.repository.BookmarkRepository; If you want this repository to be a Redis repository, consider annotating your entities with one of these annotations: org.springframework.data.redis.core.RedisHash (preferred), or consider extending one of the following types with your repository: org.springframework.data.keyvalue.repository.KeyValueRepository
2025-02-40 15:01 o.s.d.r.c.RepositoryConfigurationExtensionSupport-Spring Data Redis - Could not safely identify store assignment for repository candidate interface com.beyond.StomachForce.restaurant.repository.RestaurantConvenienceRepository; If you want this repository to be a Redis repository, consider annotating your entities with one of these annotations: org.springframework.data.redis.core.RedisHash (preferred), or consider extending one of the following types with your repository: org.springframework.data.keyvalue.repository.KeyValueRepository
2025-02-40 15:01 o.s.d.r.c.RepositoryConfigurationExtensionSupport-Spring Data Redis - Could not safely identify store assignment for repository candidate interface com.beyond.StomachForce.restaurant.repository.RestaurantPhotoRepository; If you want this repository to be a Redis repository, consider annotating your entities with one of these annotations: org.springframework.data.redis.core.RedisHash (preferred), or consider extending one of the following types with your repository: org.springframework.data.keyvalue.repository.KeyValueRepository
2025-02-40 15:01 o.s.d.r.c.RepositoryConfigurationExtensionSupport-Spring Data Redis - Could not safely identify store assignment for repository candidate interface com.beyond.StomachForce.restaurant.repository.RestaurantRepository; If you want this repository to be a Redis repository, consider annotating your entities with one of these annotations: org.springframework.data.redis.core.RedisHash (preferred), or consider extending one of the following types with your repository: org.springframework.data.keyvalue.repository.KeyValueRepository
2025-02-40 15:01 o.s.d.r.c.RepositoryConfigurationExtensionSupport-Spring Data Redis - Could not safely identify store assignment for repository candidate interface com.beyond.StomachForce.review.repository.ReviewPhotoRepository; If you want this repository to be a Redis repository, consider annotating your entities with one of these annotations: org.springframework.data.redis.core.RedisHash (preferred), or consider extending one of the following types with your repository: org.springframework.data.keyvalue.repository.KeyValueRepository
2025-02-40 15:01 o.s.d.r.c.RepositoryConfigurationExtensionSupport-Spring Data Redis - Could not safely identify store assignment for repository candidate interface com.beyond.StomachForce.review.repository.ReviewRepository; If you want this repository to be a Redis repository, consider annotating your entities with one of these annotations: org.springframework.data.redis.core.RedisHash (preferred), or consider extending one of the following types with your repository: org.springframework.data.keyvalue.repository.KeyValueRepository
2025-02-40 15:01 o.s.d.r.c.RepositoryConfigurationExtensionSupport-Spring Data Redis - Could not safely identify store assignment for repository candidate interface com.beyond.StomachForce.User.repository.UserRepository; If you want this repository to be a Redis repository, consider annotating your entities with one of these annotations: org.springframework.data.redis.core.RedisHash (preferred), or consider extending one of the following types with your repository: org.springframework.data.keyvalue.repository.KeyValueRepository
2025-02-40 15:01 o.s.d.r.c.RepositoryConfigurationDelegate-Finished Spring Data repository scanning in 87 ms. Found 0 Redis repository interfaces.
2025-02-40 15:01 o.s.b.w.e.tomcat.TomcatWebServer-Tomcat initialized with port 8080 (http)
2025-02-40 15:01 o.a.coyote.http11.Http11NioProtocol-Initializing ProtocolHandler ["http-nio-8080"]
2025-02-40 15:01 o.a.catalina.core.StandardService-Starting service [Tomcat]
2025-02-40 15:01 o.a.catalina.core.StandardEngine-Starting Servlet engine: [Apache Tomcat/10.1.34]
2025-02-40 15:01 o.a.c.c.C.[Tomcat].[localhost].[/]-Initializing Spring embedded WebApplicationContext
2025-02-40 15:01 o.s.b.w.s.c.ServletWebServerApplicationContext-Root WebApplicationContext: initialization completed in 3479 ms
2025-02-40 15:01 o.h.jpa.internal.util.LogHelper-HHH000204: Processing PersistenceUnitInfo [name: default]
2025-02-40 15:01 org.hibernate.Version-HHH000412: Hibernate ORM core version 6.6.5.Final
2025-02-40 15:01 o.h.c.i.RegionFactoryInitiator-HHH000026: Second-level cache disabled
2025-02-40 15:01 o.s.o.j.p.SpringPersistenceUnitInfo-No LoadTimeWeaver setup: ignoring JPA class transformer
2025-02-40 15:01 com.zaxxer.hikari.HikariDataSource-HikariPool-1 - Starting...
2025-02-40 15:01 com.zaxxer.hikari.pool.HikariPool-HikariPool-1 - Added connection org.mariadb.jdbc.Connection@5c60c08
2025-02-40 15:01 com.zaxxer.hikari.HikariDataSource-HikariPool-1 - Start completed.
2025-02-40 15:01 org.hibernate.orm.deprecation-HHH90000025: MariaDBDialect does not need to be specified explicitly using 'hibernate.dialect' (remove the property setting and it will be selected by default)
2025-02-40 15:01 o.hibernate.orm.connections.pooling-HHH10001005: Database info:
	Database JDBC URL [Connecting through datasource 'HikariDataSource (HikariPool-1)']
	Database driver: undefined/unknown
	Database version: 11.5.2
	Autocommit mode: undefined/unknown
	Isolation level: undefined/unknown
	Minimum pool size: undefined/unknown
	Maximum pool size: undefined/unknown
2025-02-40 15:01 o.s.o.j.LocalContainerEntityManagerFactoryBean-Failed to initialize JPA EntityManagerFactory: Could not determine recommended JdbcType for Java type 'com.beyond.StomachForce.coupon.domain.Coupon'
2025-02-40 15:01 o.s.b.w.s.c.AnnotationConfigServletWebServerApplicationContext-Exception encountered during context initialization - cancelling refresh attempt: org.springframework.beans.factory.BeanCreationException: Error creating bean with name 'entityManagerFactory' defined in class path resource [org/springframework/boot/autoconfigure/orm/jpa/HibernateJpaConfiguration.class]: Could not determine recommended JdbcType for Java type 'com.beyond.StomachForce.coupon.domain.Coupon'
2025-02-40 15:01 com.zaxxer.hikari.HikariDataSource-HikariPool-1 - Shutdown initiated...
2025-02-40 15:01 com.zaxxer.hikari.HikariDataSource-HikariPool-1 - Shutdown completed.
2025-02-40 15:01 o.a.catalina.core.StandardService-Stopping service [Tomcat]
2025-02-40 15:01 o.s.b.a.l.ConditionEvaluationReportLogger-

Error starting ApplicationContext. To display the condition evaluation report re-run your application with 'debug' enabled.
2025-02-40 15:01 o.s.boot.SpringApplication-Application run failed
org.springframework.beans.factory.BeanCreationException: Error creating bean with name 'entityManagerFactory' defined in class path resource [org/springframework/boot/autoconfigure/orm/jpa/HibernateJpaConfiguration.class]: Could not determine recommended JdbcType for Java type 'com.beyond.StomachForce.coupon.domain.Coupon'
	at org.springframework.beans.factory.support.AbstractAutowireCapableBeanFactory.initializeBean(AbstractAutowireCapableBeanFactory.java:1812)
	at org.springframework.beans.factory.support.AbstractAutowireCapableBeanFactory.doCreateBean(AbstractAutowireCapableBeanFactory.java:601)
	at org.springframework.beans.factory.support.AbstractAutowireCapableBeanFactory.createBean(AbstractAutowireCapableBeanFactory.java:523)
	at org.springframework.beans.factory.support.AbstractBeanFactory.lambda$doGetBean$0(AbstractBeanFactory.java:336)
	at org.springframework.beans.factory.support.DefaultSingletonBeanRegistry.getSingleton(DefaultSingletonBeanRegistry.java:307)
	at org.springframework.beans.factory.support.AbstractBeanFactory.doGetBean(AbstractBeanFactory.java:334)
	at org.springframework.beans.factory.support.AbstractBeanFactory.getBean(AbstractBeanFactory.java:204)
	at org.springframework.context.support.AbstractApplicationContext.finishBeanFactoryInitialization(AbstractApplicationContext.java:970)
	at org.springframework.context.support.AbstractApplicationContext.refresh(AbstractApplicationContext.java:627)
	at org.springframework.boot.web.servlet.context.ServletWebServerApplicationContext.refresh(ServletWebServerApplicationContext.java:146)
	at org.springframework.boot.SpringApplication.refresh(SpringApplication.java:752)
	at org.springframework.boot.SpringApplication.refreshContext(SpringApplication.java:439)
	at org.springframework.boot.SpringApplication.run(SpringApplication.java:318)
	at org.springframework.boot.SpringApplication.run(SpringApplication.java:1361)
	at org.springframework.boot.SpringApplication.run(SpringApplication.java:1350)
	at com.beyond.StomachForce.StomachForceApplication.main(StomachForceApplication.java:9)
Caused by: org.hibernate.type.descriptor.java.spi.JdbcTypeRecommendationException: Could not determine recommended JdbcType for Java type 'com.beyond.StomachForce.coupon.domain.Coupon'
	at org.hibernate.type.descriptor.java.spi.UnknownBasicJavaType.getRecommendedJdbcType(UnknownBasicJavaType.java:50)
	at org.hibernate.boot.model.process.internal.InferredBasicValueResolver.from(InferredBasicValueResolver.java:195)
	at org.hibernate.mapping.BasicValue.resolution(BasicValue.java:664)
	at org.hibernate.mapping.BasicValue.buildResolution(BasicValue.java:461)
	at org.hibernate.mapping.BasicValue.resolve(BasicValue.java:351)
	at org.hibernate.mapping.BasicValue.resolve(BasicValue.java:341)
	at org.hibernate.boot.internal.InFlightMetadataCollectorImpl.lambda$processValueResolvers$6(InFlightMetadataCollectorImpl.java:1827)
	at java.base/java.util.ArrayList.removeIf(ArrayList.java:1682)
	at java.base/java.util.ArrayList.removeIf(ArrayList.java:1660)
	at org.hibernate.boot.internal.InFlightMetadataCollectorImpl.processValueResolvers(InFlightMetadataCollectorImpl.java:1826)
	at org.hibernate.boot.internal.InFlightMetadataCollectorImpl.processSecondPasses(InFlightMetadataCollectorImpl.java:1812)
	at org.hibernate.boot.model.process.spi.MetadataBuildingProcess.complete(MetadataBuildingProcess.java:334)
	at org.hibernate.jpa.boot.internal.EntityManagerFactoryBuilderImpl.metadata(EntityManagerFactoryBuilderImpl.java:1431)
	at org.hibernate.jpa.boot.internal.EntityManagerFactoryBuilderImpl.build(EntityManagerFactoryBuilderImpl.java:1502)
	at org.springframework.orm.jpa.vendor.SpringHibernateJpaPersistenceProvider.createContainerEntityManagerFactory(SpringHibernateJpaPersistenceProvider.java:66)
	at org.springframework.orm.jpa.LocalContainerEntityManagerFactoryBean.createNativeEntityManagerFactory(LocalContainerEntityManagerFactoryBean.java:390)
	at org.springframework.orm.jpa.AbstractEntityManagerFactoryBean.buildNativeEntityManagerFactory(AbstractEntityManagerFactoryBean.java:419)
	at org.springframework.orm.jpa.AbstractEntityManagerFactoryBean.afterPropertiesSet(AbstractEntityManagerFactoryBean.java:400)
	at org.springframework.orm.jpa.LocalContainerEntityManagerFactoryBean.afterPropertiesSet(LocalContainerEntityManagerFactoryBean.java:366)
	at org.springframework.beans.factory.support.AbstractAutowireCapableBeanFactory.invokeInitMethods(AbstractAutowireCapableBeanFactory.java:1859)
	at org.springframework.beans.factory.support.AbstractAutowireCapableBeanFactory.initializeBean(AbstractAutowireCapableBeanFactory.java:1808)
	... 15 common frames omitted
2025-02-40 15:04 o.h.validator.internal.util.Version-HV000001: Hibernate Validator 8.0.2.Final
2025-02-40 15:04 c.b.S.StomachForceApplication-Starting StomachForceApplication using Java 17.0.13 with PID 1784 (C:\Users\Playdata\Desktop\be11-2nd-ChulungChulung-StomachForce-BE\build\classes\java\main started by Playdata in C:\Users\Playdata\Desktop\be11-2nd-ChulungChulung-StomachForce-BE)
2025-02-40 15:04 c.b.S.StomachForceApplication-No active profile set, falling back to 1 default profile: "default"
2025-02-40 15:04 o.s.d.r.c.RepositoryConfigurationDelegate-Multiple Spring Data modules found, entering strict repository configuration mode
2025-02-40 15:04 o.s.d.r.c.RepositoryConfigurationDelegate-Bootstrapping Spring Data JPA repositories in DEFAULT mode.
2025-02-40 15:04 o.s.d.r.c.RepositoryConfigurationDelegate-Finished Spring Data repository scanning in 294 ms. Found 10 JPA repository interfaces.
2025-02-40 15:04 o.s.d.r.c.RepositoryConfigurationDelegate-Multiple Spring Data modules found, entering strict repository configuration mode
2025-02-40 15:04 o.s.d.r.c.RepositoryConfigurationDelegate-Bootstrapping Spring Data Redis repositories in DEFAULT mode.
2025-02-40 15:04 o.s.d.r.c.RepositoryConfigurationExtensionSupport-Spring Data Redis - Could not safely identify store assignment for repository candidate interface com.beyond.StomachForce.Post.repository.LikeRepository; If you want this repository to be a Redis repository, consider annotating your entities with one of these annotations: org.springframework.data.redis.core.RedisHash (preferred), or consider extending one of the following types with your repository: org.springframework.data.keyvalue.repository.KeyValueRepository
2025-02-40 15:04 o.s.d.r.c.RepositoryConfigurationExtensionSupport-Spring Data Redis - Could not safely identify store assignment for repository candidate interface com.beyond.StomachForce.Post.repository.PostRepository; If you want this repository to be a Redis repository, consider annotating your entities with one of these annotations: org.springframework.data.redis.core.RedisHash (preferred), or consider extending one of the following types with your repository: org.springframework.data.keyvalue.repository.KeyValueRepository
2025-02-40 15:04 o.s.d.r.c.RepositoryConfigurationExtensionSupport-Spring Data Redis - Could not safely identify store assignment for repository candidate interface com.beyond.StomachForce.restaurant.repository.AddressRepository; If you want this repository to be a Redis repository, consider annotating your entities with one of these annotations: org.springframework.data.redis.core.RedisHash (preferred), or consider extending one of the following types with your repository: org.springframework.data.keyvalue.repository.KeyValueRepository
2025-02-40 15:04 o.s.d.r.c.RepositoryConfigurationExtensionSupport-Spring Data Redis - Could not safely identify store assignment for repository candidate interface com.beyond.StomachForce.restaurant.repository.BookmarkRepository; If you want this repository to be a Redis repository, consider annotating your entities with one of these annotations: org.springframework.data.redis.core.RedisHash (preferred), or consider extending one of the following types with your repository: org.springframework.data.keyvalue.repository.KeyValueRepository
2025-02-40 15:04 o.s.d.r.c.RepositoryConfigurationExtensionSupport-Spring Data Redis - Could not safely identify store assignment for repository candidate interface com.beyond.StomachForce.restaurant.repository.RestaurantConvenienceRepository; If you want this repository to be a Redis repository, consider annotating your entities with one of these annotations: org.springframework.data.redis.core.RedisHash (preferred), or consider extending one of the following types with your repository: org.springframework.data.keyvalue.repository.KeyValueRepository
2025-02-40 15:04 o.s.d.r.c.RepositoryConfigurationExtensionSupport-Spring Data Redis - Could not safely identify store assignment for repository candidate interface com.beyond.StomachForce.restaurant.repository.RestaurantPhotoRepository; If you want this repository to be a Redis repository, consider annotating your entities with one of these annotations: org.springframework.data.redis.core.RedisHash (preferred), or consider extending one of the following types with your repository: org.springframework.data.keyvalue.repository.KeyValueRepository
2025-02-40 15:04 o.s.d.r.c.RepositoryConfigurationExtensionSupport-Spring Data Redis - Could not safely identify store assignment for repository candidate interface com.beyond.StomachForce.restaurant.repository.RestaurantRepository; If you want this repository to be a Redis repository, consider annotating your entities with one of these annotations: org.springframework.data.redis.core.RedisHash (preferred), or consider extending one of the following types with your repository: org.springframework.data.keyvalue.repository.KeyValueRepository
2025-02-40 15:04 o.s.d.r.c.RepositoryConfigurationExtensionSupport-Spring Data Redis - Could not safely identify store assignment for repository candidate interface com.beyond.StomachForce.review.repository.ReviewPhotoRepository; If you want this repository to be a Redis repository, consider annotating your entities with one of these annotations: org.springframework.data.redis.core.RedisHash (preferred), or consider extending one of the following types with your repository: org.springframework.data.keyvalue.repository.KeyValueRepository
2025-02-40 15:04 o.s.d.r.c.RepositoryConfigurationExtensionSupport-Spring Data Redis - Could not safely identify store assignment for repository candidate interface com.beyond.StomachForce.review.repository.ReviewRepository; If you want this repository to be a Redis repository, consider annotating your entities with one of these annotations: org.springframework.data.redis.core.RedisHash (preferred), or consider extending one of the following types with your repository: org.springframework.data.keyvalue.repository.KeyValueRepository
2025-02-40 15:04 o.s.d.r.c.RepositoryConfigurationExtensionSupport-Spring Data Redis - Could not safely identify store assignment for repository candidate interface com.beyond.StomachForce.User.repository.UserRepository; If you want this repository to be a Redis repository, consider annotating your entities with one of these annotations: org.springframework.data.redis.core.RedisHash (preferred), or consider extending one of the following types with your repository: org.springframework.data.keyvalue.repository.KeyValueRepository
2025-02-40 15:04 o.s.d.r.c.RepositoryConfigurationDelegate-Finished Spring Data repository scanning in 77 ms. Found 0 Redis repository interfaces.
2025-02-40 15:04 o.s.b.w.e.tomcat.TomcatWebServer-Tomcat initialized with port 8080 (http)
2025-02-40 15:04 o.a.coyote.http11.Http11NioProtocol-Initializing ProtocolHandler ["http-nio-8080"]
2025-02-40 15:04 o.a.catalina.core.StandardService-Starting service [Tomcat]
2025-02-40 15:04 o.a.catalina.core.StandardEngine-Starting Servlet engine: [Apache Tomcat/10.1.34]
2025-02-40 15:04 o.a.c.c.C.[Tomcat].[localhost].[/]-Initializing Spring embedded WebApplicationContext
2025-02-40 15:04 o.s.b.w.s.c.ServletWebServerApplicationContext-Root WebApplicationContext: initialization completed in 2462 ms
2025-02-40 15:04 o.h.jpa.internal.util.LogHelper-HHH000204: Processing PersistenceUnitInfo [name: default]
2025-02-40 15:04 org.hibernate.Version-HHH000412: Hibernate ORM core version 6.6.5.Final
2025-02-40 15:04 o.h.c.i.RegionFactoryInitiator-HHH000026: Second-level cache disabled
2025-02-40 15:04 o.s.o.j.p.SpringPersistenceUnitInfo-No LoadTimeWeaver setup: ignoring JPA class transformer
2025-02-40 15:04 com.zaxxer.hikari.HikariDataSource-HikariPool-1 - Starting...
2025-02-40 15:04 com.zaxxer.hikari.pool.HikariPool-HikariPool-1 - Added connection org.mariadb.jdbc.Connection@5a6efe33
2025-02-40 15:04 com.zaxxer.hikari.HikariDataSource-HikariPool-1 - Start completed.
2025-02-40 15:04 org.hibernate.orm.deprecation-HHH90000025: MariaDBDialect does not need to be specified explicitly using 'hibernate.dialect' (remove the property setting and it will be selected by default)
2025-02-40 15:04 o.hibernate.orm.connections.pooling-HHH10001005: Database info:
	Database JDBC URL [Connecting through datasource 'HikariDataSource (HikariPool-1)']
	Database driver: undefined/unknown
	Database version: 11.5.2
	Autocommit mode: undefined/unknown
	Isolation level: undefined/unknown
	Minimum pool size: undefined/unknown
	Maximum pool size: undefined/unknown
2025-02-40 15:04 o.s.o.j.LocalContainerEntityManagerFactoryBean-Failed to initialize JPA EntityManagerFactory: Could not determine recommended JdbcType for Java type 'com.beyond.StomachForce.coupon.domain.Coupon'
2025-02-40 15:04 o.s.b.w.s.c.AnnotationConfigServletWebServerApplicationContext-Exception encountered during context initialization - cancelling refresh attempt: org.springframework.beans.factory.BeanCreationException: Error creating bean with name 'entityManagerFactory' defined in class path resource [org/springframework/boot/autoconfigure/orm/jpa/HibernateJpaConfiguration.class]: Could not determine recommended JdbcType for Java type 'com.beyond.StomachForce.coupon.domain.Coupon'
2025-02-40 15:04 com.zaxxer.hikari.HikariDataSource-HikariPool-1 - Shutdown initiated...
2025-02-40 15:04 com.zaxxer.hikari.HikariDataSource-HikariPool-1 - Shutdown completed.
2025-02-40 15:04 o.a.catalina.core.StandardService-Stopping service [Tomcat]
2025-02-40 15:04 o.s.b.a.l.ConditionEvaluationReportLogger-

Error starting ApplicationContext. To display the condition evaluation report re-run your application with 'debug' enabled.
2025-02-40 15:04 o.s.boot.SpringApplication-Application run failed
org.springframework.beans.factory.BeanCreationException: Error creating bean with name 'entityManagerFactory' defined in class path resource [org/springframework/boot/autoconfigure/orm/jpa/HibernateJpaConfiguration.class]: Could not determine recommended JdbcType for Java type 'com.beyond.StomachForce.coupon.domain.Coupon'
	at org.springframework.beans.factory.support.AbstractAutowireCapableBeanFactory.initializeBean(AbstractAutowireCapableBeanFactory.java:1812)
	at org.springframework.beans.factory.support.AbstractAutowireCapableBeanFactory.doCreateBean(AbstractAutowireCapableBeanFactory.java:601)
	at org.springframework.beans.factory.support.AbstractAutowireCapableBeanFactory.createBean(AbstractAutowireCapableBeanFactory.java:523)
	at org.springframework.beans.factory.support.AbstractBeanFactory.lambda$doGetBean$0(AbstractBeanFactory.java:336)
	at org.springframework.beans.factory.support.DefaultSingletonBeanRegistry.getSingleton(DefaultSingletonBeanRegistry.java:307)
	at org.springframework.beans.factory.support.AbstractBeanFactory.doGetBean(AbstractBeanFactory.java:334)
	at org.springframework.beans.factory.support.AbstractBeanFactory.getBean(AbstractBeanFactory.java:204)
	at org.springframework.context.support.AbstractApplicationContext.finishBeanFactoryInitialization(AbstractApplicationContext.java:970)
	at org.springframework.context.support.AbstractApplicationContext.refresh(AbstractApplicationContext.java:627)
	at org.springframework.boot.web.servlet.context.ServletWebServerApplicationContext.refresh(ServletWebServerApplicationContext.java:146)
	at org.springframework.boot.SpringApplication.refresh(SpringApplication.java:752)
	at org.springframework.boot.SpringApplication.refreshContext(SpringApplication.java:439)
	at org.springframework.boot.SpringApplication.run(SpringApplication.java:318)
	at org.springframework.boot.SpringApplication.run(SpringApplication.java:1361)
	at org.springframework.boot.SpringApplication.run(SpringApplication.java:1350)
	at com.beyond.StomachForce.StomachForceApplication.main(StomachForceApplication.java:9)
Caused by: org.hibernate.type.descriptor.java.spi.JdbcTypeRecommendationException: Could not determine recommended JdbcType for Java type 'com.beyond.StomachForce.coupon.domain.Coupon'
	at org.hibernate.type.descriptor.java.spi.UnknownBasicJavaType.getRecommendedJdbcType(UnknownBasicJavaType.java:50)
	at org.hibernate.boot.model.process.internal.InferredBasicValueResolver.from(InferredBasicValueResolver.java:195)
	at org.hibernate.mapping.BasicValue.resolution(BasicValue.java:664)
	at org.hibernate.mapping.BasicValue.buildResolution(BasicValue.java:461)
	at org.hibernate.mapping.BasicValue.resolve(BasicValue.java:351)
	at org.hibernate.mapping.BasicValue.resolve(BasicValue.java:341)
	at org.hibernate.boot.internal.InFlightMetadataCollectorImpl.lambda$processValueResolvers$6(InFlightMetadataCollectorImpl.java:1827)
	at java.base/java.util.ArrayList.removeIf(ArrayList.java:1682)
	at java.base/java.util.ArrayList.removeIf(ArrayList.java:1660)
	at org.hibernate.boot.internal.InFlightMetadataCollectorImpl.processValueResolvers(InFlightMetadataCollectorImpl.java:1826)
	at org.hibernate.boot.internal.InFlightMetadataCollectorImpl.processSecondPasses(InFlightMetadataCollectorImpl.java:1812)
	at org.hibernate.boot.model.process.spi.MetadataBuildingProcess.complete(MetadataBuildingProcess.java:334)
	at org.hibernate.jpa.boot.internal.EntityManagerFactoryBuilderImpl.metadata(EntityManagerFactoryBuilderImpl.java:1431)
	at org.hibernate.jpa.boot.internal.EntityManagerFactoryBuilderImpl.build(EntityManagerFactoryBuilderImpl.java:1502)
	at org.springframework.orm.jpa.vendor.SpringHibernateJpaPersistenceProvider.createContainerEntityManagerFactory(SpringHibernateJpaPersistenceProvider.java:66)
	at org.springframework.orm.jpa.LocalContainerEntityManagerFactoryBean.createNativeEntityManagerFactory(LocalContainerEntityManagerFactoryBean.java:390)
	at org.springframework.orm.jpa.AbstractEntityManagerFactoryBean.buildNativeEntityManagerFactory(AbstractEntityManagerFactoryBean.java:419)
	at org.springframework.orm.jpa.AbstractEntityManagerFactoryBean.afterPropertiesSet(AbstractEntityManagerFactoryBean.java:400)
	at org.springframework.orm.jpa.LocalContainerEntityManagerFactoryBean.afterPropertiesSet(LocalContainerEntityManagerFactoryBean.java:366)
	at org.springframework.beans.factory.support.AbstractAutowireCapableBeanFactory.invokeInitMethods(AbstractAutowireCapableBeanFactory.java:1859)
	at org.springframework.beans.factory.support.AbstractAutowireCapableBeanFactory.initializeBean(AbstractAutowireCapableBeanFactory.java:1808)
	... 15 common frames omitted
2025-02-40 15:06 o.h.validator.internal.util.Version-HV000001: Hibernate Validator 8.0.2.Final
2025-02-40 15:06 c.b.S.StomachForceApplication-Starting StomachForceApplication using Java 17.0.13 with PID 14312 (C:\Users\Playdata\Desktop\be11-2nd-ChulungChulung-StomachForce-BE\build\classes\java\main started by Playdata in C:\Users\Playdata\Desktop\be11-2nd-ChulungChulung-StomachForce-BE)
2025-02-40 15:06 c.b.S.StomachForceApplication-No active profile set, falling back to 1 default profile: "default"
2025-02-40 15:06 o.s.d.r.c.RepositoryConfigurationDelegate-Multiple Spring Data modules found, entering strict repository configuration mode
2025-02-40 15:06 o.s.d.r.c.RepositoryConfigurationDelegate-Bootstrapping Spring Data JPA repositories in DEFAULT mode.
2025-02-40 15:06 o.s.d.r.c.RepositoryConfigurationDelegate-Finished Spring Data repository scanning in 323 ms. Found 10 JPA repository interfaces.
2025-02-40 15:06 o.s.d.r.c.RepositoryConfigurationDelegate-Multiple Spring Data modules found, entering strict repository configuration mode
2025-02-40 15:06 o.s.d.r.c.RepositoryConfigurationDelegate-Bootstrapping Spring Data Redis repositories in DEFAULT mode.
2025-02-40 15:06 o.s.d.r.c.RepositoryConfigurationExtensionSupport-Spring Data Redis - Could not safely identify store assignment for repository candidate interface com.beyond.StomachForce.Post.repository.LikeRepository; If you want this repository to be a Redis repository, consider annotating your entities with one of these annotations: org.springframework.data.redis.core.RedisHash (preferred), or consider extending one of the following types with your repository: org.springframework.data.keyvalue.repository.KeyValueRepository
2025-02-40 15:06 o.s.d.r.c.RepositoryConfigurationExtensionSupport-Spring Data Redis - Could not safely identify store assignment for repository candidate interface com.beyond.StomachForce.Post.repository.PostRepository; If you want this repository to be a Redis repository, consider annotating your entities with one of these annotations: org.springframework.data.redis.core.RedisHash (preferred), or consider extending one of the following types with your repository: org.springframework.data.keyvalue.repository.KeyValueRepository
2025-02-40 15:06 o.s.d.r.c.RepositoryConfigurationExtensionSupport-Spring Data Redis - Could not safely identify store assignment for repository candidate interface com.beyond.StomachForce.restaurant.repository.AddressRepository; If you want this repository to be a Redis repository, consider annotating your entities with one of these annotations: org.springframework.data.redis.core.RedisHash (preferred), or consider extending one of the following types with your repository: org.springframework.data.keyvalue.repository.KeyValueRepository
2025-02-40 15:06 o.s.d.r.c.RepositoryConfigurationExtensionSupport-Spring Data Redis - Could not safely identify store assignment for repository candidate interface com.beyond.StomachForce.restaurant.repository.BookmarkRepository; If you want this repository to be a Redis repository, consider annotating your entities with one of these annotations: org.springframework.data.redis.core.RedisHash (preferred), or consider extending one of the following types with your repository: org.springframework.data.keyvalue.repository.KeyValueRepository
2025-02-40 15:06 o.s.d.r.c.RepositoryConfigurationExtensionSupport-Spring Data Redis - Could not safely identify store assignment for repository candidate interface com.beyond.StomachForce.restaurant.repository.RestaurantConvenienceRepository; If you want this repository to be a Redis repository, consider annotating your entities with one of these annotations: org.springframework.data.redis.core.RedisHash (preferred), or consider extending one of the following types with your repository: org.springframework.data.keyvalue.repository.KeyValueRepository
2025-02-40 15:06 o.s.d.r.c.RepositoryConfigurationExtensionSupport-Spring Data Redis - Could not safely identify store assignment for repository candidate interface com.beyond.StomachForce.restaurant.repository.RestaurantPhotoRepository; If you want this repository to be a Redis repository, consider annotating your entities with one of these annotations: org.springframework.data.redis.core.RedisHash (preferred), or consider extending one of the following types with your repository: org.springframework.data.keyvalue.repository.KeyValueRepository
2025-02-40 15:06 o.s.d.r.c.RepositoryConfigurationExtensionSupport-Spring Data Redis - Could not safely identify store assignment for repository candidate interface com.beyond.StomachForce.restaurant.repository.RestaurantRepository; If you want this repository to be a Redis repository, consider annotating your entities with one of these annotations: org.springframework.data.redis.core.RedisHash (preferred), or consider extending one of the following types with your repository: org.springframework.data.keyvalue.repository.KeyValueRepository
2025-02-40 15:06 o.s.d.r.c.RepositoryConfigurationExtensionSupport-Spring Data Redis - Could not safely identify store assignment for repository candidate interface com.beyond.StomachForce.review.repository.ReviewPhotoRepository; If you want this repository to be a Redis repository, consider annotating your entities with one of these annotations: org.springframework.data.redis.core.RedisHash (preferred), or consider extending one of the following types with your repository: org.springframework.data.keyvalue.repository.KeyValueRepository
2025-02-40 15:06 o.s.d.r.c.RepositoryConfigurationExtensionSupport-Spring Data Redis - Could not safely identify store assignment for repository candidate interface com.beyond.StomachForce.review.repository.ReviewRepository; If you want this repository to be a Redis repository, consider annotating your entities with one of these annotations: org.springframework.data.redis.core.RedisHash (preferred), or consider extending one of the following types with your repository: org.springframework.data.keyvalue.repository.KeyValueRepository
2025-02-40 15:06 o.s.d.r.c.RepositoryConfigurationExtensionSupport-Spring Data Redis - Could not safely identify store assignment for repository candidate interface com.beyond.StomachForce.User.repository.UserRepository; If you want this repository to be a Redis repository, consider annotating your entities with one of these annotations: org.springframework.data.redis.core.RedisHash (preferred), or consider extending one of the following types with your repository: org.springframework.data.keyvalue.repository.KeyValueRepository
2025-02-40 15:06 o.s.d.r.c.RepositoryConfigurationDelegate-Finished Spring Data repository scanning in 65 ms. Found 0 Redis repository interfaces.
2025-02-40 15:06 o.s.b.w.e.tomcat.TomcatWebServer-Tomcat initialized with port 8080 (http)
2025-02-40 15:06 o.a.coyote.http11.Http11NioProtocol-Initializing ProtocolHandler ["http-nio-8080"]
2025-02-40 15:06 o.a.catalina.core.StandardService-Starting service [Tomcat]
2025-02-40 15:06 o.a.catalina.core.StandardEngine-Starting Servlet engine: [Apache Tomcat/10.1.34]
2025-02-40 15:06 o.a.c.c.C.[Tomcat].[localhost].[/]-Initializing Spring embedded WebApplicationContext
2025-02-40 15:06 o.s.b.w.s.c.ServletWebServerApplicationContext-Root WebApplicationContext: initialization completed in 2489 ms
2025-02-40 15:06 o.h.jpa.internal.util.LogHelper-HHH000204: Processing PersistenceUnitInfo [name: default]
2025-02-40 15:06 org.hibernate.Version-HHH000412: Hibernate ORM core version 6.6.5.Final
2025-02-40 15:06 o.h.c.i.RegionFactoryInitiator-HHH000026: Second-level cache disabled
2025-02-40 15:06 o.s.o.j.p.SpringPersistenceUnitInfo-No LoadTimeWeaver setup: ignoring JPA class transformer
2025-02-40 15:06 com.zaxxer.hikari.HikariDataSource-HikariPool-1 - Starting...
2025-02-40 15:06 com.zaxxer.hikari.pool.HikariPool-HikariPool-1 - Added connection org.mariadb.jdbc.Connection@5a6efe33
2025-02-40 15:06 com.zaxxer.hikari.HikariDataSource-HikariPool-1 - Start completed.
2025-02-40 15:06 org.hibernate.orm.deprecation-HHH90000025: MariaDBDialect does not need to be specified explicitly using 'hibernate.dialect' (remove the property setting and it will be selected by default)
2025-02-40 15:06 o.hibernate.orm.connections.pooling-HHH10001005: Database info:
	Database JDBC URL [Connecting through datasource 'HikariDataSource (HikariPool-1)']
	Database driver: undefined/unknown
	Database version: 11.5.2
	Autocommit mode: undefined/unknown
	Isolation level: undefined/unknown
	Minimum pool size: undefined/unknown
	Maximum pool size: undefined/unknown
2025-02-40 15:06 o.s.o.j.LocalContainerEntityManagerFactoryBean-Failed to initialize JPA EntityManagerFactory: Could not determine recommended JdbcType for Java type 'com.beyond.StomachForce.restaurant.entity.Restaurant'
2025-02-40 15:06 o.s.b.w.s.c.AnnotationConfigServletWebServerApplicationContext-Exception encountered during context initialization - cancelling refresh attempt: org.springframework.beans.factory.BeanCreationException: Error creating bean with name 'entityManagerFactory' defined in class path resource [org/springframework/boot/autoconfigure/orm/jpa/HibernateJpaConfiguration.class]: Could not determine recommended JdbcType for Java type 'com.beyond.StomachForce.restaurant.entity.Restaurant'
2025-02-40 15:06 com.zaxxer.hikari.HikariDataSource-HikariPool-1 - Shutdown initiated...
2025-02-40 15:06 com.zaxxer.hikari.HikariDataSource-HikariPool-1 - Shutdown completed.
2025-02-40 15:06 o.a.catalina.core.StandardService-Stopping service [Tomcat]
2025-02-40 15:06 o.s.b.a.l.ConditionEvaluationReportLogger-

Error starting ApplicationContext. To display the condition evaluation report re-run your application with 'debug' enabled.
2025-02-40 15:06 o.s.boot.SpringApplication-Application run failed
org.springframework.beans.factory.BeanCreationException: Error creating bean with name 'entityManagerFactory' defined in class path resource [org/springframework/boot/autoconfigure/orm/jpa/HibernateJpaConfiguration.class]: Could not determine recommended JdbcType for Java type 'com.beyond.StomachForce.restaurant.entity.Restaurant'
	at org.springframework.beans.factory.support.AbstractAutowireCapableBeanFactory.initializeBean(AbstractAutowireCapableBeanFactory.java:1812)
	at org.springframework.beans.factory.support.AbstractAutowireCapableBeanFactory.doCreateBean(AbstractAutowireCapableBeanFactory.java:601)
	at org.springframework.beans.factory.support.AbstractAutowireCapableBeanFactory.createBean(AbstractAutowireCapableBeanFactory.java:523)
	at org.springframework.beans.factory.support.AbstractBeanFactory.lambda$doGetBean$0(AbstractBeanFactory.java:336)
	at org.springframework.beans.factory.support.DefaultSingletonBeanRegistry.getSingleton(DefaultSingletonBeanRegistry.java:307)
	at org.springframework.beans.factory.support.AbstractBeanFactory.doGetBean(AbstractBeanFactory.java:334)
	at org.springframework.beans.factory.support.AbstractBeanFactory.getBean(AbstractBeanFactory.java:204)
	at org.springframework.context.support.AbstractApplicationContext.finishBeanFactoryInitialization(AbstractApplicationContext.java:970)
	at org.springframework.context.support.AbstractApplicationContext.refresh(AbstractApplicationContext.java:627)
	at org.springframework.boot.web.servlet.context.ServletWebServerApplicationContext.refresh(ServletWebServerApplicationContext.java:146)
	at org.springframework.boot.SpringApplication.refresh(SpringApplication.java:752)
	at org.springframework.boot.SpringApplication.refreshContext(SpringApplication.java:439)
	at org.springframework.boot.SpringApplication.run(SpringApplication.java:318)
	at org.springframework.boot.SpringApplication.run(SpringApplication.java:1361)
	at org.springframework.boot.SpringApplication.run(SpringApplication.java:1350)
	at com.beyond.StomachForce.StomachForceApplication.main(StomachForceApplication.java:9)
Caused by: org.hibernate.type.descriptor.java.spi.JdbcTypeRecommendationException: Could not determine recommended JdbcType for Java type 'com.beyond.StomachForce.restaurant.entity.Restaurant'
	at org.hibernate.type.descriptor.java.spi.UnknownBasicJavaType.getRecommendedJdbcType(UnknownBasicJavaType.java:50)
	at org.hibernate.boot.model.process.internal.InferredBasicValueResolver.from(InferredBasicValueResolver.java:195)
	at org.hibernate.mapping.BasicValue.resolution(BasicValue.java:664)
	at org.hibernate.mapping.BasicValue.buildResolution(BasicValue.java:461)
	at org.hibernate.mapping.BasicValue.resolve(BasicValue.java:351)
	at org.hibernate.mapping.BasicValue.resolve(BasicValue.java:341)
	at org.hibernate.boot.internal.InFlightMetadataCollectorImpl.lambda$processValueResolvers$6(InFlightMetadataCollectorImpl.java:1827)
	at java.base/java.util.ArrayList.removeIf(ArrayList.java:1682)
	at java.base/java.util.ArrayList.removeIf(ArrayList.java:1660)
	at org.hibernate.boot.internal.InFlightMetadataCollectorImpl.processValueResolvers(InFlightMetadataCollectorImpl.java:1826)
	at org.hibernate.boot.internal.InFlightMetadataCollectorImpl.processSecondPasses(InFlightMetadataCollectorImpl.java:1812)
	at org.hibernate.boot.model.process.spi.MetadataBuildingProcess.complete(MetadataBuildingProcess.java:334)
	at org.hibernate.jpa.boot.internal.EntityManagerFactoryBuilderImpl.metadata(EntityManagerFactoryBuilderImpl.java:1431)
	at org.hibernate.jpa.boot.internal.EntityManagerFactoryBuilderImpl.build(EntityManagerFactoryBuilderImpl.java:1502)
	at org.springframework.orm.jpa.vendor.SpringHibernateJpaPersistenceProvider.createContainerEntityManagerFactory(SpringHibernateJpaPersistenceProvider.java:66)
	at org.springframework.orm.jpa.LocalContainerEntityManagerFactoryBean.createNativeEntityManagerFactory(LocalContainerEntityManagerFactoryBean.java:390)
	at org.springframework.orm.jpa.AbstractEntityManagerFactoryBean.buildNativeEntityManagerFactory(AbstractEntityManagerFactoryBean.java:419)
	at org.springframework.orm.jpa.AbstractEntityManagerFactoryBean.afterPropertiesSet(AbstractEntityManagerFactoryBean.java:400)
	at org.springframework.orm.jpa.LocalContainerEntityManagerFactoryBean.afterPropertiesSet(LocalContainerEntityManagerFactoryBean.java:366)
	at org.springframework.beans.factory.support.AbstractAutowireCapableBeanFactory.invokeInitMethods(AbstractAutowireCapableBeanFactory.java:1859)
	at org.springframework.beans.factory.support.AbstractAutowireCapableBeanFactory.initializeBean(AbstractAutowireCapableBeanFactory.java:1808)
	... 15 common frames omitted
2025-02-40 15:08 o.h.validator.internal.util.Version-HV000001: Hibernate Validator 8.0.2.Final
2025-02-40 15:08 c.b.S.StomachForceApplication-Starting StomachForceApplication using Java 17.0.13 with PID 9828 (C:\Users\Playdata\Desktop\be11-2nd-ChulungChulung-StomachForce-BE\build\classes\java\main started by Playdata in C:\Users\Playdata\Desktop\be11-2nd-ChulungChulung-StomachForce-BE)
2025-02-40 15:08 c.b.S.StomachForceApplication-No active profile set, falling back to 1 default profile: "default"
2025-02-40 15:08 o.s.d.r.c.RepositoryConfigurationDelegate-Multiple Spring Data modules found, entering strict repository configuration mode
2025-02-40 15:08 o.s.d.r.c.RepositoryConfigurationDelegate-Bootstrapping Spring Data JPA repositories in DEFAULT mode.
2025-02-40 15:09 o.s.d.r.c.RepositoryConfigurationDelegate-Finished Spring Data repository scanning in 304 ms. Found 10 JPA repository interfaces.
2025-02-40 15:09 o.s.d.r.c.RepositoryConfigurationDelegate-Multiple Spring Data modules found, entering strict repository configuration mode
2025-02-40 15:09 o.s.d.r.c.RepositoryConfigurationDelegate-Bootstrapping Spring Data Redis repositories in DEFAULT mode.
2025-02-40 15:09 o.s.d.r.c.RepositoryConfigurationExtensionSupport-Spring Data Redis - Could not safely identify store assignment for repository candidate interface com.beyond.StomachForce.Post.repository.LikeRepository; If you want this repository to be a Redis repository, consider annotating your entities with one of these annotations: org.springframework.data.redis.core.RedisHash (preferred), or consider extending one of the following types with your repository: org.springframework.data.keyvalue.repository.KeyValueRepository
2025-02-40 15:09 o.s.d.r.c.RepositoryConfigurationExtensionSupport-Spring Data Redis - Could not safely identify store assignment for repository candidate interface com.beyond.StomachForce.Post.repository.PostRepository; If you want this repository to be a Redis repository, consider annotating your entities with one of these annotations: org.springframework.data.redis.core.RedisHash (preferred), or consider extending one of the following types with your repository: org.springframework.data.keyvalue.repository.KeyValueRepository
2025-02-40 15:09 o.s.d.r.c.RepositoryConfigurationExtensionSupport-Spring Data Redis - Could not safely identify store assignment for repository candidate interface com.beyond.StomachForce.restaurant.repository.AddressRepository; If you want this repository to be a Redis repository, consider annotating your entities with one of these annotations: org.springframework.data.redis.core.RedisHash (preferred), or consider extending one of the following types with your repository: org.springframework.data.keyvalue.repository.KeyValueRepository
2025-02-40 15:09 o.s.d.r.c.RepositoryConfigurationExtensionSupport-Spring Data Redis - Could not safely identify store assignment for repository candidate interface com.beyond.StomachForce.restaurant.repository.BookmarkRepository; If you want this repository to be a Redis repository, consider annotating your entities with one of these annotations: org.springframework.data.redis.core.RedisHash (preferred), or consider extending one of the following types with your repository: org.springframework.data.keyvalue.repository.KeyValueRepository
2025-02-40 15:09 o.s.d.r.c.RepositoryConfigurationExtensionSupport-Spring Data Redis - Could not safely identify store assignment for repository candidate interface com.beyond.StomachForce.restaurant.repository.RestaurantConvenienceRepository; If you want this repository to be a Redis repository, consider annotating your entities with one of these annotations: org.springframework.data.redis.core.RedisHash (preferred), or consider extending one of the following types with your repository: org.springframework.data.keyvalue.repository.KeyValueRepository
2025-02-40 15:09 o.s.d.r.c.RepositoryConfigurationExtensionSupport-Spring Data Redis - Could not safely identify store assignment for repository candidate interface com.beyond.StomachForce.restaurant.repository.RestaurantPhotoRepository; If you want this repository to be a Redis repository, consider annotating your entities with one of these annotations: org.springframework.data.redis.core.RedisHash (preferred), or consider extending one of the following types with your repository: org.springframework.data.keyvalue.repository.KeyValueRepository
2025-02-40 15:09 o.s.d.r.c.RepositoryConfigurationExtensionSupport-Spring Data Redis - Could not safely identify store assignment for repository candidate interface com.beyond.StomachForce.restaurant.repository.RestaurantRepository; If you want this repository to be a Redis repository, consider annotating your entities with one of these annotations: org.springframework.data.redis.core.RedisHash (preferred), or consider extending one of the following types with your repository: org.springframework.data.keyvalue.repository.KeyValueRepository
2025-02-40 15:09 o.s.d.r.c.RepositoryConfigurationExtensionSupport-Spring Data Redis - Could not safely identify store assignment for repository candidate interface com.beyond.StomachForce.review.repository.ReviewPhotoRepository; If you want this repository to be a Redis repository, consider annotating your entities with one of these annotations: org.springframework.data.redis.core.RedisHash (preferred), or consider extending one of the following types with your repository: org.springframework.data.keyvalue.repository.KeyValueRepository
2025-02-40 15:09 o.s.d.r.c.RepositoryConfigurationExtensionSupport-Spring Data Redis - Could not safely identify store assignment for repository candidate interface com.beyond.StomachForce.review.repository.ReviewRepository; If you want this repository to be a Redis repository, consider annotating your entities with one of these annotations: org.springframework.data.redis.core.RedisHash (preferred), or consider extending one of the following types with your repository: org.springframework.data.keyvalue.repository.KeyValueRepository
2025-02-40 15:09 o.s.d.r.c.RepositoryConfigurationExtensionSupport-Spring Data Redis - Could not safely identify store assignment for repository candidate interface com.beyond.StomachForce.User.repository.UserRepository; If you want this repository to be a Redis repository, consider annotating your entities with one of these annotations: org.springframework.data.redis.core.RedisHash (preferred), or consider extending one of the following types with your repository: org.springframework.data.keyvalue.repository.KeyValueRepository
2025-02-40 15:09 o.s.d.r.c.RepositoryConfigurationDelegate-Finished Spring Data repository scanning in 93 ms. Found 0 Redis repository interfaces.
2025-02-40 15:09 o.s.b.w.e.tomcat.TomcatWebServer-Tomcat initialized with port 8080 (http)
2025-02-40 15:09 o.a.coyote.http11.Http11NioProtocol-Initializing ProtocolHandler ["http-nio-8080"]
2025-02-40 15:09 o.a.catalina.core.StandardService-Starting service [Tomcat]
2025-02-40 15:09 o.a.catalina.core.StandardEngine-Starting Servlet engine: [Apache Tomcat/10.1.34]
2025-02-40 15:09 o.a.c.c.C.[Tomcat].[localhost].[/]-Initializing Spring embedded WebApplicationContext
2025-02-40 15:09 o.s.b.w.s.c.ServletWebServerApplicationContext-Root WebApplicationContext: initialization completed in 2647 ms
2025-02-40 15:09 o.h.jpa.internal.util.LogHelper-HHH000204: Processing PersistenceUnitInfo [name: default]
2025-02-40 15:09 org.hibernate.Version-HHH000412: Hibernate ORM core version 6.6.5.Final
2025-02-40 15:09 o.h.c.i.RegionFactoryInitiator-HHH000026: Second-level cache disabled
2025-02-40 15:09 o.s.o.j.p.SpringPersistenceUnitInfo-No LoadTimeWeaver setup: ignoring JPA class transformer
2025-02-40 15:09 com.zaxxer.hikari.HikariDataSource-HikariPool-1 - Starting...
2025-02-40 15:09 com.zaxxer.hikari.pool.HikariPool-HikariPool-1 - Added connection org.mariadb.jdbc.Connection@51869ad6
2025-02-40 15:09 com.zaxxer.hikari.HikariDataSource-HikariPool-1 - Start completed.
2025-02-40 15:09 org.hibernate.orm.deprecation-HHH90000025: MariaDBDialect does not need to be specified explicitly using 'hibernate.dialect' (remove the property setting and it will be selected by default)
2025-02-40 15:09 o.hibernate.orm.connections.pooling-HHH10001005: Database info:
	Database JDBC URL [Connecting through datasource 'HikariDataSource (HikariPool-1)']
	Database driver: undefined/unknown
	Database version: 11.5.2
	Autocommit mode: undefined/unknown
	Isolation level: undefined/unknown
	Minimum pool size: undefined/unknown
	Maximum pool size: undefined/unknown
2025-02-40 15:09 o.s.o.j.LocalContainerEntityManagerFactoryBean-Failed to initialize JPA EntityManagerFactory: Property 'com.beyond.StomachForce.reservation.domain.Reservation.coupon' is not a collection and may not be a '@OneToMany', '@ManyToMany', or '@ElementCollection'
2025-02-40 15:09 o.s.b.w.s.c.AnnotationConfigServletWebServerApplicationContext-Exception encountered during context initialization - cancelling refresh attempt: org.springframework.beans.factory.BeanCreationException: Error creating bean with name 'entityManagerFactory' defined in class path resource [org/springframework/boot/autoconfigure/orm/jpa/HibernateJpaConfiguration.class]: Property 'com.beyond.StomachForce.reservation.domain.Reservation.coupon' is not a collection and may not be a '@OneToMany', '@ManyToMany', or '@ElementCollection'
2025-02-40 15:09 com.zaxxer.hikari.HikariDataSource-HikariPool-1 - Shutdown initiated...
2025-02-40 15:09 com.zaxxer.hikari.HikariDataSource-HikariPool-1 - Shutdown completed.
2025-02-40 15:09 o.a.catalina.core.StandardService-Stopping service [Tomcat]
2025-02-40 15:09 o.s.b.a.l.ConditionEvaluationReportLogger-

Error starting ApplicationContext. To display the condition evaluation report re-run your application with 'debug' enabled.
2025-02-40 15:09 o.s.boot.SpringApplication-Application run failed
org.springframework.beans.factory.BeanCreationException: Error creating bean with name 'entityManagerFactory' defined in class path resource [org/springframework/boot/autoconfigure/orm/jpa/HibernateJpaConfiguration.class]: Property 'com.beyond.StomachForce.reservation.domain.Reservation.coupon' is not a collection and may not be a '@OneToMany', '@ManyToMany', or '@ElementCollection'
	at org.springframework.beans.factory.support.AbstractAutowireCapableBeanFactory.initializeBean(AbstractAutowireCapableBeanFactory.java:1812)
	at org.springframework.beans.factory.support.AbstractAutowireCapableBeanFactory.doCreateBean(AbstractAutowireCapableBeanFactory.java:601)
	at org.springframework.beans.factory.support.AbstractAutowireCapableBeanFactory.createBean(AbstractAutowireCapableBeanFactory.java:523)
	at org.springframework.beans.factory.support.AbstractBeanFactory.lambda$doGetBean$0(AbstractBeanFactory.java:336)
	at org.springframework.beans.factory.support.DefaultSingletonBeanRegistry.getSingleton(DefaultSingletonBeanRegistry.java:307)
	at org.springframework.beans.factory.support.AbstractBeanFactory.doGetBean(AbstractBeanFactory.java:334)
	at org.springframework.beans.factory.support.AbstractBeanFactory.getBean(AbstractBeanFactory.java:204)
	at org.springframework.context.support.AbstractApplicationContext.finishBeanFactoryInitialization(AbstractApplicationContext.java:970)
	at org.springframework.context.support.AbstractApplicationContext.refresh(AbstractApplicationContext.java:627)
	at org.springframework.boot.web.servlet.context.ServletWebServerApplicationContext.refresh(ServletWebServerApplicationContext.java:146)
	at org.springframework.boot.SpringApplication.refresh(SpringApplication.java:752)
	at org.springframework.boot.SpringApplication.refreshContext(SpringApplication.java:439)
	at org.springframework.boot.SpringApplication.run(SpringApplication.java:318)
	at org.springframework.boot.SpringApplication.run(SpringApplication.java:1361)
	at org.springframework.boot.SpringApplication.run(SpringApplication.java:1350)
	at com.beyond.StomachForce.StomachForceApplication.main(StomachForceApplication.java:9)
Caused by: org.hibernate.AnnotationException: Property 'com.beyond.StomachForce.reservation.domain.Reservation.coupon' is not a collection and may not be a '@OneToMany', '@ManyToMany', or '@ElementCollection'
	at org.hibernate.boot.model.internal.CollectionBinder.determineSemanticJavaType(CollectionBinder.java:1121)
	at org.hibernate.boot.model.internal.CollectionBinder.determineCollectionClassification(CollectionBinder.java:1013)
	at org.hibernate.boot.model.internal.CollectionBinder.createBinderAutomatically(CollectionBinder.java:855)
	at org.hibernate.boot.model.internal.CollectionBinder.getCollectionBinder(CollectionBinder.java:848)
	at org.hibernate.boot.model.internal.CollectionBinder.bindCollection(CollectionBinder.java:284)
	at org.hibernate.boot.model.internal.PropertyBinder.bindProperty(PropertyBinder.java:897)
	at org.hibernate.boot.model.internal.PropertyBinder.buildProperty(PropertyBinder.java:811)
	at org.hibernate.boot.model.internal.PropertyBinder.processElementAnnotations(PropertyBinder.java:732)
	at org.hibernate.boot.model.internal.EntityBinder.processIdPropertiesIfNotAlready(EntityBinder.java:1088)
	at org.hibernate.boot.model.internal.EntityBinder.handleIdentifier(EntityBinder.java:419)
	at org.hibernate.boot.model.internal.EntityBinder.bindEntityClass(EntityBinder.java:251)
	at org.hibernate.boot.model.internal.AnnotationBinder.bindClass(AnnotationBinder.java:401)
	at org.hibernate.boot.model.source.internal.annotations.AnnotationMetadataSourceProcessorImpl.processEntityHierarchies(AnnotationMetadataSourceProcessorImpl.java:257)
	at org.hibernate.boot.model.process.spi.MetadataBuildingProcess$1.processEntityHierarchies(MetadataBuildingProcess.java:281)
	at org.hibernate.boot.model.process.spi.MetadataBuildingProcess.complete(MetadataBuildingProcess.java:324)
	at org.hibernate.jpa.boot.internal.EntityManagerFactoryBuilderImpl.metadata(EntityManagerFactoryBuilderImpl.java:1431)
	at org.hibernate.jpa.boot.internal.EntityManagerFactoryBuilderImpl.build(EntityManagerFactoryBuilderImpl.java:1502)
	at org.springframework.orm.jpa.vendor.SpringHibernateJpaPersistenceProvider.createContainerEntityManagerFactory(SpringHibernateJpaPersistenceProvider.java:66)
	at org.springframework.orm.jpa.LocalContainerEntityManagerFactoryBean.createNativeEntityManagerFactory(LocalContainerEntityManagerFactoryBean.java:390)
	at org.springframework.orm.jpa.AbstractEntityManagerFactoryBean.buildNativeEntityManagerFactory(AbstractEntityManagerFactoryBean.java:419)
	at org.springframework.orm.jpa.AbstractEntityManagerFactoryBean.afterPropertiesSet(AbstractEntityManagerFactoryBean.java:400)
	at org.springframework.orm.jpa.LocalContainerEntityManagerFactoryBean.afterPropertiesSet(LocalContainerEntityManagerFactoryBean.java:366)
	at org.springframework.beans.factory.support.AbstractAutowireCapableBeanFactory.invokeInitMethods(AbstractAutowireCapableBeanFactory.java:1859)
	at org.springframework.beans.factory.support.AbstractAutowireCapableBeanFactory.initializeBean(AbstractAutowireCapableBeanFactory.java:1808)
	... 15 common frames omitted
2025-02-40 15:10 o.h.validator.internal.util.Version-HV000001: Hibernate Validator 8.0.2.Final
2025-02-40 15:10 c.b.S.StomachForceApplication-Starting StomachForceApplication using Java 17.0.13 with PID 12760 (C:\Users\Playdata\Desktop\be11-2nd-ChulungChulung-StomachForce-BE\build\classes\java\main started by Playdata in C:\Users\Playdata\Desktop\be11-2nd-ChulungChulung-StomachForce-BE)
2025-02-40 15:10 c.b.S.StomachForceApplication-No active profile set, falling back to 1 default profile: "default"
2025-02-40 15:10 o.s.d.r.c.RepositoryConfigurationDelegate-Multiple Spring Data modules found, entering strict repository configuration mode
2025-02-40 15:10 o.s.d.r.c.RepositoryConfigurationDelegate-Bootstrapping Spring Data JPA repositories in DEFAULT mode.
2025-02-40 15:10 o.s.d.r.c.RepositoryConfigurationDelegate-Finished Spring Data repository scanning in 279 ms. Found 10 JPA repository interfaces.
2025-02-40 15:10 o.s.d.r.c.RepositoryConfigurationDelegate-Multiple Spring Data modules found, entering strict repository configuration mode
2025-02-40 15:10 o.s.d.r.c.RepositoryConfigurationDelegate-Bootstrapping Spring Data Redis repositories in DEFAULT mode.
2025-02-40 15:10 o.s.d.r.c.RepositoryConfigurationExtensionSupport-Spring Data Redis - Could not safely identify store assignment for repository candidate interface com.beyond.StomachForce.Post.repository.LikeRepository; If you want this repository to be a Redis repository, consider annotating your entities with one of these annotations: org.springframework.data.redis.core.RedisHash (preferred), or consider extending one of the following types with your repository: org.springframework.data.keyvalue.repository.KeyValueRepository
2025-02-40 15:10 o.s.d.r.c.RepositoryConfigurationExtensionSupport-Spring Data Redis - Could not safely identify store assignment for repository candidate interface com.beyond.StomachForce.Post.repository.PostRepository; If you want this repository to be a Redis repository, consider annotating your entities with one of these annotations: org.springframework.data.redis.core.RedisHash (preferred), or consider extending one of the following types with your repository: org.springframework.data.keyvalue.repository.KeyValueRepository
2025-02-40 15:10 o.s.d.r.c.RepositoryConfigurationExtensionSupport-Spring Data Redis - Could not safely identify store assignment for repository candidate interface com.beyond.StomachForce.restaurant.repository.AddressRepository; If you want this repository to be a Redis repository, consider annotating your entities with one of these annotations: org.springframework.data.redis.core.RedisHash (preferred), or consider extending one of the following types with your repository: org.springframework.data.keyvalue.repository.KeyValueRepository
2025-02-40 15:10 o.s.d.r.c.RepositoryConfigurationExtensionSupport-Spring Data Redis - Could not safely identify store assignment for repository candidate interface com.beyond.StomachForce.restaurant.repository.BookmarkRepository; If you want this repository to be a Redis repository, consider annotating your entities with one of these annotations: org.springframework.data.redis.core.RedisHash (preferred), or consider extending one of the following types with your repository: org.springframework.data.keyvalue.repository.KeyValueRepository
2025-02-40 15:10 o.s.d.r.c.RepositoryConfigurationExtensionSupport-Spring Data Redis - Could not safely identify store assignment for repository candidate interface com.beyond.StomachForce.restaurant.repository.RestaurantConvenienceRepository; If you want this repository to be a Redis repository, consider annotating your entities with one of these annotations: org.springframework.data.redis.core.RedisHash (preferred), or consider extending one of the following types with your repository: org.springframework.data.keyvalue.repository.KeyValueRepository
2025-02-40 15:10 o.s.d.r.c.RepositoryConfigurationExtensionSupport-Spring Data Redis - Could not safely identify store assignment for repository candidate interface com.beyond.StomachForce.restaurant.repository.RestaurantPhotoRepository; If you want this repository to be a Redis repository, consider annotating your entities with one of these annotations: org.springframework.data.redis.core.RedisHash (preferred), or consider extending one of the following types with your repository: org.springframework.data.keyvalue.repository.KeyValueRepository
2025-02-40 15:10 o.s.d.r.c.RepositoryConfigurationExtensionSupport-Spring Data Redis - Could not safely identify store assignment for repository candidate interface com.beyond.StomachForce.restaurant.repository.RestaurantRepository; If you want this repository to be a Redis repository, consider annotating your entities with one of these annotations: org.springframework.data.redis.core.RedisHash (preferred), or consider extending one of the following types with your repository: org.springframework.data.keyvalue.repository.KeyValueRepository
2025-02-40 15:10 o.s.d.r.c.RepositoryConfigurationExtensionSupport-Spring Data Redis - Could not safely identify store assignment for repository candidate interface com.beyond.StomachForce.review.repository.ReviewPhotoRepository; If you want this repository to be a Redis repository, consider annotating your entities with one of these annotations: org.springframework.data.redis.core.RedisHash (preferred), or consider extending one of the following types with your repository: org.springframework.data.keyvalue.repository.KeyValueRepository
2025-02-40 15:10 o.s.d.r.c.RepositoryConfigurationExtensionSupport-Spring Data Redis - Could not safely identify store assignment for repository candidate interface com.beyond.StomachForce.review.repository.ReviewRepository; If you want this repository to be a Redis repository, consider annotating your entities with one of these annotations: org.springframework.data.redis.core.RedisHash (preferred), or consider extending one of the following types with your repository: org.springframework.data.keyvalue.repository.KeyValueRepository
2025-02-40 15:10 o.s.d.r.c.RepositoryConfigurationExtensionSupport-Spring Data Redis - Could not safely identify store assignment for repository candidate interface com.beyond.StomachForce.User.repository.UserRepository; If you want this repository to be a Redis repository, consider annotating your entities with one of these annotations: org.springframework.data.redis.core.RedisHash (preferred), or consider extending one of the following types with your repository: org.springframework.data.keyvalue.repository.KeyValueRepository
2025-02-40 15:10 o.s.d.r.c.RepositoryConfigurationDelegate-Finished Spring Data repository scanning in 80 ms. Found 0 Redis repository interfaces.
2025-02-40 15:10 o.s.b.w.e.tomcat.TomcatWebServer-Tomcat initialized with port 8080 (http)
2025-02-40 15:10 o.a.coyote.http11.Http11NioProtocol-Initializing ProtocolHandler ["http-nio-8080"]
2025-02-40 15:10 o.a.catalina.core.StandardService-Starting service [Tomcat]
2025-02-40 15:10 o.a.catalina.core.StandardEngine-Starting Servlet engine: [Apache Tomcat/10.1.34]
2025-02-40 15:10 o.a.c.c.C.[Tomcat].[localhost].[/]-Initializing Spring embedded WebApplicationContext
2025-02-40 15:10 o.s.b.w.s.c.ServletWebServerApplicationContext-Root WebApplicationContext: initialization completed in 2442 ms
2025-02-40 15:10 o.h.jpa.internal.util.LogHelper-HHH000204: Processing PersistenceUnitInfo [name: default]
2025-02-40 15:10 org.hibernate.Version-HHH000412: Hibernate ORM core version 6.6.5.Final
2025-02-40 15:10 o.h.c.i.RegionFactoryInitiator-HHH000026: Second-level cache disabled
2025-02-40 15:10 o.s.o.j.p.SpringPersistenceUnitInfo-No LoadTimeWeaver setup: ignoring JPA class transformer
2025-02-40 15:10 com.zaxxer.hikari.HikariDataSource-HikariPool-1 - Starting...
2025-02-40 15:10 com.zaxxer.hikari.pool.HikariPool-HikariPool-1 - Added connection org.mariadb.jdbc.Connection@62794582
2025-02-40 15:10 com.zaxxer.hikari.HikariDataSource-HikariPool-1 - Start completed.
2025-02-40 15:10 org.hibernate.orm.deprecation-HHH90000025: MariaDBDialect does not need to be specified explicitly using 'hibernate.dialect' (remove the property setting and it will be selected by default)
2025-02-40 15:10 o.hibernate.orm.connections.pooling-HHH10001005: Database info:
	Database JDBC URL [Connecting through datasource 'HikariDataSource (HikariPool-1)']
	Database driver: undefined/unknown
	Database version: 11.5.2
	Autocommit mode: undefined/unknown
	Isolation level: undefined/unknown
	Minimum pool size: undefined/unknown
	Maximum pool size: undefined/unknown
2025-02-40 15:10 o.s.o.j.LocalContainerEntityManagerFactoryBean-Failed to initialize JPA EntityManagerFactory: Property 'com.beyond.StomachForce.reservation.domain.Reservation.restaurant' is not a collection and may not be a '@OneToMany', '@ManyToMany', or '@ElementCollection'
2025-02-40 15:10 o.s.b.w.s.c.AnnotationConfigServletWebServerApplicationContext-Exception encountered during context initialization - cancelling refresh attempt: org.springframework.beans.factory.BeanCreationException: Error creating bean with name 'entityManagerFactory' defined in class path resource [org/springframework/boot/autoconfigure/orm/jpa/HibernateJpaConfiguration.class]: Property 'com.beyond.StomachForce.reservation.domain.Reservation.restaurant' is not a collection and may not be a '@OneToMany', '@ManyToMany', or '@ElementCollection'
2025-02-40 15:10 com.zaxxer.hikari.HikariDataSource-HikariPool-1 - Shutdown initiated...
2025-02-40 15:10 com.zaxxer.hikari.HikariDataSource-HikariPool-1 - Shutdown completed.
2025-02-40 15:10 o.a.catalina.core.StandardService-Stopping service [Tomcat]
2025-02-40 15:10 o.s.b.a.l.ConditionEvaluationReportLogger-

Error starting ApplicationContext. To display the condition evaluation report re-run your application with 'debug' enabled.
2025-02-40 15:10 o.s.boot.SpringApplication-Application run failed
org.springframework.beans.factory.BeanCreationException: Error creating bean with name 'entityManagerFactory' defined in class path resource [org/springframework/boot/autoconfigure/orm/jpa/HibernateJpaConfiguration.class]: Property 'com.beyond.StomachForce.reservation.domain.Reservation.restaurant' is not a collection and may not be a '@OneToMany', '@ManyToMany', or '@ElementCollection'
	at org.springframework.beans.factory.support.AbstractAutowireCapableBeanFactory.initializeBean(AbstractAutowireCapableBeanFactory.java:1812)
	at org.springframework.beans.factory.support.AbstractAutowireCapableBeanFactory.doCreateBean(AbstractAutowireCapableBeanFactory.java:601)
	at org.springframework.beans.factory.support.AbstractAutowireCapableBeanFactory.createBean(AbstractAutowireCapableBeanFactory.java:523)
	at org.springframework.beans.factory.support.AbstractBeanFactory.lambda$doGetBean$0(AbstractBeanFactory.java:336)
	at org.springframework.beans.factory.support.DefaultSingletonBeanRegistry.getSingleton(DefaultSingletonBeanRegistry.java:307)
	at org.springframework.beans.factory.support.AbstractBeanFactory.doGetBean(AbstractBeanFactory.java:334)
	at org.springframework.beans.factory.support.AbstractBeanFactory.getBean(AbstractBeanFactory.java:204)
	at org.springframework.context.support.AbstractApplicationContext.finishBeanFactoryInitialization(AbstractApplicationContext.java:970)
	at org.springframework.context.support.AbstractApplicationContext.refresh(AbstractApplicationContext.java:627)
	at org.springframework.boot.web.servlet.context.ServletWebServerApplicationContext.refresh(ServletWebServerApplicationContext.java:146)
	at org.springframework.boot.SpringApplication.refresh(SpringApplication.java:752)
	at org.springframework.boot.SpringApplication.refreshContext(SpringApplication.java:439)
	at org.springframework.boot.SpringApplication.run(SpringApplication.java:318)
	at org.springframework.boot.SpringApplication.run(SpringApplication.java:1361)
	at org.springframework.boot.SpringApplication.run(SpringApplication.java:1350)
	at com.beyond.StomachForce.StomachForceApplication.main(StomachForceApplication.java:9)
Caused by: org.hibernate.AnnotationException: Property 'com.beyond.StomachForce.reservation.domain.Reservation.restaurant' is not a collection and may not be a '@OneToMany', '@ManyToMany', or '@ElementCollection'
	at org.hibernate.boot.model.internal.CollectionBinder.determineSemanticJavaType(CollectionBinder.java:1121)
	at org.hibernate.boot.model.internal.CollectionBinder.determineCollectionClassification(CollectionBinder.java:1013)
	at org.hibernate.boot.model.internal.CollectionBinder.createBinderAutomatically(CollectionBinder.java:855)
	at org.hibernate.boot.model.internal.CollectionBinder.getCollectionBinder(CollectionBinder.java:848)
	at org.hibernate.boot.model.internal.CollectionBinder.bindCollection(CollectionBinder.java:284)
	at org.hibernate.boot.model.internal.PropertyBinder.bindProperty(PropertyBinder.java:897)
	at org.hibernate.boot.model.internal.PropertyBinder.buildProperty(PropertyBinder.java:811)
	at org.hibernate.boot.model.internal.PropertyBinder.processElementAnnotations(PropertyBinder.java:732)
	at org.hibernate.boot.model.internal.EntityBinder.processIdPropertiesIfNotAlready(EntityBinder.java:1088)
	at org.hibernate.boot.model.internal.EntityBinder.handleIdentifier(EntityBinder.java:419)
	at org.hibernate.boot.model.internal.EntityBinder.bindEntityClass(EntityBinder.java:251)
	at org.hibernate.boot.model.internal.AnnotationBinder.bindClass(AnnotationBinder.java:401)
	at org.hibernate.boot.model.source.internal.annotations.AnnotationMetadataSourceProcessorImpl.processEntityHierarchies(AnnotationMetadataSourceProcessorImpl.java:257)
	at org.hibernate.boot.model.process.spi.MetadataBuildingProcess$1.processEntityHierarchies(MetadataBuildingProcess.java:281)
	at org.hibernate.boot.model.process.spi.MetadataBuildingProcess.complete(MetadataBuildingProcess.java:324)
	at org.hibernate.jpa.boot.internal.EntityManagerFactoryBuilderImpl.metadata(EntityManagerFactoryBuilderImpl.java:1431)
	at org.hibernate.jpa.boot.internal.EntityManagerFactoryBuilderImpl.build(EntityManagerFactoryBuilderImpl.java:1502)
	at org.springframework.orm.jpa.vendor.SpringHibernateJpaPersistenceProvider.createContainerEntityManagerFactory(SpringHibernateJpaPersistenceProvider.java:66)
	at org.springframework.orm.jpa.LocalContainerEntityManagerFactoryBean.createNativeEntityManagerFactory(LocalContainerEntityManagerFactoryBean.java:390)
	at org.springframework.orm.jpa.AbstractEntityManagerFactoryBean.buildNativeEntityManagerFactory(AbstractEntityManagerFactoryBean.java:419)
	at org.springframework.orm.jpa.AbstractEntityManagerFactoryBean.afterPropertiesSet(AbstractEntityManagerFactoryBean.java:400)
	at org.springframework.orm.jpa.LocalContainerEntityManagerFactoryBean.afterPropertiesSet(LocalContainerEntityManagerFactoryBean.java:366)
	at org.springframework.beans.factory.support.AbstractAutowireCapableBeanFactory.invokeInitMethods(AbstractAutowireCapableBeanFactory.java:1859)
	at org.springframework.beans.factory.support.AbstractAutowireCapableBeanFactory.initializeBean(AbstractAutowireCapableBeanFactory.java:1808)
	... 15 common frames omitted
2025-02-40 15:11 o.h.validator.internal.util.Version-HV000001: Hibernate Validator 8.0.2.Final
2025-02-40 15:11 c.b.S.StomachForceApplication-Starting StomachForceApplication using Java 17.0.13 with PID 11616 (C:\Users\Playdata\Desktop\be11-2nd-ChulungChulung-StomachForce-BE\build\classes\java\main started by Playdata in C:\Users\Playdata\Desktop\be11-2nd-ChulungChulung-StomachForce-BE)
2025-02-40 15:11 c.b.S.StomachForceApplication-No active profile set, falling back to 1 default profile: "default"
2025-02-40 15:11 o.s.d.r.c.RepositoryConfigurationDelegate-Multiple Spring Data modules found, entering strict repository configuration mode
2025-02-40 15:11 o.s.d.r.c.RepositoryConfigurationDelegate-Bootstrapping Spring Data JPA repositories in DEFAULT mode.
2025-02-40 15:11 o.s.d.r.c.RepositoryConfigurationDelegate-Finished Spring Data repository scanning in 287 ms. Found 10 JPA repository interfaces.
2025-02-40 15:11 o.s.d.r.c.RepositoryConfigurationDelegate-Multiple Spring Data modules found, entering strict repository configuration mode
2025-02-40 15:11 o.s.d.r.c.RepositoryConfigurationDelegate-Bootstrapping Spring Data Redis repositories in DEFAULT mode.
2025-02-40 15:11 o.s.d.r.c.RepositoryConfigurationExtensionSupport-Spring Data Redis - Could not safely identify store assignment for repository candidate interface com.beyond.StomachForce.Post.repository.LikeRepository; If you want this repository to be a Redis repository, consider annotating your entities with one of these annotations: org.springframework.data.redis.core.RedisHash (preferred), or consider extending one of the following types with your repository: org.springframework.data.keyvalue.repository.KeyValueRepository
2025-02-40 15:11 o.s.d.r.c.RepositoryConfigurationExtensionSupport-Spring Data Redis - Could not safely identify store assignment for repository candidate interface com.beyond.StomachForce.Post.repository.PostRepository; If you want this repository to be a Redis repository, consider annotating your entities with one of these annotations: org.springframework.data.redis.core.RedisHash (preferred), or consider extending one of the following types with your repository: org.springframework.data.keyvalue.repository.KeyValueRepository
2025-02-40 15:11 o.s.d.r.c.RepositoryConfigurationExtensionSupport-Spring Data Redis - Could not safely identify store assignment for repository candidate interface com.beyond.StomachForce.restaurant.repository.AddressRepository; If you want this repository to be a Redis repository, consider annotating your entities with one of these annotations: org.springframework.data.redis.core.RedisHash (preferred), or consider extending one of the following types with your repository: org.springframework.data.keyvalue.repository.KeyValueRepository
2025-02-40 15:11 o.s.d.r.c.RepositoryConfigurationExtensionSupport-Spring Data Redis - Could not safely identify store assignment for repository candidate interface com.beyond.StomachForce.restaurant.repository.BookmarkRepository; If you want this repository to be a Redis repository, consider annotating your entities with one of these annotations: org.springframework.data.redis.core.RedisHash (preferred), or consider extending one of the following types with your repository: org.springframework.data.keyvalue.repository.KeyValueRepository
2025-02-40 15:11 o.s.d.r.c.RepositoryConfigurationExtensionSupport-Spring Data Redis - Could not safely identify store assignment for repository candidate interface com.beyond.StomachForce.restaurant.repository.RestaurantConvenienceRepository; If you want this repository to be a Redis repository, consider annotating your entities with one of these annotations: org.springframework.data.redis.core.RedisHash (preferred), or consider extending one of the following types with your repository: org.springframework.data.keyvalue.repository.KeyValueRepository
2025-02-40 15:11 o.s.d.r.c.RepositoryConfigurationExtensionSupport-Spring Data Redis - Could not safely identify store assignment for repository candidate interface com.beyond.StomachForce.restaurant.repository.RestaurantPhotoRepository; If you want this repository to be a Redis repository, consider annotating your entities with one of these annotations: org.springframework.data.redis.core.RedisHash (preferred), or consider extending one of the following types with your repository: org.springframework.data.keyvalue.repository.KeyValueRepository
2025-02-40 15:11 o.s.d.r.c.RepositoryConfigurationExtensionSupport-Spring Data Redis - Could not safely identify store assignment for repository candidate interface com.beyond.StomachForce.restaurant.repository.RestaurantRepository; If you want this repository to be a Redis repository, consider annotating your entities with one of these annotations: org.springframework.data.redis.core.RedisHash (preferred), or consider extending one of the following types with your repository: org.springframework.data.keyvalue.repository.KeyValueRepository
2025-02-40 15:11 o.s.d.r.c.RepositoryConfigurationExtensionSupport-Spring Data Redis - Could not safely identify store assignment for repository candidate interface com.beyond.StomachForce.review.repository.ReviewPhotoRepository; If you want this repository to be a Redis repository, consider annotating your entities with one of these annotations: org.springframework.data.redis.core.RedisHash (preferred), or consider extending one of the following types with your repository: org.springframework.data.keyvalue.repository.KeyValueRepository
2025-02-40 15:11 o.s.d.r.c.RepositoryConfigurationExtensionSupport-Spring Data Redis - Could not safely identify store assignment for repository candidate interface com.beyond.StomachForce.review.repository.ReviewRepository; If you want this repository to be a Redis repository, consider annotating your entities with one of these annotations: org.springframework.data.redis.core.RedisHash (preferred), or consider extending one of the following types with your repository: org.springframework.data.keyvalue.repository.KeyValueRepository
2025-02-40 15:11 o.s.d.r.c.RepositoryConfigurationExtensionSupport-Spring Data Redis - Could not safely identify store assignment for repository candidate interface com.beyond.StomachForce.User.repository.UserRepository; If you want this repository to be a Redis repository, consider annotating your entities with one of these annotations: org.springframework.data.redis.core.RedisHash (preferred), or consider extending one of the following types with your repository: org.springframework.data.keyvalue.repository.KeyValueRepository
2025-02-40 15:11 o.s.d.r.c.RepositoryConfigurationDelegate-Finished Spring Data repository scanning in 82 ms. Found 0 Redis repository interfaces.
2025-02-40 15:11 o.s.b.w.e.tomcat.TomcatWebServer-Tomcat initialized with port 8080 (http)
2025-02-40 15:11 o.a.coyote.http11.Http11NioProtocol-Initializing ProtocolHandler ["http-nio-8080"]
2025-02-40 15:11 o.a.catalina.core.StandardService-Starting service [Tomcat]
2025-02-40 15:11 o.a.catalina.core.StandardEngine-Starting Servlet engine: [Apache Tomcat/10.1.34]
2025-02-40 15:11 o.a.c.c.C.[Tomcat].[localhost].[/]-Initializing Spring embedded WebApplicationContext
2025-02-40 15:11 o.s.b.w.s.c.ServletWebServerApplicationContext-Root WebApplicationContext: initialization completed in 2499 ms
2025-02-40 15:11 o.h.jpa.internal.util.LogHelper-HHH000204: Processing PersistenceUnitInfo [name: default]
2025-02-40 15:11 org.hibernate.Version-HHH000412: Hibernate ORM core version 6.6.5.Final
2025-02-40 15:11 o.h.c.i.RegionFactoryInitiator-HHH000026: Second-level cache disabled
2025-02-40 15:11 o.s.o.j.p.SpringPersistenceUnitInfo-No LoadTimeWeaver setup: ignoring JPA class transformer
2025-02-40 15:11 com.zaxxer.hikari.HikariDataSource-HikariPool-1 - Starting...
2025-02-40 15:11 com.zaxxer.hikari.pool.HikariPool-HikariPool-1 - Added connection org.mariadb.jdbc.Connection@71668a67
2025-02-40 15:11 com.zaxxer.hikari.HikariDataSource-HikariPool-1 - Start completed.
2025-02-40 15:11 org.hibernate.orm.deprecation-HHH90000025: MariaDBDialect does not need to be specified explicitly using 'hibernate.dialect' (remove the property setting and it will be selected by default)
2025-02-40 15:11 o.hibernate.orm.connections.pooling-HHH10001005: Database info:
	Database JDBC URL [Connecting through datasource 'HikariDataSource (HikariPool-1)']
	Database driver: undefined/unknown
	Database version: 11.5.2
	Autocommit mode: undefined/unknown
	Isolation level: undefined/unknown
	Minimum pool size: undefined/unknown
	Maximum pool size: undefined/unknown
2025-02-40 15:11 o.s.o.j.LocalContainerEntityManagerFactoryBean-Failed to initialize JPA EntityManagerFactory: Association 'com.beyond.StomachForce.reservation.domain.Reservation.coupon' is 'mappedBy' a property named 'couponId' which does not exist in the target entity type 'com.beyond.StomachForce.coupon.domain.Coupon'
2025-02-40 15:11 o.s.b.w.s.c.AnnotationConfigServletWebServerApplicationContext-Exception encountered during context initialization - cancelling refresh attempt: org.springframework.beans.factory.BeanCreationException: Error creating bean with name 'entityManagerFactory' defined in class path resource [org/springframework/boot/autoconfigure/orm/jpa/HibernateJpaConfiguration.class]: Association 'com.beyond.StomachForce.reservation.domain.Reservation.coupon' is 'mappedBy' a property named 'couponId' which does not exist in the target entity type 'com.beyond.StomachForce.coupon.domain.Coupon'
2025-02-40 15:11 com.zaxxer.hikari.HikariDataSource-HikariPool-1 - Shutdown initiated...
2025-02-40 15:11 com.zaxxer.hikari.HikariDataSource-HikariPool-1 - Shutdown completed.
2025-02-40 15:11 o.a.catalina.core.StandardService-Stopping service [Tomcat]
2025-02-40 15:11 o.s.b.a.l.ConditionEvaluationReportLogger-

Error starting ApplicationContext. To display the condition evaluation report re-run your application with 'debug' enabled.
2025-02-40 15:11 o.s.boot.SpringApplication-Application run failed
org.springframework.beans.factory.BeanCreationException: Error creating bean with name 'entityManagerFactory' defined in class path resource [org/springframework/boot/autoconfigure/orm/jpa/HibernateJpaConfiguration.class]: Association 'com.beyond.StomachForce.reservation.domain.Reservation.coupon' is 'mappedBy' a property named 'couponId' which does not exist in the target entity type 'com.beyond.StomachForce.coupon.domain.Coupon'
	at org.springframework.beans.factory.support.AbstractAutowireCapableBeanFactory.initializeBean(AbstractAutowireCapableBeanFactory.java:1812)
	at org.springframework.beans.factory.support.AbstractAutowireCapableBeanFactory.doCreateBean(AbstractAutowireCapableBeanFactory.java:601)
	at org.springframework.beans.factory.support.AbstractAutowireCapableBeanFactory.createBean(AbstractAutowireCapableBeanFactory.java:523)
	at org.springframework.beans.factory.support.AbstractBeanFactory.lambda$doGetBean$0(AbstractBeanFactory.java:336)
	at org.springframework.beans.factory.support.DefaultSingletonBeanRegistry.getSingleton(DefaultSingletonBeanRegistry.java:307)
	at org.springframework.beans.factory.support.AbstractBeanFactory.doGetBean(AbstractBeanFactory.java:334)
	at org.springframework.beans.factory.support.AbstractBeanFactory.getBean(AbstractBeanFactory.java:204)
	at org.springframework.context.support.AbstractApplicationContext.finishBeanFactoryInitialization(AbstractApplicationContext.java:970)
	at org.springframework.context.support.AbstractApplicationContext.refresh(AbstractApplicationContext.java:627)
	at org.springframework.boot.web.servlet.context.ServletWebServerApplicationContext.refresh(ServletWebServerApplicationContext.java:146)
	at org.springframework.boot.SpringApplication.refresh(SpringApplication.java:752)
	at org.springframework.boot.SpringApplication.refreshContext(SpringApplication.java:439)
	at org.springframework.boot.SpringApplication.run(SpringApplication.java:318)
	at org.springframework.boot.SpringApplication.run(SpringApplication.java:1361)
	at org.springframework.boot.SpringApplication.run(SpringApplication.java:1350)
	at com.beyond.StomachForce.StomachForceApplication.main(StomachForceApplication.java:9)
Caused by: org.hibernate.AnnotationException: Association 'com.beyond.StomachForce.reservation.domain.Reservation.coupon' is 'mappedBy' a property named 'couponId' which does not exist in the target entity type 'com.beyond.StomachForce.coupon.domain.Coupon'
	at org.hibernate.boot.model.internal.OneToOneSecondPass.targetProperty(OneToOneSecondPass.java:240)
	at org.hibernate.boot.model.internal.OneToOneSecondPass.bindUnowned(OneToOneSecondPass.java:149)
	at org.hibernate.boot.model.internal.OneToOneSecondPass.doSecondPass(OneToOneSecondPass.java:128)
	at org.hibernate.boot.internal.InFlightMetadataCollectorImpl.processSecondPasses(InFlightMetadataCollectorImpl.java:1842)
	at org.hibernate.boot.internal.InFlightMetadataCollectorImpl.processSecondPasses(InFlightMetadataCollectorImpl.java:1800)
	at org.hibernate.boot.model.process.spi.MetadataBuildingProcess.complete(MetadataBuildingProcess.java:334)
	at org.hibernate.jpa.boot.internal.EntityManagerFactoryBuilderImpl.metadata(EntityManagerFactoryBuilderImpl.java:1431)
	at org.hibernate.jpa.boot.internal.EntityManagerFactoryBuilderImpl.build(EntityManagerFactoryBuilderImpl.java:1502)
	at org.springframework.orm.jpa.vendor.SpringHibernateJpaPersistenceProvider.createContainerEntityManagerFactory(SpringHibernateJpaPersistenceProvider.java:66)
	at org.springframework.orm.jpa.LocalContainerEntityManagerFactoryBean.createNativeEntityManagerFactory(LocalContainerEntityManagerFactoryBean.java:390)
	at org.springframework.orm.jpa.AbstractEntityManagerFactoryBean.buildNativeEntityManagerFactory(AbstractEntityManagerFactoryBean.java:419)
	at org.springframework.orm.jpa.AbstractEntityManagerFactoryBean.afterPropertiesSet(AbstractEntityManagerFactoryBean.java:400)
	at org.springframework.orm.jpa.LocalContainerEntityManagerFactoryBean.afterPropertiesSet(LocalContainerEntityManagerFactoryBean.java:366)
	at org.springframework.beans.factory.support.AbstractAutowireCapableBeanFactory.invokeInitMethods(AbstractAutowireCapableBeanFactory.java:1859)
	at org.springframework.beans.factory.support.AbstractAutowireCapableBeanFactory.initializeBean(AbstractAutowireCapableBeanFactory.java:1808)
	... 15 common frames omitted
2025-02-40 15:14 o.h.validator.internal.util.Version-HV000001: Hibernate Validator 8.0.2.Final
2025-02-40 15:14 c.b.S.StomachForceApplication-Starting StomachForceApplication using Java 17.0.13 with PID 5580 (C:\Users\Playdata\Desktop\be11-2nd-ChulungChulung-StomachForce-BE\build\classes\java\main started by Playdata in C:\Users\Playdata\Desktop\be11-2nd-ChulungChulung-StomachForce-BE)
2025-02-40 15:14 c.b.S.StomachForceApplication-No active profile set, falling back to 1 default profile: "default"
2025-02-40 15:14 o.s.d.r.c.RepositoryConfigurationDelegate-Multiple Spring Data modules found, entering strict repository configuration mode
2025-02-40 15:14 o.s.d.r.c.RepositoryConfigurationDelegate-Bootstrapping Spring Data JPA repositories in DEFAULT mode.
2025-02-40 15:14 o.s.d.r.c.RepositoryConfigurationDelegate-Finished Spring Data repository scanning in 283 ms. Found 10 JPA repository interfaces.
2025-02-40 15:14 o.s.d.r.c.RepositoryConfigurationDelegate-Multiple Spring Data modules found, entering strict repository configuration mode
2025-02-40 15:14 o.s.d.r.c.RepositoryConfigurationDelegate-Bootstrapping Spring Data Redis repositories in DEFAULT mode.
2025-02-40 15:14 o.s.d.r.c.RepositoryConfigurationExtensionSupport-Spring Data Redis - Could not safely identify store assignment for repository candidate interface com.beyond.StomachForce.Post.repository.LikeRepository; If you want this repository to be a Redis repository, consider annotating your entities with one of these annotations: org.springframework.data.redis.core.RedisHash (preferred), or consider extending one of the following types with your repository: org.springframework.data.keyvalue.repository.KeyValueRepository
2025-02-40 15:14 o.s.d.r.c.RepositoryConfigurationExtensionSupport-Spring Data Redis - Could not safely identify store assignment for repository candidate interface com.beyond.StomachForce.Post.repository.PostRepository; If you want this repository to be a Redis repository, consider annotating your entities with one of these annotations: org.springframework.data.redis.core.RedisHash (preferred), or consider extending one of the following types with your repository: org.springframework.data.keyvalue.repository.KeyValueRepository
2025-02-40 15:14 o.s.d.r.c.RepositoryConfigurationExtensionSupport-Spring Data Redis - Could not safely identify store assignment for repository candidate interface com.beyond.StomachForce.restaurant.repository.AddressRepository; If you want this repository to be a Redis repository, consider annotating your entities with one of these annotations: org.springframework.data.redis.core.RedisHash (preferred), or consider extending one of the following types with your repository: org.springframework.data.keyvalue.repository.KeyValueRepository
2025-02-40 15:14 o.s.d.r.c.RepositoryConfigurationExtensionSupport-Spring Data Redis - Could not safely identify store assignment for repository candidate interface com.beyond.StomachForce.restaurant.repository.BookmarkRepository; If you want this repository to be a Redis repository, consider annotating your entities with one of these annotations: org.springframework.data.redis.core.RedisHash (preferred), or consider extending one of the following types with your repository: org.springframework.data.keyvalue.repository.KeyValueRepository
2025-02-40 15:14 o.s.d.r.c.RepositoryConfigurationExtensionSupport-Spring Data Redis - Could not safely identify store assignment for repository candidate interface com.beyond.StomachForce.restaurant.repository.RestaurantConvenienceRepository; If you want this repository to be a Redis repository, consider annotating your entities with one of these annotations: org.springframework.data.redis.core.RedisHash (preferred), or consider extending one of the following types with your repository: org.springframework.data.keyvalue.repository.KeyValueRepository
2025-02-40 15:14 o.s.d.r.c.RepositoryConfigurationExtensionSupport-Spring Data Redis - Could not safely identify store assignment for repository candidate interface com.beyond.StomachForce.restaurant.repository.RestaurantPhotoRepository; If you want this repository to be a Redis repository, consider annotating your entities with one of these annotations: org.springframework.data.redis.core.RedisHash (preferred), or consider extending one of the following types with your repository: org.springframework.data.keyvalue.repository.KeyValueRepository
2025-02-40 15:14 o.s.d.r.c.RepositoryConfigurationExtensionSupport-Spring Data Redis - Could not safely identify store assignment for repository candidate interface com.beyond.StomachForce.restaurant.repository.RestaurantRepository; If you want this repository to be a Redis repository, consider annotating your entities with one of these annotations: org.springframework.data.redis.core.RedisHash (preferred), or consider extending one of the following types with your repository: org.springframework.data.keyvalue.repository.KeyValueRepository
2025-02-40 15:14 o.s.d.r.c.RepositoryConfigurationExtensionSupport-Spring Data Redis - Could not safely identify store assignment for repository candidate interface com.beyond.StomachForce.review.repository.ReviewPhotoRepository; If you want this repository to be a Redis repository, consider annotating your entities with one of these annotations: org.springframework.data.redis.core.RedisHash (preferred), or consider extending one of the following types with your repository: org.springframework.data.keyvalue.repository.KeyValueRepository
2025-02-40 15:14 o.s.d.r.c.RepositoryConfigurationExtensionSupport-Spring Data Redis - Could not safely identify store assignment for repository candidate interface com.beyond.StomachForce.review.repository.ReviewRepository; If you want this repository to be a Redis repository, consider annotating your entities with one of these annotations: org.springframework.data.redis.core.RedisHash (preferred), or consider extending one of the following types with your repository: org.springframework.data.keyvalue.repository.KeyValueRepository
2025-02-40 15:14 o.s.d.r.c.RepositoryConfigurationExtensionSupport-Spring Data Redis - Could not safely identify store assignment for repository candidate interface com.beyond.StomachForce.User.repository.UserRepository; If you want this repository to be a Redis repository, consider annotating your entities with one of these annotations: org.springframework.data.redis.core.RedisHash (preferred), or consider extending one of the following types with your repository: org.springframework.data.keyvalue.repository.KeyValueRepository
2025-02-40 15:14 o.s.d.r.c.RepositoryConfigurationDelegate-Finished Spring Data repository scanning in 51 ms. Found 0 Redis repository interfaces.
2025-02-40 15:14 o.s.b.w.e.tomcat.TomcatWebServer-Tomcat initialized with port 8080 (http)
2025-02-40 15:14 o.a.coyote.http11.Http11NioProtocol-Initializing ProtocolHandler ["http-nio-8080"]
2025-02-40 15:14 o.a.catalina.core.StandardService-Starting service [Tomcat]
2025-02-40 15:14 o.a.catalina.core.StandardEngine-Starting Servlet engine: [Apache Tomcat/10.1.34]
2025-02-40 15:14 o.a.c.c.C.[Tomcat].[localhost].[/]-Initializing Spring embedded WebApplicationContext
2025-02-40 15:14 o.s.b.w.s.c.ServletWebServerApplicationContext-Root WebApplicationContext: initialization completed in 2420 ms
2025-02-40 15:14 o.h.jpa.internal.util.LogHelper-HHH000204: Processing PersistenceUnitInfo [name: default]
2025-02-40 15:14 org.hibernate.Version-HHH000412: Hibernate ORM core version 6.6.5.Final
2025-02-40 15:14 o.h.c.i.RegionFactoryInitiator-HHH000026: Second-level cache disabled
2025-02-40 15:14 o.s.o.j.p.SpringPersistenceUnitInfo-No LoadTimeWeaver setup: ignoring JPA class transformer
2025-02-40 15:14 com.zaxxer.hikari.HikariDataSource-HikariPool-1 - Starting...
2025-02-40 15:14 com.zaxxer.hikari.pool.HikariPool-HikariPool-1 - Added connection org.mariadb.jdbc.Connection@5af40e45
2025-02-40 15:14 com.zaxxer.hikari.HikariDataSource-HikariPool-1 - Start completed.
2025-02-40 15:14 org.hibernate.orm.deprecation-HHH90000025: MariaDBDialect does not need to be specified explicitly using 'hibernate.dialect' (remove the property setting and it will be selected by default)
2025-02-40 15:14 o.hibernate.orm.connections.pooling-HHH10001005: Database info:
	Database JDBC URL [Connecting through datasource 'HikariDataSource (HikariPool-1)']
	Database driver: undefined/unknown
	Database version: 11.5.2
	Autocommit mode: undefined/unknown
	Isolation level: undefined/unknown
	Minimum pool size: undefined/unknown
	Maximum pool size: undefined/unknown
2025-02-40 15:14 o.h.e.t.j.p.i.JtaPlatformInitiator-HHH000489: No JTA platform available (set 'hibernate.transaction.jta.platform' to enable JTA platform integration)
2025-02-40 15:14 o.s.o.j.LocalContainerEntityManagerFactoryBean-Initialized JPA EntityManagerFactory for persistence unit 'default'
2025-02-40 15:14 o.s.d.j.r.query.QueryEnhancerFactory-Hibernate is in classpath; If applicable, HQL parser will be used.
2025-02-40 15:14 o.s.b.a.o.j.JpaBaseConfiguration$JpaWebConfiguration-spring.jpa.open-in-view is enabled by default. Therefore, database queries may be performed during view rendering. Explicitly configure spring.jpa.open-in-view to disable this warning
2025-02-40 15:14 o.s.b.a.s.s.UserDetailsServiceAutoConfiguration-

Using generated security password: 9d4653d2-065b-4b8c-a4e6-11bbb870378a

This generated password is for development use only. Your security configuration must be updated before running your application in production.

2025-02-40 15:14 o.s.s.c.a.a.c.InitializeUserDetailsBeanManagerConfigurer$InitializeUserDetailsManagerConfigurer-Global AuthenticationManager configured with UserDetailsService bean with name inMemoryUserDetailsManager
2025-02-40 15:14 o.a.coyote.http11.Http11NioProtocol-Starting ProtocolHandler ["http-nio-8080"]
2025-02-40 15:14 o.s.b.w.e.tomcat.TomcatWebServer-Tomcat started on port 8080 (http) with context path '/'
2025-02-40 15:14 c.b.S.StomachForceApplication-Started StomachForceApplication in 8.07 seconds (process running for 8.8)
2025-02-40 16:24 com.zaxxer.hikari.pool.HikariPool-HikariPool-1 - Thread starvation or clock leap detected (housekeeper delta=1h2m55s808ms973µs700ns).
2025-02-40 18:00 o.h.validator.internal.util.Version-HV000001: Hibernate Validator 8.0.2.Final
2025-02-40 18:00 c.b.S.StomachForceApplication-Starting StomachForceApplication using Java 17.0.13 with PID 21968 (C:\Users\Playdata\Desktop\be11-2nd-ChulungChulung-StomachForce-BE\build\classes\java\main started by Playdata in C:\Users\Playdata\Desktop\be11-2nd-ChulungChulung-StomachForce-BE)
2025-02-40 18:00 c.b.S.StomachForceApplication-No active profile set, falling back to 1 default profile: "default"
2025-02-40 18:00 o.s.d.r.c.RepositoryConfigurationDelegate-Multiple Spring Data modules found, entering strict repository configuration mode
2025-02-40 18:00 o.s.d.r.c.RepositoryConfigurationDelegate-Bootstrapping Spring Data JPA repositories in DEFAULT mode.
2025-02-40 18:00 o.s.d.r.c.RepositoryConfigurationDelegate-Finished Spring Data repository scanning in 372 ms. Found 12 JPA repository interfaces.
2025-02-40 18:00 o.s.d.r.c.RepositoryConfigurationDelegate-Multiple Spring Data modules found, entering strict repository configuration mode
2025-02-40 18:00 o.s.d.r.c.RepositoryConfigurationDelegate-Bootstrapping Spring Data Redis repositories in DEFAULT mode.
2025-02-40 18:00 o.s.d.r.c.RepositoryConfigurationExtensionSupport-Spring Data Redis - Could not safely identify store assignment for repository candidate interface com.beyond.StomachForce.coupon.repository.CouponRepository; If you want this repository to be a Redis repository, consider annotating your entities with one of these annotations: org.springframework.data.redis.core.RedisHash (preferred), or consider extending one of the following types with your repository: org.springframework.data.keyvalue.repository.KeyValueRepository
2025-02-40 18:00 o.s.d.r.c.RepositoryConfigurationExtensionSupport-Spring Data Redis - Could not safely identify store assignment for repository candidate interface com.beyond.StomachForce.Post.repository.LikeRepository; If you want this repository to be a Redis repository, consider annotating your entities with one of these annotations: org.springframework.data.redis.core.RedisHash (preferred), or consider extending one of the following types with your repository: org.springframework.data.keyvalue.repository.KeyValueRepository
2025-02-40 18:00 o.s.d.r.c.RepositoryConfigurationExtensionSupport-Spring Data Redis - Could not safely identify store assignment for repository candidate interface com.beyond.StomachForce.Post.repository.PostRepository; If you want this repository to be a Redis repository, consider annotating your entities with one of these annotations: org.springframework.data.redis.core.RedisHash (preferred), or consider extending one of the following types with your repository: org.springframework.data.keyvalue.repository.KeyValueRepository
2025-02-40 18:00 o.s.d.r.c.RepositoryConfigurationExtensionSupport-Spring Data Redis - Could not safely identify store assignment for repository candidate interface com.beyond.StomachForce.reservation.repository.ReservationRepository; If you want this repository to be a Redis repository, consider annotating your entities with one of these annotations: org.springframework.data.redis.core.RedisHash (preferred), or consider extending one of the following types with your repository: org.springframework.data.keyvalue.repository.KeyValueRepository
2025-02-40 18:00 o.s.d.r.c.RepositoryConfigurationExtensionSupport-Spring Data Redis - Could not safely identify store assignment for repository candidate interface com.beyond.StomachForce.restaurant.repository.AddressRepository; If you want this repository to be a Redis repository, consider annotating your entities with one of these annotations: org.springframework.data.redis.core.RedisHash (preferred), or consider extending one of the following types with your repository: org.springframework.data.keyvalue.repository.KeyValueRepository
2025-02-40 18:00 o.s.d.r.c.RepositoryConfigurationExtensionSupport-Spring Data Redis - Could not safely identify store assignment for repository candidate interface com.beyond.StomachForce.restaurant.repository.BookmarkRepository; If you want this repository to be a Redis repository, consider annotating your entities with one of these annotations: org.springframework.data.redis.core.RedisHash (preferred), or consider extending one of the following types with your repository: org.springframework.data.keyvalue.repository.KeyValueRepository
2025-02-40 18:00 o.s.d.r.c.RepositoryConfigurationExtensionSupport-Spring Data Redis - Could not safely identify store assignment for repository candidate interface com.beyond.StomachForce.restaurant.repository.RestaurantConvenienceRepository; If you want this repository to be a Redis repository, consider annotating your entities with one of these annotations: org.springframework.data.redis.core.RedisHash (preferred), or consider extending one of the following types with your repository: org.springframework.data.keyvalue.repository.KeyValueRepository
2025-02-40 18:00 o.s.d.r.c.RepositoryConfigurationExtensionSupport-Spring Data Redis - Could not safely identify store assignment for repository candidate interface com.beyond.StomachForce.restaurant.repository.RestaurantPhotoRepository; If you want this repository to be a Redis repository, consider annotating your entities with one of these annotations: org.springframework.data.redis.core.RedisHash (preferred), or consider extending one of the following types with your repository: org.springframework.data.keyvalue.repository.KeyValueRepository
2025-02-40 18:00 o.s.d.r.c.RepositoryConfigurationExtensionSupport-Spring Data Redis - Could not safely identify store assignment for repository candidate interface com.beyond.StomachForce.restaurant.repository.RestaurantRepository; If you want this repository to be a Redis repository, consider annotating your entities with one of these annotations: org.springframework.data.redis.core.RedisHash (preferred), or consider extending one of the following types with your repository: org.springframework.data.keyvalue.repository.KeyValueRepository
2025-02-40 18:00 o.s.d.r.c.RepositoryConfigurationExtensionSupport-Spring Data Redis - Could not safely identify store assignment for repository candidate interface com.beyond.StomachForce.review.repository.ReviewPhotoRepository; If you want this repository to be a Redis repository, consider annotating your entities with one of these annotations: org.springframework.data.redis.core.RedisHash (preferred), or consider extending one of the following types with your repository: org.springframework.data.keyvalue.repository.KeyValueRepository
2025-02-40 18:00 o.s.d.r.c.RepositoryConfigurationExtensionSupport-Spring Data Redis - Could not safely identify store assignment for repository candidate interface com.beyond.StomachForce.review.repository.ReviewRepository; If you want this repository to be a Redis repository, consider annotating your entities with one of these annotations: org.springframework.data.redis.core.RedisHash (preferred), or consider extending one of the following types with your repository: org.springframework.data.keyvalue.repository.KeyValueRepository
2025-02-40 18:00 o.s.d.r.c.RepositoryConfigurationExtensionSupport-Spring Data Redis - Could not safely identify store assignment for repository candidate interface com.beyond.StomachForce.User.repository.UserRepository; If you want this repository to be a Redis repository, consider annotating your entities with one of these annotations: org.springframework.data.redis.core.RedisHash (preferred), or consider extending one of the following types with your repository: org.springframework.data.keyvalue.repository.KeyValueRepository
2025-02-40 18:00 o.s.d.r.c.RepositoryConfigurationDelegate-Finished Spring Data repository scanning in 82 ms. Found 0 Redis repository interfaces.
2025-02-40 18:00 o.s.b.w.e.tomcat.TomcatWebServer-Tomcat initialized with port 8080 (http)
2025-02-40 18:00 o.a.coyote.http11.Http11NioProtocol-Initializing ProtocolHandler ["http-nio-8080"]
2025-02-40 18:00 o.a.catalina.core.StandardService-Starting service [Tomcat]
2025-02-40 18:00 o.a.catalina.core.StandardEngine-Starting Servlet engine: [Apache Tomcat/10.1.34]
2025-02-40 18:00 o.a.c.c.C.[Tomcat].[localhost].[/]-Initializing Spring embedded WebApplicationContext
2025-02-40 18:00 o.s.b.w.s.c.ServletWebServerApplicationContext-Root WebApplicationContext: initialization completed in 3367 ms
2025-02-40 18:00 o.h.jpa.internal.util.LogHelper-HHH000204: Processing PersistenceUnitInfo [name: default]
2025-02-40 18:00 org.hibernate.Version-HHH000412: Hibernate ORM core version 6.6.5.Final
2025-02-40 18:00 o.h.c.i.RegionFactoryInitiator-HHH000026: Second-level cache disabled
2025-02-40 18:00 o.s.o.j.p.SpringPersistenceUnitInfo-No LoadTimeWeaver setup: ignoring JPA class transformer
2025-02-40 18:00 com.zaxxer.hikari.HikariDataSource-HikariPool-1 - Starting...
2025-02-40 18:00 com.zaxxer.hikari.pool.HikariPool-HikariPool-1 - Added connection org.mariadb.jdbc.Connection@638d2ce3
2025-02-40 18:00 com.zaxxer.hikari.HikariDataSource-HikariPool-1 - Start completed.
2025-02-40 18:00 org.hibernate.orm.deprecation-HHH90000025: MariaDBDialect does not need to be specified explicitly using 'hibernate.dialect' (remove the property setting and it will be selected by default)
2025-02-40 18:00 o.hibernate.orm.connections.pooling-HHH10001005: Database info:
	Database JDBC URL [Connecting through datasource 'HikariDataSource (HikariPool-1)']
	Database driver: undefined/unknown
	Database version: 11.5.2
	Autocommit mode: undefined/unknown
	Isolation level: undefined/unknown
	Minimum pool size: undefined/unknown
	Maximum pool size: undefined/unknown
2025-02-40 18:00 o.h.e.t.j.p.i.JtaPlatformInitiator-HHH000489: No JTA platform available (set 'hibernate.transaction.jta.platform' to enable JTA platform integration)
2025-02-40 18:00 o.s.o.j.LocalContainerEntityManagerFactoryBean-Initialized JPA EntityManagerFactory for persistence unit 'default'
2025-02-40 18:00 o.s.d.j.r.query.QueryEnhancerFactory-Hibernate is in classpath; If applicable, HQL parser will be used.
2025-02-40 18:00 o.s.b.a.o.j.JpaBaseConfiguration$JpaWebConfiguration-spring.jpa.open-in-view is enabled by default. Therefore, database queries may be performed during view rendering. Explicitly configure spring.jpa.open-in-view to disable this warning
2025-02-40 18:00 o.s.b.a.s.s.UserDetailsServiceAutoConfiguration-

Using generated security password: 4c2c7d0c-26f3-48c8-81a6-0021d5d61bdd

This generated password is for development use only. Your security configuration must be updated before running your application in production.

2025-02-40 18:00 o.s.s.c.a.a.c.InitializeUserDetailsBeanManagerConfigurer$InitializeUserDetailsManagerConfigurer-Global AuthenticationManager configured with UserDetailsService bean with name inMemoryUserDetailsManager
2025-02-40 18:00 o.a.coyote.http11.Http11NioProtocol-Starting ProtocolHandler ["http-nio-8080"]
2025-02-40 18:00 o.s.b.w.e.tomcat.TomcatWebServer-Tomcat started on port 8080 (http) with context path '/'
2025-02-40 18:00 c.b.S.StomachForceApplication-Started StomachForceApplication in 9.613 seconds (process running for 12.506)
2025-02-40 18:06 o.h.validator.internal.util.Version-HV000001: Hibernate Validator 8.0.2.Final
2025-02-40 18:06 c.b.S.StomachForceApplication-Starting StomachForceApplication using Java 17.0.13 with PID 19292 (C:\Users\Playdata\Desktop\be11-2nd-ChulungChulung-StomachForce-BE\build\classes\java\main started by Playdata in C:\Users\Playdata\Desktop\be11-2nd-ChulungChulung-StomachForce-BE)
2025-02-40 18:06 c.b.S.StomachForceApplication-No active profile set, falling back to 1 default profile: "default"
2025-02-40 18:06 o.s.d.r.c.RepositoryConfigurationDelegate-Multiple Spring Data modules found, entering strict repository configuration mode
2025-02-40 18:06 o.s.d.r.c.RepositoryConfigurationDelegate-Bootstrapping Spring Data JPA repositories in DEFAULT mode.
2025-02-40 18:06 o.s.d.r.c.RepositoryConfigurationDelegate-Finished Spring Data repository scanning in 312 ms. Found 12 JPA repository interfaces.
2025-02-40 18:06 o.s.d.r.c.RepositoryConfigurationDelegate-Multiple Spring Data modules found, entering strict repository configuration mode
2025-02-40 18:06 o.s.d.r.c.RepositoryConfigurationDelegate-Bootstrapping Spring Data Redis repositories in DEFAULT mode.
2025-02-40 18:06 o.s.d.r.c.RepositoryConfigurationExtensionSupport-Spring Data Redis - Could not safely identify store assignment for repository candidate interface com.beyond.StomachForce.coupon.repository.CouponRepository; If you want this repository to be a Redis repository, consider annotating your entities with one of these annotations: org.springframework.data.redis.core.RedisHash (preferred), or consider extending one of the following types with your repository: org.springframework.data.keyvalue.repository.KeyValueRepository
2025-02-40 18:06 o.s.d.r.c.RepositoryConfigurationExtensionSupport-Spring Data Redis - Could not safely identify store assignment for repository candidate interface com.beyond.StomachForce.Post.repository.LikeRepository; If you want this repository to be a Redis repository, consider annotating your entities with one of these annotations: org.springframework.data.redis.core.RedisHash (preferred), or consider extending one of the following types with your repository: org.springframework.data.keyvalue.repository.KeyValueRepository
2025-02-40 18:06 o.s.d.r.c.RepositoryConfigurationExtensionSupport-Spring Data Redis - Could not safely identify store assignment for repository candidate interface com.beyond.StomachForce.Post.repository.PostRepository; If you want this repository to be a Redis repository, consider annotating your entities with one of these annotations: org.springframework.data.redis.core.RedisHash (preferred), or consider extending one of the following types with your repository: org.springframework.data.keyvalue.repository.KeyValueRepository
2025-02-40 18:06 o.s.d.r.c.RepositoryConfigurationExtensionSupport-Spring Data Redis - Could not safely identify store assignment for repository candidate interface com.beyond.StomachForce.reservation.repository.ReservationRepository; If you want this repository to be a Redis repository, consider annotating your entities with one of these annotations: org.springframework.data.redis.core.RedisHash (preferred), or consider extending one of the following types with your repository: org.springframework.data.keyvalue.repository.KeyValueRepository
2025-02-40 18:06 o.s.d.r.c.RepositoryConfigurationExtensionSupport-Spring Data Redis - Could not safely identify store assignment for repository candidate interface com.beyond.StomachForce.restaurant.repository.AddressRepository; If you want this repository to be a Redis repository, consider annotating your entities with one of these annotations: org.springframework.data.redis.core.RedisHash (preferred), or consider extending one of the following types with your repository: org.springframework.data.keyvalue.repository.KeyValueRepository
2025-02-40 18:06 o.s.d.r.c.RepositoryConfigurationExtensionSupport-Spring Data Redis - Could not safely identify store assignment for repository candidate interface com.beyond.StomachForce.restaurant.repository.BookmarkRepository; If you want this repository to be a Redis repository, consider annotating your entities with one of these annotations: org.springframework.data.redis.core.RedisHash (preferred), or consider extending one of the following types with your repository: org.springframework.data.keyvalue.repository.KeyValueRepository
2025-02-40 18:06 o.s.d.r.c.RepositoryConfigurationExtensionSupport-Spring Data Redis - Could not safely identify store assignment for repository candidate interface com.beyond.StomachForce.restaurant.repository.RestaurantConvenienceRepository; If you want this repository to be a Redis repository, consider annotating your entities with one of these annotations: org.springframework.data.redis.core.RedisHash (preferred), or consider extending one of the following types with your repository: org.springframework.data.keyvalue.repository.KeyValueRepository
2025-02-40 18:06 o.s.d.r.c.RepositoryConfigurationExtensionSupport-Spring Data Redis - Could not safely identify store assignment for repository candidate interface com.beyond.StomachForce.restaurant.repository.RestaurantPhotoRepository; If you want this repository to be a Redis repository, consider annotating your entities with one of these annotations: org.springframework.data.redis.core.RedisHash (preferred), or consider extending one of the following types with your repository: org.springframework.data.keyvalue.repository.KeyValueRepository
2025-02-40 18:06 o.s.d.r.c.RepositoryConfigurationExtensionSupport-Spring Data Redis - Could not safely identify store assignment for repository candidate interface com.beyond.StomachForce.restaurant.repository.RestaurantRepository; If you want this repository to be a Redis repository, consider annotating your entities with one of these annotations: org.springframework.data.redis.core.RedisHash (preferred), or consider extending one of the following types with your repository: org.springframework.data.keyvalue.repository.KeyValueRepository
2025-02-40 18:06 o.s.d.r.c.RepositoryConfigurationExtensionSupport-Spring Data Redis - Could not safely identify store assignment for repository candidate interface com.beyond.StomachForce.review.repository.ReviewPhotoRepository; If you want this repository to be a Redis repository, consider annotating your entities with one of these annotations: org.springframework.data.redis.core.RedisHash (preferred), or consider extending one of the following types with your repository: org.springframework.data.keyvalue.repository.KeyValueRepository
2025-02-40 18:06 o.s.d.r.c.RepositoryConfigurationExtensionSupport-Spring Data Redis - Could not safely identify store assignment for repository candidate interface com.beyond.StomachForce.review.repository.ReviewRepository; If you want this repository to be a Redis repository, consider annotating your entities with one of these annotations: org.springframework.data.redis.core.RedisHash (preferred), or consider extending one of the following types with your repository: org.springframework.data.keyvalue.repository.KeyValueRepository
2025-02-40 18:06 o.s.d.r.c.RepositoryConfigurationExtensionSupport-Spring Data Redis - Could not safely identify store assignment for repository candidate interface com.beyond.StomachForce.User.repository.UserRepository; If you want this repository to be a Redis repository, consider annotating your entities with one of these annotations: org.springframework.data.redis.core.RedisHash (preferred), or consider extending one of the following types with your repository: org.springframework.data.keyvalue.repository.KeyValueRepository
2025-02-40 18:06 o.s.d.r.c.RepositoryConfigurationDelegate-Finished Spring Data repository scanning in 97 ms. Found 0 Redis repository interfaces.
2025-02-40 18:06 o.s.b.w.e.tomcat.TomcatWebServer-Tomcat initialized with port 8080 (http)
2025-02-40 18:06 o.a.coyote.http11.Http11NioProtocol-Initializing ProtocolHandler ["http-nio-8080"]
2025-02-40 18:06 o.a.catalina.core.StandardService-Starting service [Tomcat]
2025-02-40 18:06 o.a.catalina.core.StandardEngine-Starting Servlet engine: [Apache Tomcat/10.1.34]
2025-02-40 18:06 o.a.c.c.C.[Tomcat].[localhost].[/]-Initializing Spring embedded WebApplicationContext
2025-02-40 18:06 o.s.b.w.s.c.ServletWebServerApplicationContext-Root WebApplicationContext: initialization completed in 2440 ms
2025-02-40 18:06 o.h.jpa.internal.util.LogHelper-HHH000204: Processing PersistenceUnitInfo [name: default]
2025-02-40 18:06 org.hibernate.Version-HHH000412: Hibernate ORM core version 6.6.5.Final
2025-02-40 18:06 o.h.c.i.RegionFactoryInitiator-HHH000026: Second-level cache disabled
2025-02-40 18:06 o.s.o.j.p.SpringPersistenceUnitInfo-No LoadTimeWeaver setup: ignoring JPA class transformer
2025-02-40 18:06 com.zaxxer.hikari.HikariDataSource-HikariPool-1 - Starting...
2025-02-40 18:06 com.zaxxer.hikari.pool.HikariPool-HikariPool-1 - Added connection org.mariadb.jdbc.Connection@41bd6a0f
2025-02-40 18:06 com.zaxxer.hikari.HikariDataSource-HikariPool-1 - Start completed.
2025-02-40 18:06 org.hibernate.orm.deprecation-HHH90000025: MariaDBDialect does not need to be specified explicitly using 'hibernate.dialect' (remove the property setting and it will be selected by default)
2025-02-40 18:06 o.hibernate.orm.connections.pooling-HHH10001005: Database info:
	Database JDBC URL [Connecting through datasource 'HikariDataSource (HikariPool-1)']
	Database driver: undefined/unknown
	Database version: 11.5.2
	Autocommit mode: undefined/unknown
	Isolation level: undefined/unknown
	Minimum pool size: undefined/unknown
	Maximum pool size: undefined/unknown
2025-02-40 18:06 o.h.e.t.j.p.i.JtaPlatformInitiator-HHH000489: No JTA platform available (set 'hibernate.transaction.jta.platform' to enable JTA platform integration)
2025-02-40 18:06 o.s.o.j.LocalContainerEntityManagerFactoryBean-Initialized JPA EntityManagerFactory for persistence unit 'default'
2025-02-40 18:06 o.s.d.j.r.query.QueryEnhancerFactory-Hibernate is in classpath; If applicable, HQL parser will be used.
2025-02-40 18:06 o.s.b.a.o.j.JpaBaseConfiguration$JpaWebConfiguration-spring.jpa.open-in-view is enabled by default. Therefore, database queries may be performed during view rendering. Explicitly configure spring.jpa.open-in-view to disable this warning
2025-02-40 18:06 o.s.b.a.s.s.UserDetailsServiceAutoConfiguration-

Using generated security password: 3c97cd27-03e6-4eb2-a238-3422de49336c

This generated password is for development use only. Your security configuration must be updated before running your application in production.

2025-02-40 18:06 o.s.s.c.a.a.c.InitializeUserDetailsBeanManagerConfigurer$InitializeUserDetailsManagerConfigurer-Global AuthenticationManager configured with UserDetailsService bean with name inMemoryUserDetailsManager
2025-02-40 18:06 o.a.coyote.http11.Http11NioProtocol-Starting ProtocolHandler ["http-nio-8080"]
2025-02-40 18:06 o.s.b.w.e.tomcat.TomcatWebServer-Tomcat started on port 8080 (http) with context path '/'
2025-02-40 18:06 c.b.S.StomachForceApplication-Started StomachForceApplication in 8.265 seconds (process running for 9.035)
2025-02-40 18:07 o.h.validator.internal.util.Version-HV000001: Hibernate Validator 8.0.2.Final
2025-02-40 18:07 c.b.S.StomachForceApplication-Starting StomachForceApplication using Java 17.0.13 with PID 18756 (C:\Users\Playdata\Desktop\be11-2nd-ChulungChulung-StomachForce-BE\build\classes\java\main started by Playdata in C:\Users\Playdata\Desktop\be11-2nd-ChulungChulung-StomachForce-BE)
2025-02-40 18:07 c.b.S.StomachForceApplication-No active profile set, falling back to 1 default profile: "default"
2025-02-40 18:07 o.s.d.r.c.RepositoryConfigurationDelegate-Multiple Spring Data modules found, entering strict repository configuration mode
2025-02-40 18:07 o.s.d.r.c.RepositoryConfigurationDelegate-Bootstrapping Spring Data JPA repositories in DEFAULT mode.
2025-02-40 18:07 o.s.d.r.c.RepositoryConfigurationDelegate-Finished Spring Data repository scanning in 318 ms. Found 12 JPA repository interfaces.
2025-02-40 18:07 o.s.d.r.c.RepositoryConfigurationDelegate-Multiple Spring Data modules found, entering strict repository configuration mode
2025-02-40 18:07 o.s.d.r.c.RepositoryConfigurationDelegate-Bootstrapping Spring Data Redis repositories in DEFAULT mode.
2025-02-40 18:07 o.s.d.r.c.RepositoryConfigurationExtensionSupport-Spring Data Redis - Could not safely identify store assignment for repository candidate interface com.beyond.StomachForce.coupon.repository.CouponRepository; If you want this repository to be a Redis repository, consider annotating your entities with one of these annotations: org.springframework.data.redis.core.RedisHash (preferred), or consider extending one of the following types with your repository: org.springframework.data.keyvalue.repository.KeyValueRepository
2025-02-40 18:07 o.s.d.r.c.RepositoryConfigurationExtensionSupport-Spring Data Redis - Could not safely identify store assignment for repository candidate interface com.beyond.StomachForce.Post.repository.LikeRepository; If you want this repository to be a Redis repository, consider annotating your entities with one of these annotations: org.springframework.data.redis.core.RedisHash (preferred), or consider extending one of the following types with your repository: org.springframework.data.keyvalue.repository.KeyValueRepository
2025-02-40 18:07 o.s.d.r.c.RepositoryConfigurationExtensionSupport-Spring Data Redis - Could not safely identify store assignment for repository candidate interface com.beyond.StomachForce.Post.repository.PostRepository; If you want this repository to be a Redis repository, consider annotating your entities with one of these annotations: org.springframework.data.redis.core.RedisHash (preferred), or consider extending one of the following types with your repository: org.springframework.data.keyvalue.repository.KeyValueRepository
2025-02-40 18:07 o.s.d.r.c.RepositoryConfigurationExtensionSupport-Spring Data Redis - Could not safely identify store assignment for repository candidate interface com.beyond.StomachForce.reservation.repository.ReservationRepository; If you want this repository to be a Redis repository, consider annotating your entities with one of these annotations: org.springframework.data.redis.core.RedisHash (preferred), or consider extending one of the following types with your repository: org.springframework.data.keyvalue.repository.KeyValueRepository
2025-02-40 18:07 o.s.d.r.c.RepositoryConfigurationExtensionSupport-Spring Data Redis - Could not safely identify store assignment for repository candidate interface com.beyond.StomachForce.restaurant.repository.AddressRepository; If you want this repository to be a Redis repository, consider annotating your entities with one of these annotations: org.springframework.data.redis.core.RedisHash (preferred), or consider extending one of the following types with your repository: org.springframework.data.keyvalue.repository.KeyValueRepository
2025-02-40 18:07 o.s.d.r.c.RepositoryConfigurationExtensionSupport-Spring Data Redis - Could not safely identify store assignment for repository candidate interface com.beyond.StomachForce.restaurant.repository.BookmarkRepository; If you want this repository to be a Redis repository, consider annotating your entities with one of these annotations: org.springframework.data.redis.core.RedisHash (preferred), or consider extending one of the following types with your repository: org.springframework.data.keyvalue.repository.KeyValueRepository
2025-02-40 18:07 o.s.d.r.c.RepositoryConfigurationExtensionSupport-Spring Data Redis - Could not safely identify store assignment for repository candidate interface com.beyond.StomachForce.restaurant.repository.RestaurantConvenienceRepository; If you want this repository to be a Redis repository, consider annotating your entities with one of these annotations: org.springframework.data.redis.core.RedisHash (preferred), or consider extending one of the following types with your repository: org.springframework.data.keyvalue.repository.KeyValueRepository
2025-02-40 18:07 o.s.d.r.c.RepositoryConfigurationExtensionSupport-Spring Data Redis - Could not safely identify store assignment for repository candidate interface com.beyond.StomachForce.restaurant.repository.RestaurantPhotoRepository; If you want this repository to be a Redis repository, consider annotating your entities with one of these annotations: org.springframework.data.redis.core.RedisHash (preferred), or consider extending one of the following types with your repository: org.springframework.data.keyvalue.repository.KeyValueRepository
2025-02-40 18:07 o.s.d.r.c.RepositoryConfigurationExtensionSupport-Spring Data Redis - Could not safely identify store assignment for repository candidate interface com.beyond.StomachForce.restaurant.repository.RestaurantRepository; If you want this repository to be a Redis repository, consider annotating your entities with one of these annotations: org.springframework.data.redis.core.RedisHash (preferred), or consider extending one of the following types with your repository: org.springframework.data.keyvalue.repository.KeyValueRepository
2025-02-40 18:07 o.s.d.r.c.RepositoryConfigurationExtensionSupport-Spring Data Redis - Could not safely identify store assignment for repository candidate interface com.beyond.StomachForce.review.repository.ReviewPhotoRepository; If you want this repository to be a Redis repository, consider annotating your entities with one of these annotations: org.springframework.data.redis.core.RedisHash (preferred), or consider extending one of the following types with your repository: org.springframework.data.keyvalue.repository.KeyValueRepository
2025-02-40 18:07 o.s.d.r.c.RepositoryConfigurationExtensionSupport-Spring Data Redis - Could not safely identify store assignment for repository candidate interface com.beyond.StomachForce.review.repository.ReviewRepository; If you want this repository to be a Redis repository, consider annotating your entities with one of these annotations: org.springframework.data.redis.core.RedisHash (preferred), or consider extending one of the following types with your repository: org.springframework.data.keyvalue.repository.KeyValueRepository
2025-02-40 18:07 o.s.d.r.c.RepositoryConfigurationExtensionSupport-Spring Data Redis - Could not safely identify store assignment for repository candidate interface com.beyond.StomachForce.User.repository.UserRepository; If you want this repository to be a Redis repository, consider annotating your entities with one of these annotations: org.springframework.data.redis.core.RedisHash (preferred), or consider extending one of the following types with your repository: org.springframework.data.keyvalue.repository.KeyValueRepository
2025-02-40 18:07 o.s.d.r.c.RepositoryConfigurationDelegate-Finished Spring Data repository scanning in 77 ms. Found 0 Redis repository interfaces.
2025-02-40 18:07 o.s.b.w.e.tomcat.TomcatWebServer-Tomcat initialized with port 8080 (http)
2025-02-40 18:07 o.a.coyote.http11.Http11NioProtocol-Initializing ProtocolHandler ["http-nio-8080"]
2025-02-40 18:07 o.a.catalina.core.StandardService-Starting service [Tomcat]
2025-02-40 18:07 o.a.catalina.core.StandardEngine-Starting Servlet engine: [Apache Tomcat/10.1.34]
2025-02-40 18:07 o.a.c.c.C.[Tomcat].[localhost].[/]-Initializing Spring embedded WebApplicationContext
2025-02-40 18:07 o.s.b.w.s.c.ServletWebServerApplicationContext-Root WebApplicationContext: initialization completed in 2473 ms
2025-02-40 18:07 o.h.jpa.internal.util.LogHelper-HHH000204: Processing PersistenceUnitInfo [name: default]
2025-02-40 18:07 org.hibernate.Version-HHH000412: Hibernate ORM core version 6.6.5.Final
2025-02-40 18:07 o.h.c.i.RegionFactoryInitiator-HHH000026: Second-level cache disabled
2025-02-40 18:07 o.s.o.j.p.SpringPersistenceUnitInfo-No LoadTimeWeaver setup: ignoring JPA class transformer
2025-02-40 18:07 com.zaxxer.hikari.HikariDataSource-HikariPool-1 - Starting...
2025-02-40 18:07 com.zaxxer.hikari.pool.HikariPool-HikariPool-1 - Added connection org.mariadb.jdbc.Connection@5e2975ca
2025-02-40 18:07 com.zaxxer.hikari.HikariDataSource-HikariPool-1 - Start completed.
2025-02-40 18:07 org.hibernate.orm.deprecation-HHH90000025: MariaDBDialect does not need to be specified explicitly using 'hibernate.dialect' (remove the property setting and it will be selected by default)
2025-02-40 18:07 o.hibernate.orm.connections.pooling-HHH10001005: Database info:
	Database JDBC URL [Connecting through datasource 'HikariDataSource (HikariPool-1)']
	Database driver: undefined/unknown
	Database version: 11.5.2
	Autocommit mode: undefined/unknown
	Isolation level: undefined/unknown
	Minimum pool size: undefined/unknown
	Maximum pool size: undefined/unknown
2025-02-40 18:07 o.h.e.t.j.p.i.JtaPlatformInitiator-HHH000489: No JTA platform available (set 'hibernate.transaction.jta.platform' to enable JTA platform integration)
2025-02-40 18:07 o.s.o.j.LocalContainerEntityManagerFactoryBean-Initialized JPA EntityManagerFactory for persistence unit 'default'
2025-02-40 18:07 o.s.d.j.r.query.QueryEnhancerFactory-Hibernate is in classpath; If applicable, HQL parser will be used.
2025-02-40 18:07 o.s.b.a.o.j.JpaBaseConfiguration$JpaWebConfiguration-spring.jpa.open-in-view is enabled by default. Therefore, database queries may be performed during view rendering. Explicitly configure spring.jpa.open-in-view to disable this warning
2025-02-40 18:07 o.s.b.a.s.s.UserDetailsServiceAutoConfiguration-

Using generated security password: 64cc0af9-98ef-4ff1-ad8f-590220e4af28

This generated password is for development use only. Your security configuration must be updated before running your application in production.

2025-02-40 18:07 o.s.s.c.a.a.c.InitializeUserDetailsBeanManagerConfigurer$InitializeUserDetailsManagerConfigurer-Global AuthenticationManager configured with UserDetailsService bean with name inMemoryUserDetailsManager
2025-02-40 18:07 o.a.coyote.http11.Http11NioProtocol-Starting ProtocolHandler ["http-nio-8080"]
2025-02-40 18:07 o.s.b.w.e.tomcat.TomcatWebServer-Tomcat started on port 8080 (http) with context path '/'
2025-02-40 18:07 c.b.S.StomachForceApplication-Started StomachForceApplication in 7.987 seconds (process running for 8.704)
2025-02-40 18:10 o.a.c.c.C.[Tomcat].[localhost].[/]-Initializing Spring DispatcherServlet 'dispatcherServlet'
2025-02-40 18:10 o.s.web.servlet.DispatcherServlet-Initializing Servlet 'dispatcherServlet'
2025-02-40 18:10 o.s.web.servlet.DispatcherServlet-Completed initialization in 1 ms
2025-02-40 18:10 o.s.w.s.m.s.DefaultHandlerExceptionResolver-Resolved [org.springframework.web.HttpRequestMethodNotSupportedException: Request method 'POST' is not supported]
2025-02-40 18:10 o.s.w.s.m.s.DefaultHandlerExceptionResolver-Resolved [org.springframework.web.HttpRequestMethodNotSupportedException: Request method 'POST' is not supported]
2025-02-40 18:22 o.s.w.s.m.s.DefaultHandlerExceptionResolver-Resolved [org.springframework.http.converter.HttpMessageNotReadableException: JSON parse error: Cannot deserialize value of type `java.time.LocalDateTime` from String "2025-02-07 14:48:47.675474": Failed to deserialize java.time.LocalDateTime: (java.time.format.DateTimeParseException) Text '2025-02-07 14:48:47.675474' could not be parsed at index 10]
2025-02-40 18:24 o.s.w.s.m.s.DefaultHandlerExceptionResolver-Resolved [org.springframework.http.converter.HttpMessageNotReadableException: JSON parse error: Cannot deserialize value of type `java.time.LocalDateTime` from String "2025-02-07 14:48:47.675474": Failed to deserialize java.time.LocalDateTime: (java.time.format.DateTimeParseException) Text '2025-02-07 14:48:47.675474' could not be parsed at index 10]
2025-02-40 18:25 o.s.w.s.m.s.DefaultHandlerExceptionResolver-Resolved [org.springframework.http.converter.HttpMessageNotReadableException: JSON parse error: Cannot deserialize value of type `java.time.LocalDateTime` from String "2025-02-07 14:48:47": Failed to deserialize java.time.LocalDateTime: (java.time.format.DateTimeParseException) Text '2025-02-07 14:48:47' could not be parsed at index 10]
2025-02-40 18:27 o.s.w.s.m.s.DefaultHandlerExceptionResolver-Resolved [org.springframework.http.converter.HttpMessageNotReadableException: JSON parse error: Cannot deserialize value of type `java.time.LocalDate` from String "12341234": Failed to deserialize java.time.LocalDate: (java.time.format.DateTimeParseException) Text '12341234' could not be parsed at index 0]
2025-02-40 18:28 o.s.w.s.m.s.DefaultHandlerExceptionResolver-Resolved [org.springframework.http.converter.HttpMessageNotReadableException: JSON parse error: Cannot deserialize value of type `int` from String "hanssale": not a valid `int` value]
2025-02-40 18:31 c.b.S.C.c.CommonExceptionHandler-Validation failed for argument [0] in public java.lang.String com.beyond.StomachForce.restaurant.controller.RestaurantController.authorCreate(com.beyond.StomachForce.restaurant.dtos.RestaurantCreateReq) with 2 errors: [Field error in object 'restaurantCreateReq' on field 'address': rejected value [null]; codes [NotNull.restaurantCreateReq.address,NotNull.address,NotNull.com.beyond.StomachForce.restaurant.entity.RestaurantAddress,NotNull]; arguments [org.springframework.context.support.DefaultMessageSourceResolvable: codes [restaurantCreateReq.address,address]; arguments []; default message [address]]; default message [널이어서는 안됩니다]] [Field error in object 'restaurantCreateReq' on field 'email': rejected value [null]; codes [NotEmpty.restaurantCreateReq.email,NotEmpty.email,NotEmpty.java.lang.String,NotEmpty]; arguments [org.springframework.context.support.DefaultMessageSourceResolvable: codes [restaurantCreateReq.email,email]; arguments []; default message [email]]; default message [비어 있을 수 없습니다]] 
2025-02-40 18:31 o.s.w.s.m.s.DefaultHandlerExceptionResolver-Resolved [org.springframework.http.converter.HttpMessageNotReadableException: JSON parse error: Cannot construct instance of `com.beyond.StomachForce.restaurant.entity.RestaurantAddress` (although at least one Creator exists): no String-argument constructor/factory method to deserialize from String value ('hong@naver.com')]
2025-02-40 18:31 o.s.w.s.m.s.DefaultHandlerExceptionResolver-Resolved [org.springframework.http.converter.HttpMessageNotReadableException: JSON parse error: Cannot construct instance of `com.beyond.StomachForce.restaurant.entity.RestaurantAddress` (although at least one Creator exists): no int/Int-argument constructor/factory method to deserialize from Number value (1)]
2025-02-40 18:45 o.s.w.s.m.s.DefaultHandlerExceptionResolver-Resolved [org.springframework.http.converter.HttpMessageNotReadableException: JSON parse error: Cannot deserialize value of type `java.time.LocalDateTime` from String "2025-02-07T14": Failed to deserialize java.time.LocalDateTime: (java.time.format.DateTimeParseException) Text '2025-02-07T14' could not be parsed at index 13]
2025-02-40 18:45 o.s.w.s.m.s.DefaultHandlerExceptionResolver-Resolved [org.springframework.http.converter.HttpMessageNotReadableException: JSON parse error: Cannot deserialize value of type `java.time.LocalDateTime` from String "2025-02-07T14": Failed to deserialize java.time.LocalDateTime: (java.time.format.DateTimeParseException) Text '2025-02-07T14' could not be parsed at index 13]
2025-02-40 18:46 o.h.validator.internal.util.Version-HV000001: Hibernate Validator 8.0.2.Final
2025-02-40 18:46 c.b.S.StomachForceApplication-Starting StomachForceApplication using Java 17.0.13 with PID 11684 (C:\Users\Playdata\Desktop\be11-2nd-ChulungChulung-StomachForce-BE\build\classes\java\main started by Playdata in C:\Users\Playdata\Desktop\be11-2nd-ChulungChulung-StomachForce-BE)
2025-02-40 18:46 c.b.S.StomachForceApplication-No active profile set, falling back to 1 default profile: "default"
2025-02-40 18:46 o.s.d.r.c.RepositoryConfigurationDelegate-Multiple Spring Data modules found, entering strict repository configuration mode
2025-02-40 18:46 o.s.d.r.c.RepositoryConfigurationDelegate-Bootstrapping Spring Data JPA repositories in DEFAULT mode.
2025-02-40 18:46 o.s.d.r.c.RepositoryConfigurationDelegate-Finished Spring Data repository scanning in 300 ms. Found 12 JPA repository interfaces.
2025-02-40 18:46 o.s.d.r.c.RepositoryConfigurationDelegate-Multiple Spring Data modules found, entering strict repository configuration mode
2025-02-40 18:46 o.s.d.r.c.RepositoryConfigurationDelegate-Bootstrapping Spring Data Redis repositories in DEFAULT mode.
2025-02-40 18:46 o.s.d.r.c.RepositoryConfigurationExtensionSupport-Spring Data Redis - Could not safely identify store assignment for repository candidate interface com.beyond.StomachForce.coupon.repository.CouponRepository; If you want this repository to be a Redis repository, consider annotating your entities with one of these annotations: org.springframework.data.redis.core.RedisHash (preferred), or consider extending one of the following types with your repository: org.springframework.data.keyvalue.repository.KeyValueRepository
2025-02-40 18:46 o.s.d.r.c.RepositoryConfigurationExtensionSupport-Spring Data Redis - Could not safely identify store assignment for repository candidate interface com.beyond.StomachForce.Post.repository.LikeRepository; If you want this repository to be a Redis repository, consider annotating your entities with one of these annotations: org.springframework.data.redis.core.RedisHash (preferred), or consider extending one of the following types with your repository: org.springframework.data.keyvalue.repository.KeyValueRepository
2025-02-40 18:46 o.s.d.r.c.RepositoryConfigurationExtensionSupport-Spring Data Redis - Could not safely identify store assignment for repository candidate interface com.beyond.StomachForce.Post.repository.PostRepository; If you want this repository to be a Redis repository, consider annotating your entities with one of these annotations: org.springframework.data.redis.core.RedisHash (preferred), or consider extending one of the following types with your repository: org.springframework.data.keyvalue.repository.KeyValueRepository
2025-02-40 18:46 o.s.d.r.c.RepositoryConfigurationExtensionSupport-Spring Data Redis - Could not safely identify store assignment for repository candidate interface com.beyond.StomachForce.reservation.repository.ReservationRepository; If you want this repository to be a Redis repository, consider annotating your entities with one of these annotations: org.springframework.data.redis.core.RedisHash (preferred), or consider extending one of the following types with your repository: org.springframework.data.keyvalue.repository.KeyValueRepository
2025-02-40 18:46 o.s.d.r.c.RepositoryConfigurationExtensionSupport-Spring Data Redis - Could not safely identify store assignment for repository candidate interface com.beyond.StomachForce.restaurant.repository.AddressRepository; If you want this repository to be a Redis repository, consider annotating your entities with one of these annotations: org.springframework.data.redis.core.RedisHash (preferred), or consider extending one of the following types with your repository: org.springframework.data.keyvalue.repository.KeyValueRepository
2025-02-40 18:46 o.s.d.r.c.RepositoryConfigurationExtensionSupport-Spring Data Redis - Could not safely identify store assignment for repository candidate interface com.beyond.StomachForce.restaurant.repository.BookmarkRepository; If you want this repository to be a Redis repository, consider annotating your entities with one of these annotations: org.springframework.data.redis.core.RedisHash (preferred), or consider extending one of the following types with your repository: org.springframework.data.keyvalue.repository.KeyValueRepository
2025-02-40 18:46 o.s.d.r.c.RepositoryConfigurationExtensionSupport-Spring Data Redis - Could not safely identify store assignment for repository candidate interface com.beyond.StomachForce.restaurant.repository.RestaurantConvenienceRepository; If you want this repository to be a Redis repository, consider annotating your entities with one of these annotations: org.springframework.data.redis.core.RedisHash (preferred), or consider extending one of the following types with your repository: org.springframework.data.keyvalue.repository.KeyValueRepository
2025-02-40 18:46 o.s.d.r.c.RepositoryConfigurationExtensionSupport-Spring Data Redis - Could not safely identify store assignment for repository candidate interface com.beyond.StomachForce.restaurant.repository.RestaurantPhotoRepository; If you want this repository to be a Redis repository, consider annotating your entities with one of these annotations: org.springframework.data.redis.core.RedisHash (preferred), or consider extending one of the following types with your repository: org.springframework.data.keyvalue.repository.KeyValueRepository
2025-02-40 18:46 o.s.d.r.c.RepositoryConfigurationExtensionSupport-Spring Data Redis - Could not safely identify store assignment for repository candidate interface com.beyond.StomachForce.restaurant.repository.RestaurantRepository; If you want this repository to be a Redis repository, consider annotating your entities with one of these annotations: org.springframework.data.redis.core.RedisHash (preferred), or consider extending one of the following types with your repository: org.springframework.data.keyvalue.repository.KeyValueRepository
2025-02-40 18:46 o.s.d.r.c.RepositoryConfigurationExtensionSupport-Spring Data Redis - Could not safely identify store assignment for repository candidate interface com.beyond.StomachForce.review.repository.ReviewPhotoRepository; If you want this repository to be a Redis repository, consider annotating your entities with one of these annotations: org.springframework.data.redis.core.RedisHash (preferred), or consider extending one of the following types with your repository: org.springframework.data.keyvalue.repository.KeyValueRepository
2025-02-40 18:46 o.s.d.r.c.RepositoryConfigurationExtensionSupport-Spring Data Redis - Could not safely identify store assignment for repository candidate interface com.beyond.StomachForce.review.repository.ReviewRepository; If you want this repository to be a Redis repository, consider annotating your entities with one of these annotations: org.springframework.data.redis.core.RedisHash (preferred), or consider extending one of the following types with your repository: org.springframework.data.keyvalue.repository.KeyValueRepository
2025-02-40 18:46 o.s.d.r.c.RepositoryConfigurationExtensionSupport-Spring Data Redis - Could not safely identify store assignment for repository candidate interface com.beyond.StomachForce.User.repository.UserRepository; If you want this repository to be a Redis repository, consider annotating your entities with one of these annotations: org.springframework.data.redis.core.RedisHash (preferred), or consider extending one of the following types with your repository: org.springframework.data.keyvalue.repository.KeyValueRepository
2025-02-40 18:46 o.s.d.r.c.RepositoryConfigurationDelegate-Finished Spring Data repository scanning in 58 ms. Found 0 Redis repository interfaces.
2025-02-40 18:46 o.s.b.w.e.tomcat.TomcatWebServer-Tomcat initialized with port 8080 (http)
2025-02-40 18:46 o.a.coyote.http11.Http11NioProtocol-Initializing ProtocolHandler ["http-nio-8080"]
2025-02-40 18:46 o.a.catalina.core.StandardService-Starting service [Tomcat]
2025-02-40 18:46 o.a.catalina.core.StandardEngine-Starting Servlet engine: [Apache Tomcat/10.1.34]
2025-02-40 18:46 o.a.c.c.C.[Tomcat].[localhost].[/]-Initializing Spring embedded WebApplicationContext
2025-02-40 18:46 o.s.b.w.s.c.ServletWebServerApplicationContext-Root WebApplicationContext: initialization completed in 2368 ms
2025-02-40 18:46 o.h.jpa.internal.util.LogHelper-HHH000204: Processing PersistenceUnitInfo [name: default]
2025-02-40 18:46 org.hibernate.Version-HHH000412: Hibernate ORM core version 6.6.5.Final
2025-02-40 18:46 o.h.c.i.RegionFactoryInitiator-HHH000026: Second-level cache disabled
2025-02-40 18:46 o.s.o.j.p.SpringPersistenceUnitInfo-No LoadTimeWeaver setup: ignoring JPA class transformer
2025-02-40 18:46 com.zaxxer.hikari.HikariDataSource-HikariPool-1 - Starting...
2025-02-40 18:46 com.zaxxer.hikari.pool.HikariPool-HikariPool-1 - Added connection org.mariadb.jdbc.Connection@2a661215
2025-02-40 18:46 com.zaxxer.hikari.HikariDataSource-HikariPool-1 - Start completed.
2025-02-40 18:46 org.hibernate.orm.deprecation-HHH90000025: MariaDBDialect does not need to be specified explicitly using 'hibernate.dialect' (remove the property setting and it will be selected by default)
2025-02-40 18:46 o.hibernate.orm.connections.pooling-HHH10001005: Database info:
	Database JDBC URL [Connecting through datasource 'HikariDataSource (HikariPool-1)']
	Database driver: undefined/unknown
	Database version: 11.5.2
	Autocommit mode: undefined/unknown
	Isolation level: undefined/unknown
	Minimum pool size: undefined/unknown
	Maximum pool size: undefined/unknown
2025-02-40 18:46 o.h.e.t.j.p.i.JtaPlatformInitiator-HHH000489: No JTA platform available (set 'hibernate.transaction.jta.platform' to enable JTA platform integration)
2025-02-40 18:46 o.s.o.j.LocalContainerEntityManagerFactoryBean-Initialized JPA EntityManagerFactory for persistence unit 'default'
2025-02-40 18:46 o.s.d.j.r.query.QueryEnhancerFactory-Hibernate is in classpath; If applicable, HQL parser will be used.
2025-02-40 18:46 o.s.b.a.o.j.JpaBaseConfiguration$JpaWebConfiguration-spring.jpa.open-in-view is enabled by default. Therefore, database queries may be performed during view rendering. Explicitly configure spring.jpa.open-in-view to disable this warning
2025-02-40 18:46 o.s.b.a.s.s.UserDetailsServiceAutoConfiguration-

Using generated security password: 32fb3105-3e84-4826-8494-68c473704cfc

This generated password is for development use only. Your security configuration must be updated before running your application in production.

2025-02-40 18:46 o.s.s.c.a.a.c.InitializeUserDetailsBeanManagerConfigurer$InitializeUserDetailsManagerConfigurer-Global AuthenticationManager configured with UserDetailsService bean with name inMemoryUserDetailsManager
2025-02-40 18:46 o.a.coyote.http11.Http11NioProtocol-Starting ProtocolHandler ["http-nio-8080"]
2025-02-40 18:46 o.s.b.w.e.tomcat.TomcatWebServer-Tomcat started on port 8080 (http) with context path '/'
2025-02-40 18:46 c.b.S.StomachForceApplication-Started StomachForceApplication in 8.006 seconds (process running for 8.725)
2025-02-40 18:46 o.a.c.c.C.[Tomcat].[localhost].[/]-Initializing Spring DispatcherServlet 'dispatcherServlet'
2025-02-40 18:46 o.s.web.servlet.DispatcherServlet-Initializing Servlet 'dispatcherServlet'
2025-02-40 18:46 o.s.web.servlet.DispatcherServlet-Completed initialization in 1 ms
2025-02-40 18:46 o.s.w.s.m.s.DefaultHandlerExceptionResolver-Resolved [org.springframework.http.converter.HttpMessageNotReadableException: JSON parse error: Cannot deserialize value of type `java.time.LocalDateTime` from String "2025-02-07T14": Failed to deserialize java.time.LocalDateTime: (java.time.format.DateTimeParseException) Text '2025-02-07T14' could not be parsed at index 13]
2025-02-40 18:48 c.b.S.C.c.CommonExceptionHandler-user is not found
2025-02-40 18:48 c.b.S.C.c.CommonExceptionHandler-user is not found
2025-02-40 18:50 c.b.S.C.c.CommonExceptionHandler-user is not found
2025-02-40 18:55 o.h.validator.internal.util.Version-HV000001: Hibernate Validator 8.0.2.Final
2025-02-40 18:55 c.b.S.StomachForceApplication-Starting StomachForceApplication using Java 17.0.13 with PID 20464 (C:\Users\Playdata\Desktop\be11-2nd-ChulungChulung-StomachForce-BE\build\classes\java\main started by Playdata in C:\Users\Playdata\Desktop\be11-2nd-ChulungChulung-StomachForce-BE)
2025-02-40 18:55 c.b.S.StomachForceApplication-No active profile set, falling back to 1 default profile: "default"
2025-02-40 18:55 o.s.d.r.c.RepositoryConfigurationDelegate-Multiple Spring Data modules found, entering strict repository configuration mode
2025-02-40 18:55 o.s.d.r.c.RepositoryConfigurationDelegate-Bootstrapping Spring Data JPA repositories in DEFAULT mode.
2025-02-40 18:55 o.s.d.r.c.RepositoryConfigurationDelegate-Finished Spring Data repository scanning in 339 ms. Found 12 JPA repository interfaces.
2025-02-40 18:55 o.s.d.r.c.RepositoryConfigurationDelegate-Multiple Spring Data modules found, entering strict repository configuration mode
2025-02-40 18:55 o.s.d.r.c.RepositoryConfigurationDelegate-Bootstrapping Spring Data Redis repositories in DEFAULT mode.
2025-02-40 18:55 o.s.d.r.c.RepositoryConfigurationExtensionSupport-Spring Data Redis - Could not safely identify store assignment for repository candidate interface com.beyond.StomachForce.coupon.repository.CouponRepository; If you want this repository to be a Redis repository, consider annotating your entities with one of these annotations: org.springframework.data.redis.core.RedisHash (preferred), or consider extending one of the following types with your repository: org.springframework.data.keyvalue.repository.KeyValueRepository
2025-02-40 18:55 o.s.d.r.c.RepositoryConfigurationExtensionSupport-Spring Data Redis - Could not safely identify store assignment for repository candidate interface com.beyond.StomachForce.Post.repository.LikeRepository; If you want this repository to be a Redis repository, consider annotating your entities with one of these annotations: org.springframework.data.redis.core.RedisHash (preferred), or consider extending one of the following types with your repository: org.springframework.data.keyvalue.repository.KeyValueRepository
2025-02-40 18:55 o.s.d.r.c.RepositoryConfigurationExtensionSupport-Spring Data Redis - Could not safely identify store assignment for repository candidate interface com.beyond.StomachForce.Post.repository.PostRepository; If you want this repository to be a Redis repository, consider annotating your entities with one of these annotations: org.springframework.data.redis.core.RedisHash (preferred), or consider extending one of the following types with your repository: org.springframework.data.keyvalue.repository.KeyValueRepository
2025-02-40 18:55 o.s.d.r.c.RepositoryConfigurationExtensionSupport-Spring Data Redis - Could not safely identify store assignment for repository candidate interface com.beyond.StomachForce.reservation.repository.ReservationRepository; If you want this repository to be a Redis repository, consider annotating your entities with one of these annotations: org.springframework.data.redis.core.RedisHash (preferred), or consider extending one of the following types with your repository: org.springframework.data.keyvalue.repository.KeyValueRepository
2025-02-40 18:55 o.s.d.r.c.RepositoryConfigurationExtensionSupport-Spring Data Redis - Could not safely identify store assignment for repository candidate interface com.beyond.StomachForce.restaurant.repository.AddressRepository; If you want this repository to be a Redis repository, consider annotating your entities with one of these annotations: org.springframework.data.redis.core.RedisHash (preferred), or consider extending one of the following types with your repository: org.springframework.data.keyvalue.repository.KeyValueRepository
2025-02-40 18:55 o.s.d.r.c.RepositoryConfigurationExtensionSupport-Spring Data Redis - Could not safely identify store assignment for repository candidate interface com.beyond.StomachForce.restaurant.repository.BookmarkRepository; If you want this repository to be a Redis repository, consider annotating your entities with one of these annotations: org.springframework.data.redis.core.RedisHash (preferred), or consider extending one of the following types with your repository: org.springframework.data.keyvalue.repository.KeyValueRepository
2025-02-40 18:55 o.s.d.r.c.RepositoryConfigurationExtensionSupport-Spring Data Redis - Could not safely identify store assignment for repository candidate interface com.beyond.StomachForce.restaurant.repository.RestaurantConvenienceRepository; If you want this repository to be a Redis repository, consider annotating your entities with one of these annotations: org.springframework.data.redis.core.RedisHash (preferred), or consider extending one of the following types with your repository: org.springframework.data.keyvalue.repository.KeyValueRepository
2025-02-40 18:55 o.s.d.r.c.RepositoryConfigurationExtensionSupport-Spring Data Redis - Could not safely identify store assignment for repository candidate interface com.beyond.StomachForce.restaurant.repository.RestaurantPhotoRepository; If you want this repository to be a Redis repository, consider annotating your entities with one of these annotations: org.springframework.data.redis.core.RedisHash (preferred), or consider extending one of the following types with your repository: org.springframework.data.keyvalue.repository.KeyValueRepository
2025-02-40 18:55 o.s.d.r.c.RepositoryConfigurationExtensionSupport-Spring Data Redis - Could not safely identify store assignment for repository candidate interface com.beyond.StomachForce.restaurant.repository.RestaurantRepository; If you want this repository to be a Redis repository, consider annotating your entities with one of these annotations: org.springframework.data.redis.core.RedisHash (preferred), or consider extending one of the following types with your repository: org.springframework.data.keyvalue.repository.KeyValueRepository
2025-02-40 18:55 o.s.d.r.c.RepositoryConfigurationExtensionSupport-Spring Data Redis - Could not safely identify store assignment for repository candidate interface com.beyond.StomachForce.review.repository.ReviewPhotoRepository; If you want this repository to be a Redis repository, consider annotating your entities with one of these annotations: org.springframework.data.redis.core.RedisHash (preferred), or consider extending one of the following types with your repository: org.springframework.data.keyvalue.repository.KeyValueRepository
2025-02-40 18:55 o.s.d.r.c.RepositoryConfigurationExtensionSupport-Spring Data Redis - Could not safely identify store assignment for repository candidate interface com.beyond.StomachForce.review.repository.ReviewRepository; If you want this repository to be a Redis repository, consider annotating your entities with one of these annotations: org.springframework.data.redis.core.RedisHash (preferred), or consider extending one of the following types with your repository: org.springframework.data.keyvalue.repository.KeyValueRepository
2025-02-40 18:55 o.s.d.r.c.RepositoryConfigurationExtensionSupport-Spring Data Redis - Could not safely identify store assignment for repository candidate interface com.beyond.StomachForce.User.repository.UserRepository; If you want this repository to be a Redis repository, consider annotating your entities with one of these annotations: org.springframework.data.redis.core.RedisHash (preferred), or consider extending one of the following types with your repository: org.springframework.data.keyvalue.repository.KeyValueRepository
2025-02-40 18:55 o.s.d.r.c.RepositoryConfigurationDelegate-Finished Spring Data repository scanning in 86 ms. Found 0 Redis repository interfaces.
2025-02-40 18:55 o.s.b.w.e.tomcat.TomcatWebServer-Tomcat initialized with port 8080 (http)
2025-02-40 18:55 o.a.coyote.http11.Http11NioProtocol-Initializing ProtocolHandler ["http-nio-8080"]
2025-02-40 18:55 o.a.catalina.core.StandardService-Starting service [Tomcat]
2025-02-40 18:55 o.a.catalina.core.StandardEngine-Starting Servlet engine: [Apache Tomcat/10.1.34]
2025-02-40 18:55 o.a.c.c.C.[Tomcat].[localhost].[/]-Initializing Spring embedded WebApplicationContext
2025-02-40 18:55 o.s.b.w.s.c.ServletWebServerApplicationContext-Root WebApplicationContext: initialization completed in 2544 ms
2025-02-40 18:55 o.h.jpa.internal.util.LogHelper-HHH000204: Processing PersistenceUnitInfo [name: default]
2025-02-40 18:55 org.hibernate.Version-HHH000412: Hibernate ORM core version 6.6.5.Final
2025-02-40 18:55 o.h.c.i.RegionFactoryInitiator-HHH000026: Second-level cache disabled
2025-02-40 18:55 o.s.o.j.p.SpringPersistenceUnitInfo-No LoadTimeWeaver setup: ignoring JPA class transformer
2025-02-40 18:55 com.zaxxer.hikari.HikariDataSource-HikariPool-1 - Starting...
2025-02-40 18:55 com.zaxxer.hikari.pool.HikariPool-HikariPool-1 - Added connection org.mariadb.jdbc.Connection@3c8fe8ad
2025-02-40 18:55 com.zaxxer.hikari.HikariDataSource-HikariPool-1 - Start completed.
2025-02-40 18:55 org.hibernate.orm.deprecation-HHH90000025: MariaDBDialect does not need to be specified explicitly using 'hibernate.dialect' (remove the property setting and it will be selected by default)
2025-02-40 18:55 o.hibernate.orm.connections.pooling-HHH10001005: Database info:
	Database JDBC URL [Connecting through datasource 'HikariDataSource (HikariPool-1)']
	Database driver: undefined/unknown
	Database version: 11.5.2
	Autocommit mode: undefined/unknown
	Isolation level: undefined/unknown
	Minimum pool size: undefined/unknown
	Maximum pool size: undefined/unknown
2025-02-40 18:55 o.h.e.t.j.p.i.JtaPlatformInitiator-HHH000489: No JTA platform available (set 'hibernate.transaction.jta.platform' to enable JTA platform integration)
2025-02-40 18:55 o.s.o.j.LocalContainerEntityManagerFactoryBean-Initialized JPA EntityManagerFactory for persistence unit 'default'
2025-02-40 18:55 o.s.d.j.r.query.QueryEnhancerFactory-Hibernate is in classpath; If applicable, HQL parser will be used.
2025-02-40 18:55 o.s.b.a.o.j.JpaBaseConfiguration$JpaWebConfiguration-spring.jpa.open-in-view is enabled by default. Therefore, database queries may be performed during view rendering. Explicitly configure spring.jpa.open-in-view to disable this warning
2025-02-40 18:55 o.s.b.a.s.s.UserDetailsServiceAutoConfiguration-

Using generated security password: 9a68d395-5896-4ebf-83e4-0ac0b78448a6

This generated password is for development use only. Your security configuration must be updated before running your application in production.

2025-02-40 18:55 o.s.s.c.a.a.c.InitializeUserDetailsBeanManagerConfigurer$InitializeUserDetailsManagerConfigurer-Global AuthenticationManager configured with UserDetailsService bean with name inMemoryUserDetailsManager
2025-02-40 18:55 o.a.coyote.http11.Http11NioProtocol-Starting ProtocolHandler ["http-nio-8080"]
2025-02-40 18:55 o.s.b.w.e.tomcat.TomcatWebServer-Tomcat started on port 8080 (http) with context path '/'
2025-02-40 18:55 c.b.S.StomachForceApplication-Started StomachForceApplication in 7.934 seconds (process running for 8.682)
2025-02-40 18:56 o.a.c.c.C.[Tomcat].[localhost].[/]-Initializing Spring DispatcherServlet 'dispatcherServlet'
2025-02-40 18:56 o.s.web.servlet.DispatcherServlet-Initializing Servlet 'dispatcherServlet'
2025-02-40 18:56 o.s.web.servlet.DispatcherServlet-Completed initialization in 3 ms
2025-02-40 19:00 c.b.S.C.c.CommonExceptionHandler-coupon is not found
2025-02-40 19:00 c.b.S.C.c.CommonExceptionHandler-coupon is not found
2025-02-40 19:04 o.h.validator.internal.util.Version-HV000001: Hibernate Validator 8.0.2.Final
2025-02-40 19:04 c.b.S.StomachForceApplication-Starting StomachForceApplication using Java 17.0.13 with PID 9392 (C:\Users\Playdata\Desktop\be11-2nd-ChulungChulung-StomachForce-BE\build\classes\java\main started by Playdata in C:\Users\Playdata\Desktop\be11-2nd-ChulungChulung-StomachForce-BE)
2025-02-40 19:04 c.b.S.StomachForceApplication-No active profile set, falling back to 1 default profile: "default"
2025-02-40 19:04 o.s.d.r.c.RepositoryConfigurationDelegate-Multiple Spring Data modules found, entering strict repository configuration mode
2025-02-40 19:04 o.s.d.r.c.RepositoryConfigurationDelegate-Bootstrapping Spring Data JPA repositories in DEFAULT mode.
2025-02-40 19:04 o.s.d.r.c.RepositoryConfigurationDelegate-Finished Spring Data repository scanning in 369 ms. Found 12 JPA repository interfaces.
2025-02-40 19:04 o.s.d.r.c.RepositoryConfigurationDelegate-Multiple Spring Data modules found, entering strict repository configuration mode
2025-02-40 19:04 o.s.d.r.c.RepositoryConfigurationDelegate-Bootstrapping Spring Data Redis repositories in DEFAULT mode.
2025-02-40 19:04 o.s.d.r.c.RepositoryConfigurationExtensionSupport-Spring Data Redis - Could not safely identify store assignment for repository candidate interface com.beyond.StomachForce.coupon.repository.CouponRepository; If you want this repository to be a Redis repository, consider annotating your entities with one of these annotations: org.springframework.data.redis.core.RedisHash (preferred), or consider extending one of the following types with your repository: org.springframework.data.keyvalue.repository.KeyValueRepository
2025-02-40 19:04 o.s.d.r.c.RepositoryConfigurationExtensionSupport-Spring Data Redis - Could not safely identify store assignment for repository candidate interface com.beyond.StomachForce.Post.repository.LikeRepository; If you want this repository to be a Redis repository, consider annotating your entities with one of these annotations: org.springframework.data.redis.core.RedisHash (preferred), or consider extending one of the following types with your repository: org.springframework.data.keyvalue.repository.KeyValueRepository
2025-02-40 19:04 o.s.d.r.c.RepositoryConfigurationExtensionSupport-Spring Data Redis - Could not safely identify store assignment for repository candidate interface com.beyond.StomachForce.Post.repository.PostRepository; If you want this repository to be a Redis repository, consider annotating your entities with one of these annotations: org.springframework.data.redis.core.RedisHash (preferred), or consider extending one of the following types with your repository: org.springframework.data.keyvalue.repository.KeyValueRepository
2025-02-40 19:04 o.s.d.r.c.RepositoryConfigurationExtensionSupport-Spring Data Redis - Could not safely identify store assignment for repository candidate interface com.beyond.StomachForce.reservation.repository.ReservationRepository; If you want this repository to be a Redis repository, consider annotating your entities with one of these annotations: org.springframework.data.redis.core.RedisHash (preferred), or consider extending one of the following types with your repository: org.springframework.data.keyvalue.repository.KeyValueRepository
2025-02-40 19:04 o.s.d.r.c.RepositoryConfigurationExtensionSupport-Spring Data Redis - Could not safely identify store assignment for repository candidate interface com.beyond.StomachForce.restaurant.repository.AddressRepository; If you want this repository to be a Redis repository, consider annotating your entities with one of these annotations: org.springframework.data.redis.core.RedisHash (preferred), or consider extending one of the following types with your repository: org.springframework.data.keyvalue.repository.KeyValueRepository
2025-02-40 19:04 o.s.d.r.c.RepositoryConfigurationExtensionSupport-Spring Data Redis - Could not safely identify store assignment for repository candidate interface com.beyond.StomachForce.restaurant.repository.BookmarkRepository; If you want this repository to be a Redis repository, consider annotating your entities with one of these annotations: org.springframework.data.redis.core.RedisHash (preferred), or consider extending one of the following types with your repository: org.springframework.data.keyvalue.repository.KeyValueRepository
2025-02-40 19:04 o.s.d.r.c.RepositoryConfigurationExtensionSupport-Spring Data Redis - Could not safely identify store assignment for repository candidate interface com.beyond.StomachForce.restaurant.repository.RestaurantConvenienceRepository; If you want this repository to be a Redis repository, consider annotating your entities with one of these annotations: org.springframework.data.redis.core.RedisHash (preferred), or consider extending one of the following types with your repository: org.springframework.data.keyvalue.repository.KeyValueRepository
2025-02-40 19:04 o.s.d.r.c.RepositoryConfigurationExtensionSupport-Spring Data Redis - Could not safely identify store assignment for repository candidate interface com.beyond.StomachForce.restaurant.repository.RestaurantPhotoRepository; If you want this repository to be a Redis repository, consider annotating your entities with one of these annotations: org.springframework.data.redis.core.RedisHash (preferred), or consider extending one of the following types with your repository: org.springframework.data.keyvalue.repository.KeyValueRepository
2025-02-40 19:04 o.s.d.r.c.RepositoryConfigurationExtensionSupport-Spring Data Redis - Could not safely identify store assignment for repository candidate interface com.beyond.StomachForce.restaurant.repository.RestaurantRepository; If you want this repository to be a Redis repository, consider annotating your entities with one of these annotations: org.springframework.data.redis.core.RedisHash (preferred), or consider extending one of the following types with your repository: org.springframework.data.keyvalue.repository.KeyValueRepository
2025-02-40 19:04 o.s.d.r.c.RepositoryConfigurationExtensionSupport-Spring Data Redis - Could not safely identify store assignment for repository candidate interface com.beyond.StomachForce.review.repository.ReviewPhotoRepository; If you want this repository to be a Redis repository, consider annotating your entities with one of these annotations: org.springframework.data.redis.core.RedisHash (preferred), or consider extending one of the following types with your repository: org.springframework.data.keyvalue.repository.KeyValueRepository
2025-02-40 19:04 o.s.d.r.c.RepositoryConfigurationExtensionSupport-Spring Data Redis - Could not safely identify store assignment for repository candidate interface com.beyond.StomachForce.review.repository.ReviewRepository; If you want this repository to be a Redis repository, consider annotating your entities with one of these annotations: org.springframework.data.redis.core.RedisHash (preferred), or consider extending one of the following types with your repository: org.springframework.data.keyvalue.repository.KeyValueRepository
2025-02-40 19:04 o.s.d.r.c.RepositoryConfigurationExtensionSupport-Spring Data Redis - Could not safely identify store assignment for repository candidate interface com.beyond.StomachForce.User.repository.UserRepository; If you want this repository to be a Redis repository, consider annotating your entities with one of these annotations: org.springframework.data.redis.core.RedisHash (preferred), or consider extending one of the following types with your repository: org.springframework.data.keyvalue.repository.KeyValueRepository
2025-02-40 19:04 o.s.d.r.c.RepositoryConfigurationDelegate-Finished Spring Data repository scanning in 82 ms. Found 0 Redis repository interfaces.
2025-02-40 19:04 o.s.b.w.e.tomcat.TomcatWebServer-Tomcat initialized with port 8080 (http)
2025-02-40 19:04 o.a.coyote.http11.Http11NioProtocol-Initializing ProtocolHandler ["http-nio-8080"]
2025-02-40 19:04 o.a.catalina.core.StandardService-Starting service [Tomcat]
2025-02-40 19:04 o.a.catalina.core.StandardEngine-Starting Servlet engine: [Apache Tomcat/10.1.34]
2025-02-40 19:04 o.a.c.c.C.[Tomcat].[localhost].[/]-Initializing Spring embedded WebApplicationContext
2025-02-40 19:04 o.s.b.w.s.c.ServletWebServerApplicationContext-Root WebApplicationContext: initialization completed in 2557 ms
2025-02-40 19:04 o.h.jpa.internal.util.LogHelper-HHH000204: Processing PersistenceUnitInfo [name: default]
2025-02-40 19:04 org.hibernate.Version-HHH000412: Hibernate ORM core version 6.6.5.Final
2025-02-40 19:04 o.h.c.i.RegionFactoryInitiator-HHH000026: Second-level cache disabled
2025-02-40 19:04 o.s.o.j.p.SpringPersistenceUnitInfo-No LoadTimeWeaver setup: ignoring JPA class transformer
2025-02-40 19:04 com.zaxxer.hikari.HikariDataSource-HikariPool-1 - Starting...
2025-02-40 19:04 com.zaxxer.hikari.pool.HikariPool-HikariPool-1 - Added connection org.mariadb.jdbc.Connection@3c8fe8ad
2025-02-40 19:04 com.zaxxer.hikari.HikariDataSource-HikariPool-1 - Start completed.
2025-02-40 19:04 org.hibernate.orm.deprecation-HHH90000025: MariaDBDialect does not need to be specified explicitly using 'hibernate.dialect' (remove the property setting and it will be selected by default)
2025-02-40 19:04 o.hibernate.orm.connections.pooling-HHH10001005: Database info:
	Database JDBC URL [Connecting through datasource 'HikariDataSource (HikariPool-1)']
	Database driver: undefined/unknown
	Database version: 11.5.2
	Autocommit mode: undefined/unknown
	Isolation level: undefined/unknown
	Minimum pool size: undefined/unknown
	Maximum pool size: undefined/unknown
2025-02-40 19:04 o.h.e.t.j.p.i.JtaPlatformInitiator-HHH000489: No JTA platform available (set 'hibernate.transaction.jta.platform' to enable JTA platform integration)
2025-02-40 19:04 o.s.o.j.LocalContainerEntityManagerFactoryBean-Initialized JPA EntityManagerFactory for persistence unit 'default'
2025-02-40 19:04 o.s.d.j.r.query.QueryEnhancerFactory-Hibernate is in classpath; If applicable, HQL parser will be used.
2025-02-40 19:04 o.s.b.a.o.j.JpaBaseConfiguration$JpaWebConfiguration-spring.jpa.open-in-view is enabled by default. Therefore, database queries may be performed during view rendering. Explicitly configure spring.jpa.open-in-view to disable this warning
2025-02-40 19:04 o.s.b.a.s.s.UserDetailsServiceAutoConfiguration-

Using generated security password: 84bce5ed-d465-4ad5-93ab-9d403a7b1156

This generated password is for development use only. Your security configuration must be updated before running your application in production.

2025-02-40 19:04 o.s.s.c.a.a.c.InitializeUserDetailsBeanManagerConfigurer$InitializeUserDetailsManagerConfigurer-Global AuthenticationManager configured with UserDetailsService bean with name inMemoryUserDetailsManager
2025-02-40 19:04 o.a.coyote.http11.Http11NioProtocol-Starting ProtocolHandler ["http-nio-8080"]
2025-02-40 19:04 o.s.b.w.e.tomcat.TomcatWebServer-Tomcat started on port 8080 (http) with context path '/'
2025-02-40 19:04 c.b.S.StomachForceApplication-Started StomachForceApplication in 8.422 seconds (process running for 9.147)
2025-02-40 19:04 o.a.c.c.C.[Tomcat].[localhost].[/]-Initializing Spring DispatcherServlet 'dispatcherServlet'
2025-02-40 19:04 o.s.web.servlet.DispatcherServlet-Initializing Servlet 'dispatcherServlet'
2025-02-40 19:04 o.s.web.servlet.DispatcherServlet-Completed initialization in 2 ms
2025-02-40 19:04 o.m.jdbc.message.server.ErrorPacket-Error: 1062-23000: Duplicate entry '1' for key 'UKrecqnfjcp370rygd9hjjxjtg'
2025-02-40 19:04 o.h.e.jdbc.spi.SqlExceptionHelper-SQL Error: 1062, SQLState: 23000
2025-02-40 19:04 o.h.e.jdbc.spi.SqlExceptionHelper-(conn=869) Duplicate entry '1' for key 'UKrecqnfjcp370rygd9hjjxjtg'
2025-02-40 19:04 o.m.jdbc.message.server.ErrorPacket-Error: 1062-23000: Duplicate entry '1' for key 'UKrecqnfjcp370rygd9hjjxjtg'
2025-02-40 19:04 o.h.e.jdbc.spi.SqlExceptionHelper-SQL Error: 1062, SQLState: 23000
2025-02-40 19:04 o.h.e.jdbc.spi.SqlExceptionHelper-(conn=869) Duplicate entry '1' for key 'UKrecqnfjcp370rygd9hjjxjtg'
2025-02-40 19:04 o.m.jdbc.message.server.ErrorPacket-Error: 1062-23000: Duplicate entry '1' for key 'UKrecqnfjcp370rygd9hjjxjtg'
2025-02-40 19:04 o.h.e.jdbc.spi.SqlExceptionHelper-SQL Error: 1062, SQLState: 23000
2025-02-40 19:04 o.h.e.jdbc.spi.SqlExceptionHelper-(conn=869) Duplicate entry '1' for key 'UKrecqnfjcp370rygd9hjjxjtg'
2025-02-40 19:05 o.m.jdbc.message.server.ErrorPacket-Error: 1062-23000: Duplicate entry '1' for key 'UKrecqnfjcp370rygd9hjjxjtg'
2025-02-40 19:05 o.h.e.jdbc.spi.SqlExceptionHelper-SQL Error: 1062, SQLState: 23000
2025-02-40 19:05 o.h.e.jdbc.spi.SqlExceptionHelper-(conn=869) Duplicate entry '1' for key 'UKrecqnfjcp370rygd9hjjxjtg'
2025-02-40 19:06 o.m.jdbc.message.server.ErrorPacket-Error: 1062-23000: Duplicate entry '1' for key 'UKrecqnfjcp370rygd9hjjxjtg'
2025-02-40 19:06 o.h.e.jdbc.spi.SqlExceptionHelper-SQL Error: 1062, SQLState: 23000
2025-02-40 19:06 o.h.e.jdbc.spi.SqlExceptionHelper-(conn=869) Duplicate entry '1' for key 'UKrecqnfjcp370rygd9hjjxjtg'
2025-02-40 19:06 o.h.validator.internal.util.Version-HV000001: Hibernate Validator 8.0.2.Final
2025-02-40 19:06 c.b.S.StomachForceApplication-Starting StomachForceApplication using Java 17.0.13 with PID 19144 (C:\Users\Playdata\Desktop\be11-2nd-ChulungChulung-StomachForce-BE\build\classes\java\main started by Playdata in C:\Users\Playdata\Desktop\be11-2nd-ChulungChulung-StomachForce-BE)
2025-02-40 19:06 c.b.S.StomachForceApplication-No active profile set, falling back to 1 default profile: "default"
2025-02-40 19:06 o.s.d.r.c.RepositoryConfigurationDelegate-Multiple Spring Data modules found, entering strict repository configuration mode
2025-02-40 19:06 o.s.d.r.c.RepositoryConfigurationDelegate-Bootstrapping Spring Data JPA repositories in DEFAULT mode.
2025-02-40 19:06 o.s.d.r.c.RepositoryConfigurationDelegate-Finished Spring Data repository scanning in 317 ms. Found 12 JPA repository interfaces.
2025-02-40 19:06 o.s.d.r.c.RepositoryConfigurationDelegate-Multiple Spring Data modules found, entering strict repository configuration mode
2025-02-40 19:06 o.s.d.r.c.RepositoryConfigurationDelegate-Bootstrapping Spring Data Redis repositories in DEFAULT mode.
2025-02-40 19:06 o.s.d.r.c.RepositoryConfigurationExtensionSupport-Spring Data Redis - Could not safely identify store assignment for repository candidate interface com.beyond.StomachForce.coupon.repository.CouponRepository; If you want this repository to be a Redis repository, consider annotating your entities with one of these annotations: org.springframework.data.redis.core.RedisHash (preferred), or consider extending one of the following types with your repository: org.springframework.data.keyvalue.repository.KeyValueRepository
2025-02-40 19:06 o.s.d.r.c.RepositoryConfigurationExtensionSupport-Spring Data Redis - Could not safely identify store assignment for repository candidate interface com.beyond.StomachForce.Post.repository.LikeRepository; If you want this repository to be a Redis repository, consider annotating your entities with one of these annotations: org.springframework.data.redis.core.RedisHash (preferred), or consider extending one of the following types with your repository: org.springframework.data.keyvalue.repository.KeyValueRepository
2025-02-40 19:06 o.s.d.r.c.RepositoryConfigurationExtensionSupport-Spring Data Redis - Could not safely identify store assignment for repository candidate interface com.beyond.StomachForce.Post.repository.PostRepository; If you want this repository to be a Redis repository, consider annotating your entities with one of these annotations: org.springframework.data.redis.core.RedisHash (preferred), or consider extending one of the following types with your repository: org.springframework.data.keyvalue.repository.KeyValueRepository
2025-02-40 19:06 o.s.d.r.c.RepositoryConfigurationExtensionSupport-Spring Data Redis - Could not safely identify store assignment for repository candidate interface com.beyond.StomachForce.reservation.repository.ReservationRepository; If you want this repository to be a Redis repository, consider annotating your entities with one of these annotations: org.springframework.data.redis.core.RedisHash (preferred), or consider extending one of the following types with your repository: org.springframework.data.keyvalue.repository.KeyValueRepository
2025-02-40 19:06 o.s.d.r.c.RepositoryConfigurationExtensionSupport-Spring Data Redis - Could not safely identify store assignment for repository candidate interface com.beyond.StomachForce.restaurant.repository.AddressRepository; If you want this repository to be a Redis repository, consider annotating your entities with one of these annotations: org.springframework.data.redis.core.RedisHash (preferred), or consider extending one of the following types with your repository: org.springframework.data.keyvalue.repository.KeyValueRepository
2025-02-40 19:06 o.s.d.r.c.RepositoryConfigurationExtensionSupport-Spring Data Redis - Could not safely identify store assignment for repository candidate interface com.beyond.StomachForce.restaurant.repository.BookmarkRepository; If you want this repository to be a Redis repository, consider annotating your entities with one of these annotations: org.springframework.data.redis.core.RedisHash (preferred), or consider extending one of the following types with your repository: org.springframework.data.keyvalue.repository.KeyValueRepository
2025-02-40 19:06 o.s.d.r.c.RepositoryConfigurationExtensionSupport-Spring Data Redis - Could not safely identify store assignment for repository candidate interface com.beyond.StomachForce.restaurant.repository.RestaurantConvenienceRepository; If you want this repository to be a Redis repository, consider annotating your entities with one of these annotations: org.springframework.data.redis.core.RedisHash (preferred), or consider extending one of the following types with your repository: org.springframework.data.keyvalue.repository.KeyValueRepository
2025-02-40 19:06 o.s.d.r.c.RepositoryConfigurationExtensionSupport-Spring Data Redis - Could not safely identify store assignment for repository candidate interface com.beyond.StomachForce.restaurant.repository.RestaurantPhotoRepository; If you want this repository to be a Redis repository, consider annotating your entities with one of these annotations: org.springframework.data.redis.core.RedisHash (preferred), or consider extending one of the following types with your repository: org.springframework.data.keyvalue.repository.KeyValueRepository
2025-02-40 19:06 o.s.d.r.c.RepositoryConfigurationExtensionSupport-Spring Data Redis - Could not safely identify store assignment for repository candidate interface com.beyond.StomachForce.restaurant.repository.RestaurantRepository; If you want this repository to be a Redis repository, consider annotating your entities with one of these annotations: org.springframework.data.redis.core.RedisHash (preferred), or consider extending one of the following types with your repository: org.springframework.data.keyvalue.repository.KeyValueRepository
2025-02-40 19:06 o.s.d.r.c.RepositoryConfigurationExtensionSupport-Spring Data Redis - Could not safely identify store assignment for repository candidate interface com.beyond.StomachForce.review.repository.ReviewPhotoRepository; If you want this repository to be a Redis repository, consider annotating your entities with one of these annotations: org.springframework.data.redis.core.RedisHash (preferred), or consider extending one of the following types with your repository: org.springframework.data.keyvalue.repository.KeyValueRepository
2025-02-40 19:06 o.s.d.r.c.RepositoryConfigurationExtensionSupport-Spring Data Redis - Could not safely identify store assignment for repository candidate interface com.beyond.StomachForce.review.repository.ReviewRepository; If you want this repository to be a Redis repository, consider annotating your entities with one of these annotations: org.springframework.data.redis.core.RedisHash (preferred), or consider extending one of the following types with your repository: org.springframework.data.keyvalue.repository.KeyValueRepository
2025-02-40 19:06 o.s.d.r.c.RepositoryConfigurationExtensionSupport-Spring Data Redis - Could not safely identify store assignment for repository candidate interface com.beyond.StomachForce.User.repository.UserRepository; If you want this repository to be a Redis repository, consider annotating your entities with one of these annotations: org.springframework.data.redis.core.RedisHash (preferred), or consider extending one of the following types with your repository: org.springframework.data.keyvalue.repository.KeyValueRepository
2025-02-40 19:06 o.s.d.r.c.RepositoryConfigurationDelegate-Finished Spring Data repository scanning in 98 ms. Found 0 Redis repository interfaces.
2025-02-40 19:06 o.s.b.w.e.tomcat.TomcatWebServer-Tomcat initialized with port 8080 (http)
2025-02-40 19:06 o.a.coyote.http11.Http11NioProtocol-Initializing ProtocolHandler ["http-nio-8080"]
2025-02-40 19:06 o.a.catalina.core.StandardService-Starting service [Tomcat]
2025-02-40 19:06 o.a.catalina.core.StandardEngine-Starting Servlet engine: [Apache Tomcat/10.1.34]
2025-02-40 19:06 o.a.c.c.C.[Tomcat].[localhost].[/]-Initializing Spring embedded WebApplicationContext
2025-02-40 19:06 o.s.b.w.s.c.ServletWebServerApplicationContext-Root WebApplicationContext: initialization completed in 2538 ms
2025-02-40 19:06 o.h.jpa.internal.util.LogHelper-HHH000204: Processing PersistenceUnitInfo [name: default]
2025-02-40 19:06 org.hibernate.Version-HHH000412: Hibernate ORM core version 6.6.5.Final
2025-02-40 19:06 o.h.c.i.RegionFactoryInitiator-HHH000026: Second-level cache disabled
2025-02-40 19:06 o.s.o.j.p.SpringPersistenceUnitInfo-No LoadTimeWeaver setup: ignoring JPA class transformer
2025-02-40 19:06 com.zaxxer.hikari.HikariDataSource-HikariPool-1 - Starting...
2025-02-40 19:06 com.zaxxer.hikari.pool.HikariPool-HikariPool-1 - Added connection org.mariadb.jdbc.Connection@2a661215
2025-02-40 19:06 com.zaxxer.hikari.HikariDataSource-HikariPool-1 - Start completed.
2025-02-40 19:06 org.hibernate.orm.deprecation-HHH90000025: MariaDBDialect does not need to be specified explicitly using 'hibernate.dialect' (remove the property setting and it will be selected by default)
2025-02-40 19:06 o.hibernate.orm.connections.pooling-HHH10001005: Database info:
	Database JDBC URL [Connecting through datasource 'HikariDataSource (HikariPool-1)']
	Database driver: undefined/unknown
	Database version: 11.5.2
	Autocommit mode: undefined/unknown
	Isolation level: undefined/unknown
	Minimum pool size: undefined/unknown
	Maximum pool size: undefined/unknown
2025-02-40 19:06 o.h.e.t.j.p.i.JtaPlatformInitiator-HHH000489: No JTA platform available (set 'hibernate.transaction.jta.platform' to enable JTA platform integration)
2025-02-40 19:06 o.s.o.j.LocalContainerEntityManagerFactoryBean-Initialized JPA EntityManagerFactory for persistence unit 'default'
2025-02-40 19:06 o.s.d.j.r.query.QueryEnhancerFactory-Hibernate is in classpath; If applicable, HQL parser will be used.
2025-02-40 19:06 o.s.b.a.o.j.JpaBaseConfiguration$JpaWebConfiguration-spring.jpa.open-in-view is enabled by default. Therefore, database queries may be performed during view rendering. Explicitly configure spring.jpa.open-in-view to disable this warning
2025-02-40 19:06 o.s.b.a.s.s.UserDetailsServiceAutoConfiguration-

Using generated security password: bcfc5c95-d295-41c1-9204-51e1fad6fcbe

This generated password is for development use only. Your security configuration must be updated before running your application in production.

2025-02-40 19:06 o.s.s.c.a.a.c.InitializeUserDetailsBeanManagerConfigurer$InitializeUserDetailsManagerConfigurer-Global AuthenticationManager configured with UserDetailsService bean with name inMemoryUserDetailsManager
2025-02-40 19:06 o.a.coyote.http11.Http11NioProtocol-Starting ProtocolHandler ["http-nio-8080"]
2025-02-40 19:06 o.s.b.w.e.tomcat.TomcatWebServer-Tomcat started on port 8080 (http) with context path '/'
2025-02-40 19:06 c.b.S.StomachForceApplication-Started StomachForceApplication in 8.062 seconds (process running for 8.876)
2025-02-40 19:07 o.a.c.c.C.[Tomcat].[localhost].[/]-Initializing Spring DispatcherServlet 'dispatcherServlet'
2025-02-40 19:07 o.s.web.servlet.DispatcherServlet-Initializing Servlet 'dispatcherServlet'
2025-02-40 19:07 o.s.web.servlet.DispatcherServlet-Completed initialization in 2 ms
2025-02-40 19:07 o.m.jdbc.message.server.ErrorPacket-Error: 1062-23000: Duplicate entry '1' for key 'UKrecqnfjcp370rygd9hjjxjtg'
2025-02-40 19:07 o.h.e.jdbc.spi.SqlExceptionHelper-SQL Error: 1062, SQLState: 23000
2025-02-40 19:07 o.h.e.jdbc.spi.SqlExceptionHelper-(conn=879) Duplicate entry '1' for key 'UKrecqnfjcp370rygd9hjjxjtg'
2025-02-40 19:07 o.m.jdbc.message.server.ErrorPacket-Error: 1062-23000: Duplicate entry '1' for key 'UKrecqnfjcp370rygd9hjjxjtg'
2025-02-40 19:07 o.h.e.jdbc.spi.SqlExceptionHelper-SQL Error: 1062, SQLState: 23000
2025-02-40 19:07 o.h.e.jdbc.spi.SqlExceptionHelper-(conn=879) Duplicate entry '1' for key 'UKrecqnfjcp370rygd9hjjxjtg'
2025-02-40 19:10 o.h.validator.internal.util.Version-HV000001: Hibernate Validator 8.0.2.Final
2025-02-40 19:10 c.b.S.StomachForceApplication-Starting StomachForceApplication using Java 17.0.13 with PID 13152 (C:\Users\Playdata\Desktop\be11-2nd-ChulungChulung-StomachForce-BE\build\classes\java\main started by Playdata in C:\Users\Playdata\Desktop\be11-2nd-ChulungChulung-StomachForce-BE)
2025-02-40 19:10 c.b.S.StomachForceApplication-No active profile set, falling back to 1 default profile: "default"
2025-02-40 19:10 o.s.d.r.c.RepositoryConfigurationDelegate-Multiple Spring Data modules found, entering strict repository configuration mode
2025-02-40 19:10 o.s.d.r.c.RepositoryConfigurationDelegate-Bootstrapping Spring Data JPA repositories in DEFAULT mode.
2025-02-40 19:10 o.s.d.r.c.RepositoryConfigurationDelegate-Finished Spring Data repository scanning in 312 ms. Found 12 JPA repository interfaces.
2025-02-40 19:10 o.s.d.r.c.RepositoryConfigurationDelegate-Multiple Spring Data modules found, entering strict repository configuration mode
2025-02-40 19:10 o.s.d.r.c.RepositoryConfigurationDelegate-Bootstrapping Spring Data Redis repositories in DEFAULT mode.
2025-02-40 19:10 o.s.d.r.c.RepositoryConfigurationExtensionSupport-Spring Data Redis - Could not safely identify store assignment for repository candidate interface com.beyond.StomachForce.coupon.repository.CouponRepository; If you want this repository to be a Redis repository, consider annotating your entities with one of these annotations: org.springframework.data.redis.core.RedisHash (preferred), or consider extending one of the following types with your repository: org.springframework.data.keyvalue.repository.KeyValueRepository
2025-02-40 19:10 o.s.d.r.c.RepositoryConfigurationExtensionSupport-Spring Data Redis - Could not safely identify store assignment for repository candidate interface com.beyond.StomachForce.Post.repository.LikeRepository; If you want this repository to be a Redis repository, consider annotating your entities with one of these annotations: org.springframework.data.redis.core.RedisHash (preferred), or consider extending one of the following types with your repository: org.springframework.data.keyvalue.repository.KeyValueRepository
2025-02-40 19:10 o.s.d.r.c.RepositoryConfigurationExtensionSupport-Spring Data Redis - Could not safely identify store assignment for repository candidate interface com.beyond.StomachForce.Post.repository.PostRepository; If you want this repository to be a Redis repository, consider annotating your entities with one of these annotations: org.springframework.data.redis.core.RedisHash (preferred), or consider extending one of the following types with your repository: org.springframework.data.keyvalue.repository.KeyValueRepository
2025-02-40 19:10 o.s.d.r.c.RepositoryConfigurationExtensionSupport-Spring Data Redis - Could not safely identify store assignment for repository candidate interface com.beyond.StomachForce.reservation.repository.ReservationRepository; If you want this repository to be a Redis repository, consider annotating your entities with one of these annotations: org.springframework.data.redis.core.RedisHash (preferred), or consider extending one of the following types with your repository: org.springframework.data.keyvalue.repository.KeyValueRepository
2025-02-40 19:10 o.s.d.r.c.RepositoryConfigurationExtensionSupport-Spring Data Redis - Could not safely identify store assignment for repository candidate interface com.beyond.StomachForce.restaurant.repository.AddressRepository; If you want this repository to be a Redis repository, consider annotating your entities with one of these annotations: org.springframework.data.redis.core.RedisHash (preferred), or consider extending one of the following types with your repository: org.springframework.data.keyvalue.repository.KeyValueRepository
2025-02-40 19:10 o.s.d.r.c.RepositoryConfigurationExtensionSupport-Spring Data Redis - Could not safely identify store assignment for repository candidate interface com.beyond.StomachForce.restaurant.repository.BookmarkRepository; If you want this repository to be a Redis repository, consider annotating your entities with one of these annotations: org.springframework.data.redis.core.RedisHash (preferred), or consider extending one of the following types with your repository: org.springframework.data.keyvalue.repository.KeyValueRepository
2025-02-40 19:10 o.s.d.r.c.RepositoryConfigurationExtensionSupport-Spring Data Redis - Could not safely identify store assignment for repository candidate interface com.beyond.StomachForce.restaurant.repository.RestaurantConvenienceRepository; If you want this repository to be a Redis repository, consider annotating your entities with one of these annotations: org.springframework.data.redis.core.RedisHash (preferred), or consider extending one of the following types with your repository: org.springframework.data.keyvalue.repository.KeyValueRepository
2025-02-40 19:10 o.s.d.r.c.RepositoryConfigurationExtensionSupport-Spring Data Redis - Could not safely identify store assignment for repository candidate interface com.beyond.StomachForce.restaurant.repository.RestaurantPhotoRepository; If you want this repository to be a Redis repository, consider annotating your entities with one of these annotations: org.springframework.data.redis.core.RedisHash (preferred), or consider extending one of the following types with your repository: org.springframework.data.keyvalue.repository.KeyValueRepository
2025-02-40 19:10 o.s.d.r.c.RepositoryConfigurationExtensionSupport-Spring Data Redis - Could not safely identify store assignment for repository candidate interface com.beyond.StomachForce.restaurant.repository.RestaurantRepository; If you want this repository to be a Redis repository, consider annotating your entities with one of these annotations: org.springframework.data.redis.core.RedisHash (preferred), or consider extending one of the following types with your repository: org.springframework.data.keyvalue.repository.KeyValueRepository
2025-02-40 19:10 o.s.d.r.c.RepositoryConfigurationExtensionSupport-Spring Data Redis - Could not safely identify store assignment for repository candidate interface com.beyond.StomachForce.review.repository.ReviewPhotoRepository; If you want this repository to be a Redis repository, consider annotating your entities with one of these annotations: org.springframework.data.redis.core.RedisHash (preferred), or consider extending one of the following types with your repository: org.springframework.data.keyvalue.repository.KeyValueRepository
2025-02-40 19:10 o.s.d.r.c.RepositoryConfigurationExtensionSupport-Spring Data Redis - Could not safely identify store assignment for repository candidate interface com.beyond.StomachForce.review.repository.ReviewRepository; If you want this repository to be a Redis repository, consider annotating your entities with one of these annotations: org.springframework.data.redis.core.RedisHash (preferred), or consider extending one of the following types with your repository: org.springframework.data.keyvalue.repository.KeyValueRepository
2025-02-40 19:10 o.s.d.r.c.RepositoryConfigurationExtensionSupport-Spring Data Redis - Could not safely identify store assignment for repository candidate interface com.beyond.StomachForce.User.repository.UserRepository; If you want this repository to be a Redis repository, consider annotating your entities with one of these annotations: org.springframework.data.redis.core.RedisHash (preferred), or consider extending one of the following types with your repository: org.springframework.data.keyvalue.repository.KeyValueRepository
2025-02-40 19:10 o.s.d.r.c.RepositoryConfigurationDelegate-Finished Spring Data repository scanning in 95 ms. Found 0 Redis repository interfaces.
2025-02-40 19:10 o.s.b.w.e.tomcat.TomcatWebServer-Tomcat initialized with port 8080 (http)
2025-02-40 19:10 o.a.coyote.http11.Http11NioProtocol-Initializing ProtocolHandler ["http-nio-8080"]
2025-02-40 19:10 o.a.catalina.core.StandardService-Starting service [Tomcat]
2025-02-40 19:10 o.a.catalina.core.StandardEngine-Starting Servlet engine: [Apache Tomcat/10.1.34]
2025-02-40 19:10 o.a.c.c.C.[Tomcat].[localhost].[/]-Initializing Spring embedded WebApplicationContext
2025-02-40 19:10 o.s.b.w.s.c.ServletWebServerApplicationContext-Root WebApplicationContext: initialization completed in 2521 ms
2025-02-40 19:10 o.h.jpa.internal.util.LogHelper-HHH000204: Processing PersistenceUnitInfo [name: default]
2025-02-40 19:10 org.hibernate.Version-HHH000412: Hibernate ORM core version 6.6.5.Final
2025-02-40 19:10 o.h.c.i.RegionFactoryInitiator-HHH000026: Second-level cache disabled
2025-02-40 19:10 o.s.o.j.p.SpringPersistenceUnitInfo-No LoadTimeWeaver setup: ignoring JPA class transformer
2025-02-40 19:10 com.zaxxer.hikari.HikariDataSource-HikariPool-1 - Starting...
2025-02-40 19:10 com.zaxxer.hikari.pool.HikariPool-HikariPool-1 - Added connection org.mariadb.jdbc.Connection@b56c222
2025-02-40 19:10 com.zaxxer.hikari.HikariDataSource-HikariPool-1 - Start completed.
2025-02-40 19:10 org.hibernate.orm.deprecation-HHH90000025: MariaDBDialect does not need to be specified explicitly using 'hibernate.dialect' (remove the property setting and it will be selected by default)
2025-02-40 19:10 o.hibernate.orm.connections.pooling-HHH10001005: Database info:
	Database JDBC URL [Connecting through datasource 'HikariDataSource (HikariPool-1)']
	Database driver: undefined/unknown
	Database version: 11.5.2
	Autocommit mode: undefined/unknown
	Isolation level: undefined/unknown
	Minimum pool size: undefined/unknown
	Maximum pool size: undefined/unknown
2025-02-40 19:10 o.h.e.t.j.p.i.JtaPlatformInitiator-HHH000489: No JTA platform available (set 'hibernate.transaction.jta.platform' to enable JTA platform integration)
2025-02-40 19:10 o.s.o.j.LocalContainerEntityManagerFactoryBean-Initialized JPA EntityManagerFactory for persistence unit 'default'
2025-02-40 19:10 o.s.d.j.r.query.QueryEnhancerFactory-Hibernate is in classpath; If applicable, HQL parser will be used.
2025-02-40 19:10 o.s.b.a.o.j.JpaBaseConfiguration$JpaWebConfiguration-spring.jpa.open-in-view is enabled by default. Therefore, database queries may be performed during view rendering. Explicitly configure spring.jpa.open-in-view to disable this warning
2025-02-40 19:10 o.s.b.a.s.s.UserDetailsServiceAutoConfiguration-

Using generated security password: 0e25c7fa-bc8c-44bf-aaba-e76f351f058b

This generated password is for development use only. Your security configuration must be updated before running your application in production.

2025-02-40 19:10 o.s.s.c.a.a.c.InitializeUserDetailsBeanManagerConfigurer$InitializeUserDetailsManagerConfigurer-Global AuthenticationManager configured with UserDetailsService bean with name inMemoryUserDetailsManager
2025-02-40 19:10 o.a.coyote.http11.Http11NioProtocol-Starting ProtocolHandler ["http-nio-8080"]
2025-02-40 19:10 o.s.b.w.e.tomcat.TomcatWebServer-Tomcat started on port 8080 (http) with context path '/'
2025-02-40 19:10 c.b.S.StomachForceApplication-Started StomachForceApplication in 8.298 seconds (process running for 9.062)
2025-02-40 19:11 o.h.validator.internal.util.Version-HV000001: Hibernate Validator 8.0.2.Final
2025-02-40 19:11 c.b.S.StomachForceApplication-Starting StomachForceApplication using Java 17.0.13 with PID 19064 (C:\Users\Playdata\Desktop\be11-2nd-ChulungChulung-StomachForce-BE\build\classes\java\main started by Playdata in C:\Users\Playdata\Desktop\be11-2nd-ChulungChulung-StomachForce-BE)
2025-02-40 19:11 c.b.S.StomachForceApplication-No active profile set, falling back to 1 default profile: "default"
2025-02-40 19:11 o.s.d.r.c.RepositoryConfigurationDelegate-Multiple Spring Data modules found, entering strict repository configuration mode
2025-02-40 19:11 o.s.d.r.c.RepositoryConfigurationDelegate-Bootstrapping Spring Data JPA repositories in DEFAULT mode.
2025-02-40 19:11 o.s.d.r.c.RepositoryConfigurationDelegate-Finished Spring Data repository scanning in 310 ms. Found 12 JPA repository interfaces.
2025-02-40 19:11 o.s.d.r.c.RepositoryConfigurationDelegate-Multiple Spring Data modules found, entering strict repository configuration mode
2025-02-40 19:11 o.s.d.r.c.RepositoryConfigurationDelegate-Bootstrapping Spring Data Redis repositories in DEFAULT mode.
2025-02-40 19:11 o.s.d.r.c.RepositoryConfigurationExtensionSupport-Spring Data Redis - Could not safely identify store assignment for repository candidate interface com.beyond.StomachForce.coupon.repository.CouponRepository; If you want this repository to be a Redis repository, consider annotating your entities with one of these annotations: org.springframework.data.redis.core.RedisHash (preferred), or consider extending one of the following types with your repository: org.springframework.data.keyvalue.repository.KeyValueRepository
2025-02-40 19:11 o.s.d.r.c.RepositoryConfigurationExtensionSupport-Spring Data Redis - Could not safely identify store assignment for repository candidate interface com.beyond.StomachForce.Post.repository.LikeRepository; If you want this repository to be a Redis repository, consider annotating your entities with one of these annotations: org.springframework.data.redis.core.RedisHash (preferred), or consider extending one of the following types with your repository: org.springframework.data.keyvalue.repository.KeyValueRepository
2025-02-40 19:11 o.s.d.r.c.RepositoryConfigurationExtensionSupport-Spring Data Redis - Could not safely identify store assignment for repository candidate interface com.beyond.StomachForce.Post.repository.PostRepository; If you want this repository to be a Redis repository, consider annotating your entities with one of these annotations: org.springframework.data.redis.core.RedisHash (preferred), or consider extending one of the following types with your repository: org.springframework.data.keyvalue.repository.KeyValueRepository
2025-02-40 19:11 o.s.d.r.c.RepositoryConfigurationExtensionSupport-Spring Data Redis - Could not safely identify store assignment for repository candidate interface com.beyond.StomachForce.reservation.repository.ReservationRepository; If you want this repository to be a Redis repository, consider annotating your entities with one of these annotations: org.springframework.data.redis.core.RedisHash (preferred), or consider extending one of the following types with your repository: org.springframework.data.keyvalue.repository.KeyValueRepository
2025-02-40 19:11 o.s.d.r.c.RepositoryConfigurationExtensionSupport-Spring Data Redis - Could not safely identify store assignment for repository candidate interface com.beyond.StomachForce.restaurant.repository.AddressRepository; If you want this repository to be a Redis repository, consider annotating your entities with one of these annotations: org.springframework.data.redis.core.RedisHash (preferred), or consider extending one of the following types with your repository: org.springframework.data.keyvalue.repository.KeyValueRepository
2025-02-40 19:11 o.s.d.r.c.RepositoryConfigurationExtensionSupport-Spring Data Redis - Could not safely identify store assignment for repository candidate interface com.beyond.StomachForce.restaurant.repository.BookmarkRepository; If you want this repository to be a Redis repository, consider annotating your entities with one of these annotations: org.springframework.data.redis.core.RedisHash (preferred), or consider extending one of the following types with your repository: org.springframework.data.keyvalue.repository.KeyValueRepository
2025-02-40 19:11 o.s.d.r.c.RepositoryConfigurationExtensionSupport-Spring Data Redis - Could not safely identify store assignment for repository candidate interface com.beyond.StomachForce.restaurant.repository.RestaurantConvenienceRepository; If you want this repository to be a Redis repository, consider annotating your entities with one of these annotations: org.springframework.data.redis.core.RedisHash (preferred), or consider extending one of the following types with your repository: org.springframework.data.keyvalue.repository.KeyValueRepository
2025-02-40 19:11 o.s.d.r.c.RepositoryConfigurationExtensionSupport-Spring Data Redis - Could not safely identify store assignment for repository candidate interface com.beyond.StomachForce.restaurant.repository.RestaurantPhotoRepository; If you want this repository to be a Redis repository, consider annotating your entities with one of these annotations: org.springframework.data.redis.core.RedisHash (preferred), or consider extending one of the following types with your repository: org.springframework.data.keyvalue.repository.KeyValueRepository
2025-02-40 19:11 o.s.d.r.c.RepositoryConfigurationExtensionSupport-Spring Data Redis - Could not safely identify store assignment for repository candidate interface com.beyond.StomachForce.restaurant.repository.RestaurantRepository; If you want this repository to be a Redis repository, consider annotating your entities with one of these annotations: org.springframework.data.redis.core.RedisHash (preferred), or consider extending one of the following types with your repository: org.springframework.data.keyvalue.repository.KeyValueRepository
2025-02-40 19:11 o.s.d.r.c.RepositoryConfigurationExtensionSupport-Spring Data Redis - Could not safely identify store assignment for repository candidate interface com.beyond.StomachForce.review.repository.ReviewPhotoRepository; If you want this repository to be a Redis repository, consider annotating your entities with one of these annotations: org.springframework.data.redis.core.RedisHash (preferred), or consider extending one of the following types with your repository: org.springframework.data.keyvalue.repository.KeyValueRepository
2025-02-40 19:11 o.s.d.r.c.RepositoryConfigurationExtensionSupport-Spring Data Redis - Could not safely identify store assignment for repository candidate interface com.beyond.StomachForce.review.repository.ReviewRepository; If you want this repository to be a Redis repository, consider annotating your entities with one of these annotations: org.springframework.data.redis.core.RedisHash (preferred), or consider extending one of the following types with your repository: org.springframework.data.keyvalue.repository.KeyValueRepository
2025-02-40 19:11 o.s.d.r.c.RepositoryConfigurationExtensionSupport-Spring Data Redis - Could not safely identify store assignment for repository candidate interface com.beyond.StomachForce.User.repository.UserRepository; If you want this repository to be a Redis repository, consider annotating your entities with one of these annotations: org.springframework.data.redis.core.RedisHash (preferred), or consider extending one of the following types with your repository: org.springframework.data.keyvalue.repository.KeyValueRepository
2025-02-40 19:11 o.s.d.r.c.RepositoryConfigurationDelegate-Finished Spring Data repository scanning in 85 ms. Found 0 Redis repository interfaces.
2025-02-40 19:11 o.s.b.w.e.tomcat.TomcatWebServer-Tomcat initialized with port 8080 (http)
2025-02-40 19:11 o.a.coyote.http11.Http11NioProtocol-Initializing ProtocolHandler ["http-nio-8080"]
2025-02-40 19:11 o.a.catalina.core.StandardService-Starting service [Tomcat]
2025-02-40 19:11 o.a.catalina.core.StandardEngine-Starting Servlet engine: [Apache Tomcat/10.1.34]
2025-02-40 19:11 o.a.c.c.C.[Tomcat].[localhost].[/]-Initializing Spring embedded WebApplicationContext
2025-02-40 19:11 o.s.b.w.s.c.ServletWebServerApplicationContext-Root WebApplicationContext: initialization completed in 2467 ms
2025-02-40 19:11 o.h.jpa.internal.util.LogHelper-HHH000204: Processing PersistenceUnitInfo [name: default]
2025-02-40 19:11 org.hibernate.Version-HHH000412: Hibernate ORM core version 6.6.5.Final
2025-02-40 19:11 o.h.c.i.RegionFactoryInitiator-HHH000026: Second-level cache disabled
2025-02-40 19:11 o.s.o.j.p.SpringPersistenceUnitInfo-No LoadTimeWeaver setup: ignoring JPA class transformer
2025-02-40 19:11 com.zaxxer.hikari.HikariDataSource-HikariPool-1 - Starting...
2025-02-40 19:11 com.zaxxer.hikari.pool.HikariPool-HikariPool-1 - Added connection org.mariadb.jdbc.Connection@5e681097
2025-02-40 19:11 com.zaxxer.hikari.HikariDataSource-HikariPool-1 - Start completed.
2025-02-40 19:11 org.hibernate.orm.deprecation-HHH90000025: MariaDBDialect does not need to be specified explicitly using 'hibernate.dialect' (remove the property setting and it will be selected by default)
2025-02-40 19:11 o.hibernate.orm.connections.pooling-HHH10001005: Database info:
	Database JDBC URL [Connecting through datasource 'HikariDataSource (HikariPool-1)']
	Database driver: undefined/unknown
	Database version: 11.5.2
	Autocommit mode: undefined/unknown
	Isolation level: undefined/unknown
	Minimum pool size: undefined/unknown
	Maximum pool size: undefined/unknown
2025-02-40 19:11 o.h.e.t.j.p.i.JtaPlatformInitiator-HHH000489: No JTA platform available (set 'hibernate.transaction.jta.platform' to enable JTA platform integration)
2025-02-40 19:11 o.s.o.j.LocalContainerEntityManagerFactoryBean-Initialized JPA EntityManagerFactory for persistence unit 'default'
2025-02-40 19:11 o.s.d.j.r.query.QueryEnhancerFactory-Hibernate is in classpath; If applicable, HQL parser will be used.
2025-02-40 19:11 o.s.b.a.o.j.JpaBaseConfiguration$JpaWebConfiguration-spring.jpa.open-in-view is enabled by default. Therefore, database queries may be performed during view rendering. Explicitly configure spring.jpa.open-in-view to disable this warning
2025-02-40 19:11 o.s.b.a.s.s.UserDetailsServiceAutoConfiguration-

Using generated security password: b9b6ee25-6d48-4809-adca-d0a44ada5cfc

This generated password is for development use only. Your security configuration must be updated before running your application in production.

2025-02-40 19:11 o.s.s.c.a.a.c.InitializeUserDetailsBeanManagerConfigurer$InitializeUserDetailsManagerConfigurer-Global AuthenticationManager configured with UserDetailsService bean with name inMemoryUserDetailsManager
2025-02-40 19:11 o.a.coyote.http11.Http11NioProtocol-Starting ProtocolHandler ["http-nio-8080"]
2025-02-40 19:11 o.s.b.w.e.tomcat.TomcatWebServer-Tomcat started on port 8080 (http) with context path '/'
2025-02-40 19:11 c.b.S.StomachForceApplication-Started StomachForceApplication in 8.963 seconds (process running for 9.664)
2025-02-40 19:24 o.a.c.c.C.[Tomcat].[localhost].[/]-Initializing Spring DispatcherServlet 'dispatcherServlet'
2025-02-40 19:24 o.s.web.servlet.DispatcherServlet-Initializing Servlet 'dispatcherServlet'
2025-02-40 19:24 o.s.web.servlet.DispatcherServlet-Completed initialization in 5 ms
2025-02-40 19:38 o.h.validator.internal.util.Version-HV000001: Hibernate Validator 8.0.2.Final
2025-02-40 19:38 c.b.S.StomachForceApplication-Starting StomachForceApplication using Java 17.0.13 with PID 17528 (C:\Users\Playdata\Desktop\be11-2nd-ChulungChulung-StomachForce-BE\build\classes\java\main started by Playdata in C:\Users\Playdata\Desktop\be11-2nd-ChulungChulung-StomachForce-BE)
2025-02-40 19:38 c.b.S.StomachForceApplication-No active profile set, falling back to 1 default profile: "default"
2025-02-40 19:38 o.s.d.r.c.RepositoryConfigurationDelegate-Multiple Spring Data modules found, entering strict repository configuration mode
2025-02-40 19:38 o.s.d.r.c.RepositoryConfigurationDelegate-Bootstrapping Spring Data JPA repositories in DEFAULT mode.
2025-02-40 19:38 o.s.d.r.c.RepositoryConfigurationDelegate-Finished Spring Data repository scanning in 327 ms. Found 12 JPA repository interfaces.
2025-02-40 19:38 o.s.d.r.c.RepositoryConfigurationDelegate-Multiple Spring Data modules found, entering strict repository configuration mode
2025-02-40 19:38 o.s.d.r.c.RepositoryConfigurationDelegate-Bootstrapping Spring Data Redis repositories in DEFAULT mode.
2025-02-40 19:38 o.s.d.r.c.RepositoryConfigurationExtensionSupport-Spring Data Redis - Could not safely identify store assignment for repository candidate interface com.beyond.StomachForce.coupon.repository.CouponRepository; If you want this repository to be a Redis repository, consider annotating your entities with one of these annotations: org.springframework.data.redis.core.RedisHash (preferred), or consider extending one of the following types with your repository: org.springframework.data.keyvalue.repository.KeyValueRepository
2025-02-40 19:38 o.s.d.r.c.RepositoryConfigurationExtensionSupport-Spring Data Redis - Could not safely identify store assignment for repository candidate interface com.beyond.StomachForce.Post.repository.LikeRepository; If you want this repository to be a Redis repository, consider annotating your entities with one of these annotations: org.springframework.data.redis.core.RedisHash (preferred), or consider extending one of the following types with your repository: org.springframework.data.keyvalue.repository.KeyValueRepository
2025-02-40 19:38 o.s.d.r.c.RepositoryConfigurationExtensionSupport-Spring Data Redis - Could not safely identify store assignment for repository candidate interface com.beyond.StomachForce.Post.repository.PostRepository; If you want this repository to be a Redis repository, consider annotating your entities with one of these annotations: org.springframework.data.redis.core.RedisHash (preferred), or consider extending one of the following types with your repository: org.springframework.data.keyvalue.repository.KeyValueRepository
2025-02-40 19:38 o.s.d.r.c.RepositoryConfigurationExtensionSupport-Spring Data Redis - Could not safely identify store assignment for repository candidate interface com.beyond.StomachForce.reservation.repository.ReservationRepository; If you want this repository to be a Redis repository, consider annotating your entities with one of these annotations: org.springframework.data.redis.core.RedisHash (preferred), or consider extending one of the following types with your repository: org.springframework.data.keyvalue.repository.KeyValueRepository
2025-02-40 19:38 o.s.d.r.c.RepositoryConfigurationExtensionSupport-Spring Data Redis - Could not safely identify store assignment for repository candidate interface com.beyond.StomachForce.restaurant.repository.AddressRepository; If you want this repository to be a Redis repository, consider annotating your entities with one of these annotations: org.springframework.data.redis.core.RedisHash (preferred), or consider extending one of the following types with your repository: org.springframework.data.keyvalue.repository.KeyValueRepository
2025-02-40 19:38 o.s.d.r.c.RepositoryConfigurationExtensionSupport-Spring Data Redis - Could not safely identify store assignment for repository candidate interface com.beyond.StomachForce.restaurant.repository.BookmarkRepository; If you want this repository to be a Redis repository, consider annotating your entities with one of these annotations: org.springframework.data.redis.core.RedisHash (preferred), or consider extending one of the following types with your repository: org.springframework.data.keyvalue.repository.KeyValueRepository
2025-02-40 19:38 o.s.d.r.c.RepositoryConfigurationExtensionSupport-Spring Data Redis - Could not safely identify store assignment for repository candidate interface com.beyond.StomachForce.restaurant.repository.RestaurantConvenienceRepository; If you want this repository to be a Redis repository, consider annotating your entities with one of these annotations: org.springframework.data.redis.core.RedisHash (preferred), or consider extending one of the following types with your repository: org.springframework.data.keyvalue.repository.KeyValueRepository
2025-02-40 19:38 o.s.d.r.c.RepositoryConfigurationExtensionSupport-Spring Data Redis - Could not safely identify store assignment for repository candidate interface com.beyond.StomachForce.restaurant.repository.RestaurantPhotoRepository; If you want this repository to be a Redis repository, consider annotating your entities with one of these annotations: org.springframework.data.redis.core.RedisHash (preferred), or consider extending one of the following types with your repository: org.springframework.data.keyvalue.repository.KeyValueRepository
2025-02-40 19:38 o.s.d.r.c.RepositoryConfigurationExtensionSupport-Spring Data Redis - Could not safely identify store assignment for repository candidate interface com.beyond.StomachForce.restaurant.repository.RestaurantRepository; If you want this repository to be a Redis repository, consider annotating your entities with one of these annotations: org.springframework.data.redis.core.RedisHash (preferred), or consider extending one of the following types with your repository: org.springframework.data.keyvalue.repository.KeyValueRepository
2025-02-40 19:38 o.s.d.r.c.RepositoryConfigurationExtensionSupport-Spring Data Redis - Could not safely identify store assignment for repository candidate interface com.beyond.StomachForce.review.repository.ReviewPhotoRepository; If you want this repository to be a Redis repository, consider annotating your entities with one of these annotations: org.springframework.data.redis.core.RedisHash (preferred), or consider extending one of the following types with your repository: org.springframework.data.keyvalue.repository.KeyValueRepository
2025-02-40 19:38 o.s.d.r.c.RepositoryConfigurationExtensionSupport-Spring Data Redis - Could not safely identify store assignment for repository candidate interface com.beyond.StomachForce.review.repository.ReviewRepository; If you want this repository to be a Redis repository, consider annotating your entities with one of these annotations: org.springframework.data.redis.core.RedisHash (preferred), or consider extending one of the following types with your repository: org.springframework.data.keyvalue.repository.KeyValueRepository
2025-02-40 19:38 o.s.d.r.c.RepositoryConfigurationExtensionSupport-Spring Data Redis - Could not safely identify store assignment for repository candidate interface com.beyond.StomachForce.User.repository.UserRepository; If you want this repository to be a Redis repository, consider annotating your entities with one of these annotations: org.springframework.data.redis.core.RedisHash (preferred), or consider extending one of the following types with your repository: org.springframework.data.keyvalue.repository.KeyValueRepository
2025-02-40 19:38 o.s.d.r.c.RepositoryConfigurationDelegate-Finished Spring Data repository scanning in 81 ms. Found 0 Redis repository interfaces.
2025-02-40 19:38 o.s.b.w.e.tomcat.TomcatWebServer-Tomcat initialized with port 8080 (http)
2025-02-40 19:38 o.a.coyote.http11.Http11NioProtocol-Initializing ProtocolHandler ["http-nio-8080"]
2025-02-40 19:38 o.a.catalina.core.StandardService-Starting service [Tomcat]
2025-02-40 19:38 o.a.catalina.core.StandardEngine-Starting Servlet engine: [Apache Tomcat/10.1.34]
2025-02-40 19:38 o.a.c.c.C.[Tomcat].[localhost].[/]-Initializing Spring embedded WebApplicationContext
2025-02-40 19:38 o.s.b.w.s.c.ServletWebServerApplicationContext-Root WebApplicationContext: initialization completed in 2542 ms
2025-02-40 19:38 o.h.jpa.internal.util.LogHelper-HHH000204: Processing PersistenceUnitInfo [name: default]
2025-02-40 19:38 org.hibernate.Version-HHH000412: Hibernate ORM core version 6.6.5.Final
2025-02-40 19:38 o.h.c.i.RegionFactoryInitiator-HHH000026: Second-level cache disabled
2025-02-40 19:38 o.s.o.j.p.SpringPersistenceUnitInfo-No LoadTimeWeaver setup: ignoring JPA class transformer
2025-02-40 19:38 com.zaxxer.hikari.HikariDataSource-HikariPool-1 - Starting...
2025-02-40 19:38 com.zaxxer.hikari.pool.HikariPool-HikariPool-1 - Added connection org.mariadb.jdbc.Connection@3c8fe8ad
2025-02-40 19:38 com.zaxxer.hikari.HikariDataSource-HikariPool-1 - Start completed.
2025-02-40 19:38 org.hibernate.orm.deprecation-HHH90000025: MariaDBDialect does not need to be specified explicitly using 'hibernate.dialect' (remove the property setting and it will be selected by default)
2025-02-40 19:38 o.hibernate.orm.connections.pooling-HHH10001005: Database info:
	Database JDBC URL [Connecting through datasource 'HikariDataSource (HikariPool-1)']
	Database driver: undefined/unknown
	Database version: 11.5.2
	Autocommit mode: undefined/unknown
	Isolation level: undefined/unknown
	Minimum pool size: undefined/unknown
	Maximum pool size: undefined/unknown
2025-02-40 19:38 o.h.e.t.j.p.i.JtaPlatformInitiator-HHH000489: No JTA platform available (set 'hibernate.transaction.jta.platform' to enable JTA platform integration)
2025-02-40 19:38 o.s.o.j.LocalContainerEntityManagerFactoryBean-Initialized JPA EntityManagerFactory for persistence unit 'default'
2025-02-40 19:38 o.s.d.j.r.query.QueryEnhancerFactory-Hibernate is in classpath; If applicable, HQL parser will be used.
2025-02-40 19:38 o.s.b.a.o.j.JpaBaseConfiguration$JpaWebConfiguration-spring.jpa.open-in-view is enabled by default. Therefore, database queries may be performed during view rendering. Explicitly configure spring.jpa.open-in-view to disable this warning
2025-02-40 19:38 o.s.b.a.s.s.UserDetailsServiceAutoConfiguration-

Using generated security password: c3dcda16-d169-41f7-83b5-bd6540f77ed2

This generated password is for development use only. Your security configuration must be updated before running your application in production.

2025-02-40 19:38 o.s.s.c.a.a.c.InitializeUserDetailsBeanManagerConfigurer$InitializeUserDetailsManagerConfigurer-Global AuthenticationManager configured with UserDetailsService bean with name inMemoryUserDetailsManager
2025-02-40 19:38 o.a.coyote.http11.Http11NioProtocol-Starting ProtocolHandler ["http-nio-8080"]
2025-02-40 19:38 o.s.b.w.e.tomcat.TomcatWebServer-Tomcat started on port 8080 (http) with context path '/'
2025-02-40 19:38 c.b.S.StomachForceApplication-Started StomachForceApplication in 8.028 seconds (process running for 8.744)
2025-02-40 19:38 o.a.c.c.C.[Tomcat].[localhost].[/]-Initializing Spring DispatcherServlet 'dispatcherServlet'
2025-02-40 19:38 o.s.web.servlet.DispatcherServlet-Initializing Servlet 'dispatcherServlet'
2025-02-40 19:38 o.s.web.servlet.DispatcherServlet-Completed initialization in 2 ms
2025-02-40 19:39 o.m.jdbc.message.server.ErrorPacket-Error: 1062-23000: Duplicate entry '1' for key 'UKrecqnfjcp370rygd9hjjxjtg'
2025-02-40 19:39 o.h.e.jdbc.spi.SqlExceptionHelper-SQL Error: 1062, SQLState: 23000
2025-02-40 19:39 o.h.e.jdbc.spi.SqlExceptionHelper-(conn=909) Duplicate entry '1' for key 'UKrecqnfjcp370rygd9hjjxjtg'
2025-02-40 19:40 o.m.jdbc.message.server.ErrorPacket-Error: 1062-23000: Duplicate entry '1' for key 'UKrecqnfjcp370rygd9hjjxjtg'
2025-02-40 19:40 o.h.e.jdbc.spi.SqlExceptionHelper-SQL Error: 1062, SQLState: 23000
2025-02-40 19:40 o.h.e.jdbc.spi.SqlExceptionHelper-(conn=909) Duplicate entry '1' for key 'UKrecqnfjcp370rygd9hjjxjtg'
2025-02-40 19:41 c.b.S.C.c.CommonExceptionHandler-restaurant is not found
2025-02-40 19:41 o.m.jdbc.message.server.ErrorPacket-Error: 1062-23000: Duplicate entry '1' for key 'UKrecqnfjcp370rygd9hjjxjtg'
2025-02-40 19:41 o.h.e.jdbc.spi.SqlExceptionHelper-SQL Error: 1062, SQLState: 23000
2025-02-40 19:41 o.h.e.jdbc.spi.SqlExceptionHelper-(conn=909) Duplicate entry '1' for key 'UKrecqnfjcp370rygd9hjjxjtg'
2025-02-40 19:43 c.b.S.C.c.CommonExceptionHandler-coupon is not found
2025-02-40 19:43 o.m.jdbc.message.server.ErrorPacket-Error: 1062-23000: Duplicate entry '1' for key 'UKrecqnfjcp370rygd9hjjxjtg'
2025-02-40 19:43 o.h.e.jdbc.spi.SqlExceptionHelper-SQL Error: 1062, SQLState: 23000
2025-02-40 19:43 o.h.e.jdbc.spi.SqlExceptionHelper-(conn=909) Duplicate entry '1' for key 'UKrecqnfjcp370rygd9hjjxjtg'
2025-02-40 19:47 o.m.jdbc.message.server.ErrorPacket-Error: 1062-23000: Duplicate entry '1' for key 'UK1vlnx35y2gpcrwqv6hhlynfko'
2025-02-40 19:47 o.h.e.jdbc.spi.SqlExceptionHelper-SQL Error: 1062, SQLState: 23000
2025-02-40 19:47 o.h.e.jdbc.spi.SqlExceptionHelper-(conn=909) Duplicate entry '1' for key 'UK1vlnx35y2gpcrwqv6hhlynfko'
2025-02-40 19:51 o.h.validator.internal.util.Version-HV000001: Hibernate Validator 8.0.2.Final
2025-02-40 19:51 c.b.S.StomachForceApplication-Starting StomachForceApplication using Java 17.0.13 with PID 2740 (C:\Users\Playdata\Desktop\be11-2nd-ChulungChulung-StomachForce-BE\build\classes\java\main started by Playdata in C:\Users\Playdata\Desktop\be11-2nd-ChulungChulung-StomachForce-BE)
2025-02-40 19:51 c.b.S.StomachForceApplication-No active profile set, falling back to 1 default profile: "default"
2025-02-40 19:51 o.s.d.r.c.RepositoryConfigurationDelegate-Multiple Spring Data modules found, entering strict repository configuration mode
2025-02-40 19:51 o.s.d.r.c.RepositoryConfigurationDelegate-Bootstrapping Spring Data JPA repositories in DEFAULT mode.
2025-02-40 19:51 o.s.d.r.c.RepositoryConfigurationDelegate-Finished Spring Data repository scanning in 349 ms. Found 12 JPA repository interfaces.
2025-02-40 19:51 o.s.d.r.c.RepositoryConfigurationDelegate-Multiple Spring Data modules found, entering strict repository configuration mode
2025-02-40 19:51 o.s.d.r.c.RepositoryConfigurationDelegate-Bootstrapping Spring Data Redis repositories in DEFAULT mode.
2025-02-40 19:51 o.s.d.r.c.RepositoryConfigurationExtensionSupport-Spring Data Redis - Could not safely identify store assignment for repository candidate interface com.beyond.StomachForce.coupon.repository.CouponRepository; If you want this repository to be a Redis repository, consider annotating your entities with one of these annotations: org.springframework.data.redis.core.RedisHash (preferred), or consider extending one of the following types with your repository: org.springframework.data.keyvalue.repository.KeyValueRepository
2025-02-40 19:51 o.s.d.r.c.RepositoryConfigurationExtensionSupport-Spring Data Redis - Could not safely identify store assignment for repository candidate interface com.beyond.StomachForce.Post.repository.LikeRepository; If you want this repository to be a Redis repository, consider annotating your entities with one of these annotations: org.springframework.data.redis.core.RedisHash (preferred), or consider extending one of the following types with your repository: org.springframework.data.keyvalue.repository.KeyValueRepository
2025-02-40 19:51 o.s.d.r.c.RepositoryConfigurationExtensionSupport-Spring Data Redis - Could not safely identify store assignment for repository candidate interface com.beyond.StomachForce.Post.repository.PostRepository; If you want this repository to be a Redis repository, consider annotating your entities with one of these annotations: org.springframework.data.redis.core.RedisHash (preferred), or consider extending one of the following types with your repository: org.springframework.data.keyvalue.repository.KeyValueRepository
2025-02-40 19:51 o.s.d.r.c.RepositoryConfigurationExtensionSupport-Spring Data Redis - Could not safely identify store assignment for repository candidate interface com.beyond.StomachForce.reservation.repository.ReservationRepository; If you want this repository to be a Redis repository, consider annotating your entities with one of these annotations: org.springframework.data.redis.core.RedisHash (preferred), or consider extending one of the following types with your repository: org.springframework.data.keyvalue.repository.KeyValueRepository
2025-02-40 19:51 o.s.d.r.c.RepositoryConfigurationExtensionSupport-Spring Data Redis - Could not safely identify store assignment for repository candidate interface com.beyond.StomachForce.restaurant.repository.AddressRepository; If you want this repository to be a Redis repository, consider annotating your entities with one of these annotations: org.springframework.data.redis.core.RedisHash (preferred), or consider extending one of the following types with your repository: org.springframework.data.keyvalue.repository.KeyValueRepository
2025-02-40 19:51 o.s.d.r.c.RepositoryConfigurationExtensionSupport-Spring Data Redis - Could not safely identify store assignment for repository candidate interface com.beyond.StomachForce.restaurant.repository.BookmarkRepository; If you want this repository to be a Redis repository, consider annotating your entities with one of these annotations: org.springframework.data.redis.core.RedisHash (preferred), or consider extending one of the following types with your repository: org.springframework.data.keyvalue.repository.KeyValueRepository
2025-02-40 19:51 o.s.d.r.c.RepositoryConfigurationExtensionSupport-Spring Data Redis - Could not safely identify store assignment for repository candidate interface com.beyond.StomachForce.restaurant.repository.RestaurantConvenienceRepository; If you want this repository to be a Redis repository, consider annotating your entities with one of these annotations: org.springframework.data.redis.core.RedisHash (preferred), or consider extending one of the following types with your repository: org.springframework.data.keyvalue.repository.KeyValueRepository
2025-02-40 19:51 o.s.d.r.c.RepositoryConfigurationExtensionSupport-Spring Data Redis - Could not safely identify store assignment for repository candidate interface com.beyond.StomachForce.restaurant.repository.RestaurantPhotoRepository; If you want this repository to be a Redis repository, consider annotating your entities with one of these annotations: org.springframework.data.redis.core.RedisHash (preferred), or consider extending one of the following types with your repository: org.springframework.data.keyvalue.repository.KeyValueRepository
2025-02-40 19:51 o.s.d.r.c.RepositoryConfigurationExtensionSupport-Spring Data Redis - Could not safely identify store assignment for repository candidate interface com.beyond.StomachForce.restaurant.repository.RestaurantRepository; If you want this repository to be a Redis repository, consider annotating your entities with one of these annotations: org.springframework.data.redis.core.RedisHash (preferred), or consider extending one of the following types with your repository: org.springframework.data.keyvalue.repository.KeyValueRepository
2025-02-40 19:51 o.s.d.r.c.RepositoryConfigurationExtensionSupport-Spring Data Redis - Could not safely identify store assignment for repository candidate interface com.beyond.StomachForce.review.repository.ReviewPhotoRepository; If you want this repository to be a Redis repository, consider annotating your entities with one of these annotations: org.springframework.data.redis.core.RedisHash (preferred), or consider extending one of the following types with your repository: org.springframework.data.keyvalue.repository.KeyValueRepository
2025-02-40 19:51 o.s.d.r.c.RepositoryConfigurationExtensionSupport-Spring Data Redis - Could not safely identify store assignment for repository candidate interface com.beyond.StomachForce.review.repository.ReviewRepository; If you want this repository to be a Redis repository, consider annotating your entities with one of these annotations: org.springframework.data.redis.core.RedisHash (preferred), or consider extending one of the following types with your repository: org.springframework.data.keyvalue.repository.KeyValueRepository
2025-02-40 19:51 o.s.d.r.c.RepositoryConfigurationExtensionSupport-Spring Data Redis - Could not safely identify store assignment for repository candidate interface com.beyond.StomachForce.User.repository.UserRepository; If you want this repository to be a Redis repository, consider annotating your entities with one of these annotations: org.springframework.data.redis.core.RedisHash (preferred), or consider extending one of the following types with your repository: org.springframework.data.keyvalue.repository.KeyValueRepository
2025-02-40 19:51 o.s.d.r.c.RepositoryConfigurationDelegate-Finished Spring Data repository scanning in 76 ms. Found 0 Redis repository interfaces.
2025-02-40 19:52 o.s.b.w.e.tomcat.TomcatWebServer-Tomcat initialized with port 8080 (http)
2025-02-40 19:52 o.a.coyote.http11.Http11NioProtocol-Initializing ProtocolHandler ["http-nio-8080"]
2025-02-40 19:52 o.a.catalina.core.StandardService-Starting service [Tomcat]
2025-02-40 19:52 o.a.catalina.core.StandardEngine-Starting Servlet engine: [Apache Tomcat/10.1.34]
2025-02-40 19:52 o.a.c.c.C.[Tomcat].[localhost].[/]-Initializing Spring embedded WebApplicationContext
2025-02-40 19:52 o.s.b.w.s.c.ServletWebServerApplicationContext-Root WebApplicationContext: initialization completed in 2531 ms
2025-02-40 19:52 o.h.jpa.internal.util.LogHelper-HHH000204: Processing PersistenceUnitInfo [name: default]
2025-02-40 19:52 org.hibernate.Version-HHH000412: Hibernate ORM core version 6.6.5.Final
2025-02-40 19:52 o.h.c.i.RegionFactoryInitiator-HHH000026: Second-level cache disabled
2025-02-40 19:52 o.s.o.j.p.SpringPersistenceUnitInfo-No LoadTimeWeaver setup: ignoring JPA class transformer
2025-02-40 19:52 com.zaxxer.hikari.HikariDataSource-HikariPool-1 - Starting...
2025-02-40 19:52 com.zaxxer.hikari.pool.HikariPool-HikariPool-1 - Added connection org.mariadb.jdbc.Connection@212e39ee
2025-02-40 19:52 com.zaxxer.hikari.HikariDataSource-HikariPool-1 - Start completed.
2025-02-40 19:52 org.hibernate.orm.deprecation-HHH90000025: MariaDBDialect does not need to be specified explicitly using 'hibernate.dialect' (remove the property setting and it will be selected by default)
2025-02-40 19:52 o.hibernate.orm.connections.pooling-HHH10001005: Database info:
	Database JDBC URL [Connecting through datasource 'HikariDataSource (HikariPool-1)']
	Database driver: undefined/unknown
	Database version: 11.5.2
	Autocommit mode: undefined/unknown
	Isolation level: undefined/unknown
	Minimum pool size: undefined/unknown
	Maximum pool size: undefined/unknown
2025-02-40 19:52 o.h.e.t.j.p.i.JtaPlatformInitiator-HHH000489: No JTA platform available (set 'hibernate.transaction.jta.platform' to enable JTA platform integration)
2025-02-40 19:52 o.s.o.j.LocalContainerEntityManagerFactoryBean-Initialized JPA EntityManagerFactory for persistence unit 'default'
2025-02-40 19:52 o.s.d.j.r.query.QueryEnhancerFactory-Hibernate is in classpath; If applicable, HQL parser will be used.
2025-02-40 19:52 o.s.b.a.o.j.JpaBaseConfiguration$JpaWebConfiguration-spring.jpa.open-in-view is enabled by default. Therefore, database queries may be performed during view rendering. Explicitly configure spring.jpa.open-in-view to disable this warning
2025-02-40 19:52 o.s.b.a.s.s.UserDetailsServiceAutoConfiguration-

Using generated security password: 87b08033-8c61-4294-9c81-e3c93c4f1f15

This generated password is for development use only. Your security configuration must be updated before running your application in production.

2025-02-40 19:52 o.s.s.c.a.a.c.InitializeUserDetailsBeanManagerConfigurer$InitializeUserDetailsManagerConfigurer-Global AuthenticationManager configured with UserDetailsService bean with name inMemoryUserDetailsManager
2025-02-40 19:52 o.a.coyote.http11.Http11NioProtocol-Starting ProtocolHandler ["http-nio-8080"]
2025-02-40 19:52 o.s.b.w.e.tomcat.TomcatWebServer-Tomcat started on port 8080 (http) with context path '/'
2025-02-40 19:52 c.b.S.StomachForceApplication-Started StomachForceApplication in 8.222 seconds (process running for 8.937)
2025-02-40 19:52 o.h.validator.internal.util.Version-HV000001: Hibernate Validator 8.0.2.Final
2025-02-40 19:52 c.b.S.StomachForceApplication-Starting StomachForceApplication using Java 17.0.13 with PID 21812 (C:\Users\Playdata\Desktop\be11-2nd-ChulungChulung-StomachForce-BE\build\classes\java\main started by Playdata in C:\Users\Playdata\Desktop\be11-2nd-ChulungChulung-StomachForce-BE)
2025-02-40 19:52 c.b.S.StomachForceApplication-No active profile set, falling back to 1 default profile: "default"
2025-02-40 19:52 o.s.d.r.c.RepositoryConfigurationDelegate-Multiple Spring Data modules found, entering strict repository configuration mode
2025-02-40 19:52 o.s.d.r.c.RepositoryConfigurationDelegate-Bootstrapping Spring Data JPA repositories in DEFAULT mode.
2025-02-40 19:52 o.s.d.r.c.RepositoryConfigurationDelegate-Finished Spring Data repository scanning in 304 ms. Found 12 JPA repository interfaces.
2025-02-40 19:52 o.s.d.r.c.RepositoryConfigurationDelegate-Multiple Spring Data modules found, entering strict repository configuration mode
2025-02-40 19:52 o.s.d.r.c.RepositoryConfigurationDelegate-Bootstrapping Spring Data Redis repositories in DEFAULT mode.
2025-02-40 19:52 o.s.d.r.c.RepositoryConfigurationExtensionSupport-Spring Data Redis - Could not safely identify store assignment for repository candidate interface com.beyond.StomachForce.coupon.repository.CouponRepository; If you want this repository to be a Redis repository, consider annotating your entities with one of these annotations: org.springframework.data.redis.core.RedisHash (preferred), or consider extending one of the following types with your repository: org.springframework.data.keyvalue.repository.KeyValueRepository
2025-02-40 19:52 o.s.d.r.c.RepositoryConfigurationExtensionSupport-Spring Data Redis - Could not safely identify store assignment for repository candidate interface com.beyond.StomachForce.Post.repository.LikeRepository; If you want this repository to be a Redis repository, consider annotating your entities with one of these annotations: org.springframework.data.redis.core.RedisHash (preferred), or consider extending one of the following types with your repository: org.springframework.data.keyvalue.repository.KeyValueRepository
2025-02-40 19:52 o.s.d.r.c.RepositoryConfigurationExtensionSupport-Spring Data Redis - Could not safely identify store assignment for repository candidate interface com.beyond.StomachForce.Post.repository.PostRepository; If you want this repository to be a Redis repository, consider annotating your entities with one of these annotations: org.springframework.data.redis.core.RedisHash (preferred), or consider extending one of the following types with your repository: org.springframework.data.keyvalue.repository.KeyValueRepository
2025-02-40 19:52 o.s.d.r.c.RepositoryConfigurationExtensionSupport-Spring Data Redis - Could not safely identify store assignment for repository candidate interface com.beyond.StomachForce.reservation.repository.ReservationRepository; If you want this repository to be a Redis repository, consider annotating your entities with one of these annotations: org.springframework.data.redis.core.RedisHash (preferred), or consider extending one of the following types with your repository: org.springframework.data.keyvalue.repository.KeyValueRepository
2025-02-40 19:52 o.s.d.r.c.RepositoryConfigurationExtensionSupport-Spring Data Redis - Could not safely identify store assignment for repository candidate interface com.beyond.StomachForce.restaurant.repository.AddressRepository; If you want this repository to be a Redis repository, consider annotating your entities with one of these annotations: org.springframework.data.redis.core.RedisHash (preferred), or consider extending one of the following types with your repository: org.springframework.data.keyvalue.repository.KeyValueRepository
2025-02-40 19:52 o.s.d.r.c.RepositoryConfigurationExtensionSupport-Spring Data Redis - Could not safely identify store assignment for repository candidate interface com.beyond.StomachForce.restaurant.repository.BookmarkRepository; If you want this repository to be a Redis repository, consider annotating your entities with one of these annotations: org.springframework.data.redis.core.RedisHash (preferred), or consider extending one of the following types with your repository: org.springframework.data.keyvalue.repository.KeyValueRepository
2025-02-40 19:52 o.s.d.r.c.RepositoryConfigurationExtensionSupport-Spring Data Redis - Could not safely identify store assignment for repository candidate interface com.beyond.StomachForce.restaurant.repository.RestaurantConvenienceRepository; If you want this repository to be a Redis repository, consider annotating your entities with one of these annotations: org.springframework.data.redis.core.RedisHash (preferred), or consider extending one of the following types with your repository: org.springframework.data.keyvalue.repository.KeyValueRepository
2025-02-40 19:52 o.s.d.r.c.RepositoryConfigurationExtensionSupport-Spring Data Redis - Could not safely identify store assignment for repository candidate interface com.beyond.StomachForce.restaurant.repository.RestaurantPhotoRepository; If you want this repository to be a Redis repository, consider annotating your entities with one of these annotations: org.springframework.data.redis.core.RedisHash (preferred), or consider extending one of the following types with your repository: org.springframework.data.keyvalue.repository.KeyValueRepository
2025-02-40 19:52 o.s.d.r.c.RepositoryConfigurationExtensionSupport-Spring Data Redis - Could not safely identify store assignment for repository candidate interface com.beyond.StomachForce.restaurant.repository.RestaurantRepository; If you want this repository to be a Redis repository, consider annotating your entities with one of these annotations: org.springframework.data.redis.core.RedisHash (preferred), or consider extending one of the following types with your repository: org.springframework.data.keyvalue.repository.KeyValueRepository
2025-02-40 19:52 o.s.d.r.c.RepositoryConfigurationExtensionSupport-Spring Data Redis - Could not safely identify store assignment for repository candidate interface com.beyond.StomachForce.review.repository.ReviewPhotoRepository; If you want this repository to be a Redis repository, consider annotating your entities with one of these annotations: org.springframework.data.redis.core.RedisHash (preferred), or consider extending one of the following types with your repository: org.springframework.data.keyvalue.repository.KeyValueRepository
2025-02-40 19:52 o.s.d.r.c.RepositoryConfigurationExtensionSupport-Spring Data Redis - Could not safely identify store assignment for repository candidate interface com.beyond.StomachForce.review.repository.ReviewRepository; If you want this repository to be a Redis repository, consider annotating your entities with one of these annotations: org.springframework.data.redis.core.RedisHash (preferred), or consider extending one of the following types with your repository: org.springframework.data.keyvalue.repository.KeyValueRepository
2025-02-40 19:52 o.s.d.r.c.RepositoryConfigurationExtensionSupport-Spring Data Redis - Could not safely identify store assignment for repository candidate interface com.beyond.StomachForce.User.repository.UserRepository; If you want this repository to be a Redis repository, consider annotating your entities with one of these annotations: org.springframework.data.redis.core.RedisHash (preferred), or consider extending one of the following types with your repository: org.springframework.data.keyvalue.repository.KeyValueRepository
2025-02-40 19:52 o.s.d.r.c.RepositoryConfigurationDelegate-Finished Spring Data repository scanning in 92 ms. Found 0 Redis repository interfaces.
2025-02-40 19:52 o.s.b.w.e.tomcat.TomcatWebServer-Tomcat initialized with port 8080 (http)
2025-02-40 19:52 o.a.coyote.http11.Http11NioProtocol-Initializing ProtocolHandler ["http-nio-8080"]
2025-02-40 19:52 o.a.catalina.core.StandardService-Starting service [Tomcat]
2025-02-40 19:52 o.a.catalina.core.StandardEngine-Starting Servlet engine: [Apache Tomcat/10.1.34]
2025-02-40 19:52 o.a.c.c.C.[Tomcat].[localhost].[/]-Initializing Spring embedded WebApplicationContext
2025-02-40 19:52 o.s.b.w.s.c.ServletWebServerApplicationContext-Root WebApplicationContext: initialization completed in 2490 ms
2025-02-40 19:52 o.h.jpa.internal.util.LogHelper-HHH000204: Processing PersistenceUnitInfo [name: default]
2025-02-40 19:52 org.hibernate.Version-HHH000412: Hibernate ORM core version 6.6.5.Final
2025-02-40 19:52 o.h.c.i.RegionFactoryInitiator-HHH000026: Second-level cache disabled
2025-02-40 19:52 o.s.o.j.p.SpringPersistenceUnitInfo-No LoadTimeWeaver setup: ignoring JPA class transformer
2025-02-40 19:52 com.zaxxer.hikari.HikariDataSource-HikariPool-1 - Starting...
2025-02-40 19:52 com.zaxxer.hikari.pool.HikariPool-HikariPool-1 - Added connection org.mariadb.jdbc.Connection@131d977f
2025-02-40 19:52 com.zaxxer.hikari.HikariDataSource-HikariPool-1 - Start completed.
2025-02-40 19:52 org.hibernate.orm.deprecation-HHH90000025: MariaDBDialect does not need to be specified explicitly using 'hibernate.dialect' (remove the property setting and it will be selected by default)
2025-02-40 19:52 o.hibernate.orm.connections.pooling-HHH10001005: Database info:
	Database JDBC URL [Connecting through datasource 'HikariDataSource (HikariPool-1)']
	Database driver: undefined/unknown
	Database version: 11.5.2
	Autocommit mode: undefined/unknown
	Isolation level: undefined/unknown
	Minimum pool size: undefined/unknown
	Maximum pool size: undefined/unknown
2025-02-40 19:52 o.h.e.t.j.p.i.JtaPlatformInitiator-HHH000489: No JTA platform available (set 'hibernate.transaction.jta.platform' to enable JTA platform integration)
2025-02-40 19:52 o.s.o.j.LocalContainerEntityManagerFactoryBean-Initialized JPA EntityManagerFactory for persistence unit 'default'
2025-02-40 19:52 o.s.d.j.r.query.QueryEnhancerFactory-Hibernate is in classpath; If applicable, HQL parser will be used.
2025-02-40 19:52 o.s.b.a.o.j.JpaBaseConfiguration$JpaWebConfiguration-spring.jpa.open-in-view is enabled by default. Therefore, database queries may be performed during view rendering. Explicitly configure spring.jpa.open-in-view to disable this warning
2025-02-40 19:52 o.s.b.a.s.s.UserDetailsServiceAutoConfiguration-

Using generated security password: f780995d-216e-4b1d-bd89-5b09613a0185

This generated password is for development use only. Your security configuration must be updated before running your application in production.

2025-02-40 19:52 o.s.s.c.a.a.c.InitializeUserDetailsBeanManagerConfigurer$InitializeUserDetailsManagerConfigurer-Global AuthenticationManager configured with UserDetailsService bean with name inMemoryUserDetailsManager
2025-02-40 19:52 o.a.coyote.http11.Http11NioProtocol-Starting ProtocolHandler ["http-nio-8080"]
2025-02-40 19:52 o.s.b.w.e.tomcat.TomcatWebServer-Tomcat started on port 8080 (http) with context path '/'
2025-02-40 19:52 c.b.S.StomachForceApplication-Started StomachForceApplication in 7.977 seconds (process running for 8.766)
2025-02-40 19:53 o.a.c.c.C.[Tomcat].[localhost].[/]-Initializing Spring DispatcherServlet 'dispatcherServlet'
2025-02-40 19:53 o.s.web.servlet.DispatcherServlet-Initializing Servlet 'dispatcherServlet'
2025-02-40 19:53 o.s.web.servlet.DispatcherServlet-Completed initialization in 4 ms
2025-02-40 19:53 c.b.S.C.c.CommonExceptionHandler-coupon is not found
2025-02-40 22:47 com.zaxxer.hikari.pool.HikariPool-HikariPool-1 - Thread starvation or clock leap detected (housekeeper delta=2h47m36s84ms180µs700ns).
2025-02-40 23:05 o.h.validator.internal.util.Version-HV000001: Hibernate Validator 8.0.2.Final
2025-02-40 23:05 c.b.S.StomachForceApplication-Starting StomachForceApplication using Java 17.0.13 with PID 17260 (C:\Users\Playdata\Desktop\be11-2nd-ChulungChulung-StomachForce-BE\build\classes\java\main started by Playdata in C:\Users\Playdata\Desktop\be11-2nd-ChulungChulung-StomachForce-BE)
2025-02-40 23:05 c.b.S.StomachForceApplication-No active profile set, falling back to 1 default profile: "default"
2025-02-40 23:05 o.s.d.r.c.RepositoryConfigurationDelegate-Multiple Spring Data modules found, entering strict repository configuration mode
2025-02-40 23:05 o.s.d.r.c.RepositoryConfigurationDelegate-Bootstrapping Spring Data JPA repositories in DEFAULT mode.
2025-02-40 23:05 o.s.d.r.c.RepositoryConfigurationDelegate-Finished Spring Data repository scanning in 348 ms. Found 12 JPA repository interfaces.
2025-02-40 23:05 o.s.d.r.c.RepositoryConfigurationDelegate-Multiple Spring Data modules found, entering strict repository configuration mode
2025-02-40 23:05 o.s.d.r.c.RepositoryConfigurationDelegate-Bootstrapping Spring Data Redis repositories in DEFAULT mode.
2025-02-40 23:05 o.s.d.r.c.RepositoryConfigurationExtensionSupport-Spring Data Redis - Could not safely identify store assignment for repository candidate interface com.beyond.StomachForce.coupon.repository.CouponRepository; If you want this repository to be a Redis repository, consider annotating your entities with one of these annotations: org.springframework.data.redis.core.RedisHash (preferred), or consider extending one of the following types with your repository: org.springframework.data.keyvalue.repository.KeyValueRepository
2025-02-40 23:05 o.s.d.r.c.RepositoryConfigurationExtensionSupport-Spring Data Redis - Could not safely identify store assignment for repository candidate interface com.beyond.StomachForce.Post.repository.LikeRepository; If you want this repository to be a Redis repository, consider annotating your entities with one of these annotations: org.springframework.data.redis.core.RedisHash (preferred), or consider extending one of the following types with your repository: org.springframework.data.keyvalue.repository.KeyValueRepository
2025-02-40 23:05 o.s.d.r.c.RepositoryConfigurationExtensionSupport-Spring Data Redis - Could not safely identify store assignment for repository candidate interface com.beyond.StomachForce.Post.repository.PostRepository; If you want this repository to be a Redis repository, consider annotating your entities with one of these annotations: org.springframework.data.redis.core.RedisHash (preferred), or consider extending one of the following types with your repository: org.springframework.data.keyvalue.repository.KeyValueRepository
2025-02-40 23:05 o.s.d.r.c.RepositoryConfigurationExtensionSupport-Spring Data Redis - Could not safely identify store assignment for repository candidate interface com.beyond.StomachForce.reservation.repository.ReservationRepository; If you want this repository to be a Redis repository, consider annotating your entities with one of these annotations: org.springframework.data.redis.core.RedisHash (preferred), or consider extending one of the following types with your repository: org.springframework.data.keyvalue.repository.KeyValueRepository
2025-02-40 23:05 o.s.d.r.c.RepositoryConfigurationExtensionSupport-Spring Data Redis - Could not safely identify store assignment for repository candidate interface com.beyond.StomachForce.restaurant.repository.AddressRepository; If you want this repository to be a Redis repository, consider annotating your entities with one of these annotations: org.springframework.data.redis.core.RedisHash (preferred), or consider extending one of the following types with your repository: org.springframework.data.keyvalue.repository.KeyValueRepository
2025-02-40 23:05 o.s.d.r.c.RepositoryConfigurationExtensionSupport-Spring Data Redis - Could not safely identify store assignment for repository candidate interface com.beyond.StomachForce.restaurant.repository.BookmarkRepository; If you want this repository to be a Redis repository, consider annotating your entities with one of these annotations: org.springframework.data.redis.core.RedisHash (preferred), or consider extending one of the following types with your repository: org.springframework.data.keyvalue.repository.KeyValueRepository
2025-02-40 23:05 o.s.d.r.c.RepositoryConfigurationExtensionSupport-Spring Data Redis - Could not safely identify store assignment for repository candidate interface com.beyond.StomachForce.restaurant.repository.RestaurantConvenienceRepository; If you want this repository to be a Redis repository, consider annotating your entities with one of these annotations: org.springframework.data.redis.core.RedisHash (preferred), or consider extending one of the following types with your repository: org.springframework.data.keyvalue.repository.KeyValueRepository
2025-02-40 23:05 o.s.d.r.c.RepositoryConfigurationExtensionSupport-Spring Data Redis - Could not safely identify store assignment for repository candidate interface com.beyond.StomachForce.restaurant.repository.RestaurantPhotoRepository; If you want this repository to be a Redis repository, consider annotating your entities with one of these annotations: org.springframework.data.redis.core.RedisHash (preferred), or consider extending one of the following types with your repository: org.springframework.data.keyvalue.repository.KeyValueRepository
2025-02-40 23:05 o.s.d.r.c.RepositoryConfigurationExtensionSupport-Spring Data Redis - Could not safely identify store assignment for repository candidate interface com.beyond.StomachForce.restaurant.repository.RestaurantRepository; If you want this repository to be a Redis repository, consider annotating your entities with one of these annotations: org.springframework.data.redis.core.RedisHash (preferred), or consider extending one of the following types with your repository: org.springframework.data.keyvalue.repository.KeyValueRepository
2025-02-40 23:05 o.s.d.r.c.RepositoryConfigurationExtensionSupport-Spring Data Redis - Could not safely identify store assignment for repository candidate interface com.beyond.StomachForce.review.repository.ReviewPhotoRepository; If you want this repository to be a Redis repository, consider annotating your entities with one of these annotations: org.springframework.data.redis.core.RedisHash (preferred), or consider extending one of the following types with your repository: org.springframework.data.keyvalue.repository.KeyValueRepository
2025-02-40 23:05 o.s.d.r.c.RepositoryConfigurationExtensionSupport-Spring Data Redis - Could not safely identify store assignment for repository candidate interface com.beyond.StomachForce.review.repository.ReviewRepository; If you want this repository to be a Redis repository, consider annotating your entities with one of these annotations: org.springframework.data.redis.core.RedisHash (preferred), or consider extending one of the following types with your repository: org.springframework.data.keyvalue.repository.KeyValueRepository
2025-02-40 23:05 o.s.d.r.c.RepositoryConfigurationExtensionSupport-Spring Data Redis - Could not safely identify store assignment for repository candidate interface com.beyond.StomachForce.User.repository.UserRepository; If you want this repository to be a Redis repository, consider annotating your entities with one of these annotations: org.springframework.data.redis.core.RedisHash (preferred), or consider extending one of the following types with your repository: org.springframework.data.keyvalue.repository.KeyValueRepository
2025-02-40 23:05 o.s.d.r.c.RepositoryConfigurationDelegate-Finished Spring Data repository scanning in 67 ms. Found 0 Redis repository interfaces.
2025-02-40 23:05 o.s.b.w.e.tomcat.TomcatWebServer-Tomcat initialized with port 8080 (http)
2025-02-40 23:05 o.a.coyote.http11.Http11NioProtocol-Initializing ProtocolHandler ["http-nio-8080"]
2025-02-40 23:05 o.a.catalina.core.StandardService-Starting service [Tomcat]
2025-02-40 23:05 o.a.catalina.core.StandardEngine-Starting Servlet engine: [Apache Tomcat/10.1.34]
2025-02-40 23:05 o.a.c.c.C.[Tomcat].[localhost].[/]-Initializing Spring embedded WebApplicationContext
2025-02-40 23:05 o.s.b.w.s.c.ServletWebServerApplicationContext-Root WebApplicationContext: initialization completed in 3030 ms
2025-02-40 23:05 o.h.jpa.internal.util.LogHelper-HHH000204: Processing PersistenceUnitInfo [name: default]
2025-02-40 23:05 org.hibernate.Version-HHH000412: Hibernate ORM core version 6.6.5.Final
2025-02-40 23:05 o.h.c.i.RegionFactoryInitiator-HHH000026: Second-level cache disabled
2025-02-40 23:05 o.s.o.j.p.SpringPersistenceUnitInfo-No LoadTimeWeaver setup: ignoring JPA class transformer
2025-02-40 23:05 com.zaxxer.hikari.HikariDataSource-HikariPool-1 - Starting...
2025-02-40 23:05 com.zaxxer.hikari.pool.HikariPool-HikariPool-1 - Added connection org.mariadb.jdbc.Connection@1926f962
2025-02-40 23:05 com.zaxxer.hikari.HikariDataSource-HikariPool-1 - Start completed.
2025-02-40 23:05 org.hibernate.orm.deprecation-HHH90000025: MariaDBDialect does not need to be specified explicitly using 'hibernate.dialect' (remove the property setting and it will be selected by default)
2025-02-40 23:05 o.hibernate.orm.connections.pooling-HHH10001005: Database info:
	Database JDBC URL [Connecting through datasource 'HikariDataSource (HikariPool-1)']
	Database driver: undefined/unknown
	Database version: 11.5.2
	Autocommit mode: undefined/unknown
	Isolation level: undefined/unknown
	Minimum pool size: undefined/unknown
	Maximum pool size: undefined/unknown
2025-02-40 23:05 o.s.o.j.LocalContainerEntityManagerFactoryBean-Failed to initialize JPA EntityManagerFactory: Entity 'com.beyond.StomachForce.reservation.dtos.ReservationListRes' has no identifier (every '@Entity' class must declare or inherit at least one '@Id' or '@EmbeddedId' property)
2025-02-40 23:05 o.s.b.w.s.c.AnnotationConfigServletWebServerApplicationContext-Exception encountered during context initialization - cancelling refresh attempt: org.springframework.beans.factory.BeanCreationException: Error creating bean with name 'entityManagerFactory' defined in class path resource [org/springframework/boot/autoconfigure/orm/jpa/HibernateJpaConfiguration.class]: Entity 'com.beyond.StomachForce.reservation.dtos.ReservationListRes' has no identifier (every '@Entity' class must declare or inherit at least one '@Id' or '@EmbeddedId' property)
2025-02-40 23:05 com.zaxxer.hikari.HikariDataSource-HikariPool-1 - Shutdown initiated...
2025-02-40 23:05 com.zaxxer.hikari.HikariDataSource-HikariPool-1 - Shutdown completed.
2025-02-40 23:05 o.a.catalina.core.StandardService-Stopping service [Tomcat]
2025-02-40 23:05 o.s.b.a.l.ConditionEvaluationReportLogger-

Error starting ApplicationContext. To display the condition evaluation report re-run your application with 'debug' enabled.
2025-02-40 23:05 o.s.boot.SpringApplication-Application run failed
org.springframework.beans.factory.BeanCreationException: Error creating bean with name 'entityManagerFactory' defined in class path resource [org/springframework/boot/autoconfigure/orm/jpa/HibernateJpaConfiguration.class]: Entity 'com.beyond.StomachForce.reservation.dtos.ReservationListRes' has no identifier (every '@Entity' class must declare or inherit at least one '@Id' or '@EmbeddedId' property)
	at org.springframework.beans.factory.support.AbstractAutowireCapableBeanFactory.initializeBean(AbstractAutowireCapableBeanFactory.java:1812)
	at org.springframework.beans.factory.support.AbstractAutowireCapableBeanFactory.doCreateBean(AbstractAutowireCapableBeanFactory.java:601)
	at org.springframework.beans.factory.support.AbstractAutowireCapableBeanFactory.createBean(AbstractAutowireCapableBeanFactory.java:523)
	at org.springframework.beans.factory.support.AbstractBeanFactory.lambda$doGetBean$0(AbstractBeanFactory.java:336)
	at org.springframework.beans.factory.support.DefaultSingletonBeanRegistry.getSingleton(DefaultSingletonBeanRegistry.java:307)
	at org.springframework.beans.factory.support.AbstractBeanFactory.doGetBean(AbstractBeanFactory.java:334)
	at org.springframework.beans.factory.support.AbstractBeanFactory.getBean(AbstractBeanFactory.java:204)
	at org.springframework.context.support.AbstractApplicationContext.finishBeanFactoryInitialization(AbstractApplicationContext.java:970)
	at org.springframework.context.support.AbstractApplicationContext.refresh(AbstractApplicationContext.java:627)
	at org.springframework.boot.web.servlet.context.ServletWebServerApplicationContext.refresh(ServletWebServerApplicationContext.java:146)
	at org.springframework.boot.SpringApplication.refresh(SpringApplication.java:752)
	at org.springframework.boot.SpringApplication.refreshContext(SpringApplication.java:439)
	at org.springframework.boot.SpringApplication.run(SpringApplication.java:318)
	at org.springframework.boot.SpringApplication.run(SpringApplication.java:1361)
	at org.springframework.boot.SpringApplication.run(SpringApplication.java:1350)
	at com.beyond.StomachForce.StomachForceApplication.main(StomachForceApplication.java:9)
Caused by: org.hibernate.AnnotationException: Entity 'com.beyond.StomachForce.reservation.dtos.ReservationListRes' has no identifier (every '@Entity' class must declare or inherit at least one '@Id' or '@EmbeddedId' property)
	at org.hibernate.boot.model.internal.InheritanceState.determineDefaultAccessType(InheritanceState.java:289)
	at org.hibernate.boot.model.internal.InheritanceState.getElementsToProcess(InheritanceState.java:226)
	at org.hibernate.boot.model.internal.InheritanceState.postProcess(InheritanceState.java:162)
	at org.hibernate.boot.model.internal.EntityBinder.handleIdentifier(EntityBinder.java:410)
	at org.hibernate.boot.model.internal.EntityBinder.bindEntityClass(EntityBinder.java:251)
	at org.hibernate.boot.model.internal.AnnotationBinder.bindClass(AnnotationBinder.java:401)
	at org.hibernate.boot.model.source.internal.annotations.AnnotationMetadataSourceProcessorImpl.processEntityHierarchies(AnnotationMetadataSourceProcessorImpl.java:257)
	at org.hibernate.boot.model.process.spi.MetadataBuildingProcess$1.processEntityHierarchies(MetadataBuildingProcess.java:281)
	at org.hibernate.boot.model.process.spi.MetadataBuildingProcess.complete(MetadataBuildingProcess.java:324)
	at org.hibernate.jpa.boot.internal.EntityManagerFactoryBuilderImpl.metadata(EntityManagerFactoryBuilderImpl.java:1431)
	at org.hibernate.jpa.boot.internal.EntityManagerFactoryBuilderImpl.build(EntityManagerFactoryBuilderImpl.java:1502)
	at org.springframework.orm.jpa.vendor.SpringHibernateJpaPersistenceProvider.createContainerEntityManagerFactory(SpringHibernateJpaPersistenceProvider.java:66)
	at org.springframework.orm.jpa.LocalContainerEntityManagerFactoryBean.createNativeEntityManagerFactory(LocalContainerEntityManagerFactoryBean.java:390)
	at org.springframework.orm.jpa.AbstractEntityManagerFactoryBean.buildNativeEntityManagerFactory(AbstractEntityManagerFactoryBean.java:419)
	at org.springframework.orm.jpa.AbstractEntityManagerFactoryBean.afterPropertiesSet(AbstractEntityManagerFactoryBean.java:400)
	at org.springframework.orm.jpa.LocalContainerEntityManagerFactoryBean.afterPropertiesSet(LocalContainerEntityManagerFactoryBean.java:366)
	at org.springframework.beans.factory.support.AbstractAutowireCapableBeanFactory.invokeInitMethods(AbstractAutowireCapableBeanFactory.java:1859)
	at org.springframework.beans.factory.support.AbstractAutowireCapableBeanFactory.initializeBean(AbstractAutowireCapableBeanFactory.java:1808)
	... 15 common frames omitted
2025-02-40 23:06 o.h.validator.internal.util.Version-HV000001: Hibernate Validator 8.0.2.Final
2025-02-40 23:06 c.b.S.StomachForceApplication-Starting StomachForceApplication using Java 17.0.13 with PID 20728 (C:\Users\Playdata\Desktop\be11-2nd-ChulungChulung-StomachForce-BE\build\classes\java\main started by Playdata in C:\Users\Playdata\Desktop\be11-2nd-ChulungChulung-StomachForce-BE)
2025-02-40 23:06 c.b.S.StomachForceApplication-No active profile set, falling back to 1 default profile: "default"
2025-02-40 23:06 o.s.d.r.c.RepositoryConfigurationDelegate-Multiple Spring Data modules found, entering strict repository configuration mode
2025-02-40 23:06 o.s.d.r.c.RepositoryConfigurationDelegate-Bootstrapping Spring Data JPA repositories in DEFAULT mode.
2025-02-40 23:06 o.s.d.r.c.RepositoryConfigurationDelegate-Finished Spring Data repository scanning in 364 ms. Found 12 JPA repository interfaces.
2025-02-40 23:06 o.s.d.r.c.RepositoryConfigurationDelegate-Multiple Spring Data modules found, entering strict repository configuration mode
2025-02-40 23:06 o.s.d.r.c.RepositoryConfigurationDelegate-Bootstrapping Spring Data Redis repositories in DEFAULT mode.
2025-02-40 23:06 o.s.d.r.c.RepositoryConfigurationExtensionSupport-Spring Data Redis - Could not safely identify store assignment for repository candidate interface com.beyond.StomachForce.coupon.repository.CouponRepository; If you want this repository to be a Redis repository, consider annotating your entities with one of these annotations: org.springframework.data.redis.core.RedisHash (preferred), or consider extending one of the following types with your repository: org.springframework.data.keyvalue.repository.KeyValueRepository
2025-02-40 23:06 o.s.d.r.c.RepositoryConfigurationExtensionSupport-Spring Data Redis - Could not safely identify store assignment for repository candidate interface com.beyond.StomachForce.Post.repository.LikeRepository; If you want this repository to be a Redis repository, consider annotating your entities with one of these annotations: org.springframework.data.redis.core.RedisHash (preferred), or consider extending one of the following types with your repository: org.springframework.data.keyvalue.repository.KeyValueRepository
2025-02-40 23:06 o.s.d.r.c.RepositoryConfigurationExtensionSupport-Spring Data Redis - Could not safely identify store assignment for repository candidate interface com.beyond.StomachForce.Post.repository.PostRepository; If you want this repository to be a Redis repository, consider annotating your entities with one of these annotations: org.springframework.data.redis.core.RedisHash (preferred), or consider extending one of the following types with your repository: org.springframework.data.keyvalue.repository.KeyValueRepository
2025-02-40 23:06 o.s.d.r.c.RepositoryConfigurationExtensionSupport-Spring Data Redis - Could not safely identify store assignment for repository candidate interface com.beyond.StomachForce.reservation.repository.ReservationRepository; If you want this repository to be a Redis repository, consider annotating your entities with one of these annotations: org.springframework.data.redis.core.RedisHash (preferred), or consider extending one of the following types with your repository: org.springframework.data.keyvalue.repository.KeyValueRepository
2025-02-40 23:06 o.s.d.r.c.RepositoryConfigurationExtensionSupport-Spring Data Redis - Could not safely identify store assignment for repository candidate interface com.beyond.StomachForce.restaurant.repository.AddressRepository; If you want this repository to be a Redis repository, consider annotating your entities with one of these annotations: org.springframework.data.redis.core.RedisHash (preferred), or consider extending one of the following types with your repository: org.springframework.data.keyvalue.repository.KeyValueRepository
2025-02-40 23:06 o.s.d.r.c.RepositoryConfigurationExtensionSupport-Spring Data Redis - Could not safely identify store assignment for repository candidate interface com.beyond.StomachForce.restaurant.repository.BookmarkRepository; If you want this repository to be a Redis repository, consider annotating your entities with one of these annotations: org.springframework.data.redis.core.RedisHash (preferred), or consider extending one of the following types with your repository: org.springframework.data.keyvalue.repository.KeyValueRepository
2025-02-40 23:06 o.s.d.r.c.RepositoryConfigurationExtensionSupport-Spring Data Redis - Could not safely identify store assignment for repository candidate interface com.beyond.StomachForce.restaurant.repository.RestaurantConvenienceRepository; If you want this repository to be a Redis repository, consider annotating your entities with one of these annotations: org.springframework.data.redis.core.RedisHash (preferred), or consider extending one of the following types with your repository: org.springframework.data.keyvalue.repository.KeyValueRepository
2025-02-40 23:06 o.s.d.r.c.RepositoryConfigurationExtensionSupport-Spring Data Redis - Could not safely identify store assignment for repository candidate interface com.beyond.StomachForce.restaurant.repository.RestaurantPhotoRepository; If you want this repository to be a Redis repository, consider annotating your entities with one of these annotations: org.springframework.data.redis.core.RedisHash (preferred), or consider extending one of the following types with your repository: org.springframework.data.keyvalue.repository.KeyValueRepository
2025-02-40 23:06 o.s.d.r.c.RepositoryConfigurationExtensionSupport-Spring Data Redis - Could not safely identify store assignment for repository candidate interface com.beyond.StomachForce.restaurant.repository.RestaurantRepository; If you want this repository to be a Redis repository, consider annotating your entities with one of these annotations: org.springframework.data.redis.core.RedisHash (preferred), or consider extending one of the following types with your repository: org.springframework.data.keyvalue.repository.KeyValueRepository
2025-02-40 23:06 o.s.d.r.c.RepositoryConfigurationExtensionSupport-Spring Data Redis - Could not safely identify store assignment for repository candidate interface com.beyond.StomachForce.review.repository.ReviewPhotoRepository; If you want this repository to be a Redis repository, consider annotating your entities with one of these annotations: org.springframework.data.redis.core.RedisHash (preferred), or consider extending one of the following types with your repository: org.springframework.data.keyvalue.repository.KeyValueRepository
2025-02-40 23:06 o.s.d.r.c.RepositoryConfigurationExtensionSupport-Spring Data Redis - Could not safely identify store assignment for repository candidate interface com.beyond.StomachForce.review.repository.ReviewRepository; If you want this repository to be a Redis repository, consider annotating your entities with one of these annotations: org.springframework.data.redis.core.RedisHash (preferred), or consider extending one of the following types with your repository: org.springframework.data.keyvalue.repository.KeyValueRepository
2025-02-40 23:06 o.s.d.r.c.RepositoryConfigurationExtensionSupport-Spring Data Redis - Could not safely identify store assignment for repository candidate interface com.beyond.StomachForce.User.repository.UserRepository; If you want this repository to be a Redis repository, consider annotating your entities with one of these annotations: org.springframework.data.redis.core.RedisHash (preferred), or consider extending one of the following types with your repository: org.springframework.data.keyvalue.repository.KeyValueRepository
2025-02-40 23:06 o.s.d.r.c.RepositoryConfigurationDelegate-Finished Spring Data repository scanning in 95 ms. Found 0 Redis repository interfaces.
2025-02-40 23:06 o.s.b.w.e.tomcat.TomcatWebServer-Tomcat initialized with port 8080 (http)
2025-02-40 23:06 o.a.coyote.http11.Http11NioProtocol-Initializing ProtocolHandler ["http-nio-8080"]
2025-02-40 23:06 o.a.catalina.core.StandardService-Starting service [Tomcat]
2025-02-40 23:06 o.a.catalina.core.StandardEngine-Starting Servlet engine: [Apache Tomcat/10.1.34]
2025-02-40 23:06 o.a.c.c.C.[Tomcat].[localhost].[/]-Initializing Spring embedded WebApplicationContext
2025-02-40 23:06 o.s.b.w.s.c.ServletWebServerApplicationContext-Root WebApplicationContext: initialization completed in 2600 ms
2025-02-40 23:06 o.h.jpa.internal.util.LogHelper-HHH000204: Processing PersistenceUnitInfo [name: default]
2025-02-40 23:06 org.hibernate.Version-HHH000412: Hibernate ORM core version 6.6.5.Final
2025-02-40 23:06 o.h.c.i.RegionFactoryInitiator-HHH000026: Second-level cache disabled
2025-02-40 23:06 o.s.o.j.p.SpringPersistenceUnitInfo-No LoadTimeWeaver setup: ignoring JPA class transformer
2025-02-40 23:06 com.zaxxer.hikari.HikariDataSource-HikariPool-1 - Starting...
2025-02-40 23:06 com.zaxxer.hikari.pool.HikariPool-HikariPool-1 - Added connection org.mariadb.jdbc.Connection@7c47e077
2025-02-40 23:06 com.zaxxer.hikari.HikariDataSource-HikariPool-1 - Start completed.
2025-02-40 23:06 org.hibernate.orm.deprecation-HHH90000025: MariaDBDialect does not need to be specified explicitly using 'hibernate.dialect' (remove the property setting and it will be selected by default)
2025-02-40 23:06 o.hibernate.orm.connections.pooling-HHH10001005: Database info:
	Database JDBC URL [Connecting through datasource 'HikariDataSource (HikariPool-1)']
	Database driver: undefined/unknown
	Database version: 11.5.2
	Autocommit mode: undefined/unknown
	Isolation level: undefined/unknown
	Minimum pool size: undefined/unknown
	Maximum pool size: undefined/unknown
2025-02-40 23:07 o.h.e.t.j.p.i.JtaPlatformInitiator-HHH000489: No JTA platform available (set 'hibernate.transaction.jta.platform' to enable JTA platform integration)
2025-02-40 23:07 o.s.o.j.LocalContainerEntityManagerFactoryBean-Initialized JPA EntityManagerFactory for persistence unit 'default'
2025-02-40 23:07 o.s.d.j.r.query.QueryEnhancerFactory-Hibernate is in classpath; If applicable, HQL parser will be used.
2025-02-40 23:07 o.s.b.a.o.j.JpaBaseConfiguration$JpaWebConfiguration-spring.jpa.open-in-view is enabled by default. Therefore, database queries may be performed during view rendering. Explicitly configure spring.jpa.open-in-view to disable this warning
2025-02-40 23:07 o.s.b.a.s.s.UserDetailsServiceAutoConfiguration-

Using generated security password: c6e4d750-19ca-4cfb-ad68-e36edbcd1479

This generated password is for development use only. Your security configuration must be updated before running your application in production.

2025-02-40 23:07 o.s.s.c.a.a.c.InitializeUserDetailsBeanManagerConfigurer$InitializeUserDetailsManagerConfigurer-Global AuthenticationManager configured with UserDetailsService bean with name inMemoryUserDetailsManager
2025-02-40 23:07 o.a.coyote.http11.Http11NioProtocol-Starting ProtocolHandler ["http-nio-8080"]
2025-02-40 23:07 o.s.b.w.e.tomcat.TomcatWebServer-Tomcat started on port 8080 (http) with context path '/'
2025-02-40 23:07 c.b.S.StomachForceApplication-Started StomachForceApplication in 8.106 seconds (process running for 8.789)
2025-02-40 23:07 o.a.c.c.C.[Tomcat].[localhost].[/]-Initializing Spring DispatcherServlet 'dispatcherServlet'
2025-02-40 23:07 o.s.web.servlet.DispatcherServlet-Initializing Servlet 'dispatcherServlet'
2025-02-40 23:07 o.s.web.servlet.DispatcherServlet-Completed initialization in 2 ms
2025-02-40 23:23 o.h.validator.internal.util.Version-HV000001: Hibernate Validator 8.0.2.Final
2025-02-40 23:23 c.b.S.StomachForceApplication-Starting StomachForceApplication using Java 17.0.13 with PID 12328 (C:\Users\Playdata\Desktop\be11-2nd-ChulungChulung-StomachForce-BE\build\classes\java\main started by Playdata in C:\Users\Playdata\Desktop\be11-2nd-ChulungChulung-StomachForce-BE)
2025-02-40 23:23 c.b.S.StomachForceApplication-No active profile set, falling back to 1 default profile: "default"
2025-02-40 23:23 o.s.d.r.c.RepositoryConfigurationDelegate-Multiple Spring Data modules found, entering strict repository configuration mode
2025-02-40 23:23 o.s.d.r.c.RepositoryConfigurationDelegate-Bootstrapping Spring Data JPA repositories in DEFAULT mode.
2025-02-40 23:23 o.s.d.r.c.RepositoryConfigurationDelegate-Finished Spring Data repository scanning in 357 ms. Found 12 JPA repository interfaces.
2025-02-40 23:23 o.s.d.r.c.RepositoryConfigurationDelegate-Multiple Spring Data modules found, entering strict repository configuration mode
2025-02-40 23:23 o.s.d.r.c.RepositoryConfigurationDelegate-Bootstrapping Spring Data Redis repositories in DEFAULT mode.
2025-02-40 23:23 o.s.d.r.c.RepositoryConfigurationExtensionSupport-Spring Data Redis - Could not safely identify store assignment for repository candidate interface com.beyond.StomachForce.coupon.repository.CouponRepository; If you want this repository to be a Redis repository, consider annotating your entities with one of these annotations: org.springframework.data.redis.core.RedisHash (preferred), or consider extending one of the following types with your repository: org.springframework.data.keyvalue.repository.KeyValueRepository
2025-02-40 23:23 o.s.d.r.c.RepositoryConfigurationExtensionSupport-Spring Data Redis - Could not safely identify store assignment for repository candidate interface com.beyond.StomachForce.Post.repository.LikeRepository; If you want this repository to be a Redis repository, consider annotating your entities with one of these annotations: org.springframework.data.redis.core.RedisHash (preferred), or consider extending one of the following types with your repository: org.springframework.data.keyvalue.repository.KeyValueRepository
2025-02-40 23:23 o.s.d.r.c.RepositoryConfigurationExtensionSupport-Spring Data Redis - Could not safely identify store assignment for repository candidate interface com.beyond.StomachForce.Post.repository.PostRepository; If you want this repository to be a Redis repository, consider annotating your entities with one of these annotations: org.springframework.data.redis.core.RedisHash (preferred), or consider extending one of the following types with your repository: org.springframework.data.keyvalue.repository.KeyValueRepository
2025-02-40 23:23 o.s.d.r.c.RepositoryConfigurationExtensionSupport-Spring Data Redis - Could not safely identify store assignment for repository candidate interface com.beyond.StomachForce.reservation.repository.ReservationRepository; If you want this repository to be a Redis repository, consider annotating your entities with one of these annotations: org.springframework.data.redis.core.RedisHash (preferred), or consider extending one of the following types with your repository: org.springframework.data.keyvalue.repository.KeyValueRepository
2025-02-40 23:23 o.s.d.r.c.RepositoryConfigurationExtensionSupport-Spring Data Redis - Could not safely identify store assignment for repository candidate interface com.beyond.StomachForce.restaurant.repository.AddressRepository; If you want this repository to be a Redis repository, consider annotating your entities with one of these annotations: org.springframework.data.redis.core.RedisHash (preferred), or consider extending one of the following types with your repository: org.springframework.data.keyvalue.repository.KeyValueRepository
2025-02-40 23:23 o.s.d.r.c.RepositoryConfigurationExtensionSupport-Spring Data Redis - Could not safely identify store assignment for repository candidate interface com.beyond.StomachForce.restaurant.repository.BookmarkRepository; If you want this repository to be a Redis repository, consider annotating your entities with one of these annotations: org.springframework.data.redis.core.RedisHash (preferred), or consider extending one of the following types with your repository: org.springframework.data.keyvalue.repository.KeyValueRepository
2025-02-40 23:23 o.s.d.r.c.RepositoryConfigurationExtensionSupport-Spring Data Redis - Could not safely identify store assignment for repository candidate interface com.beyond.StomachForce.restaurant.repository.RestaurantConvenienceRepository; If you want this repository to be a Redis repository, consider annotating your entities with one of these annotations: org.springframework.data.redis.core.RedisHash (preferred), or consider extending one of the following types with your repository: org.springframework.data.keyvalue.repository.KeyValueRepository
2025-02-40 23:23 o.s.d.r.c.RepositoryConfigurationExtensionSupport-Spring Data Redis - Could not safely identify store assignment for repository candidate interface com.beyond.StomachForce.restaurant.repository.RestaurantPhotoRepository; If you want this repository to be a Redis repository, consider annotating your entities with one of these annotations: org.springframework.data.redis.core.RedisHash (preferred), or consider extending one of the following types with your repository: org.springframework.data.keyvalue.repository.KeyValueRepository
2025-02-40 23:23 o.s.d.r.c.RepositoryConfigurationExtensionSupport-Spring Data Redis - Could not safely identify store assignment for repository candidate interface com.beyond.StomachForce.restaurant.repository.RestaurantRepository; If you want this repository to be a Redis repository, consider annotating your entities with one of these annotations: org.springframework.data.redis.core.RedisHash (preferred), or consider extending one of the following types with your repository: org.springframework.data.keyvalue.repository.KeyValueRepository
2025-02-40 23:23 o.s.d.r.c.RepositoryConfigurationExtensionSupport-Spring Data Redis - Could not safely identify store assignment for repository candidate interface com.beyond.StomachForce.review.repository.ReviewPhotoRepository; If you want this repository to be a Redis repository, consider annotating your entities with one of these annotations: org.springframework.data.redis.core.RedisHash (preferred), or consider extending one of the following types with your repository: org.springframework.data.keyvalue.repository.KeyValueRepository
2025-02-40 23:23 o.s.d.r.c.RepositoryConfigurationExtensionSupport-Spring Data Redis - Could not safely identify store assignment for repository candidate interface com.beyond.StomachForce.review.repository.ReviewRepository; If you want this repository to be a Redis repository, consider annotating your entities with one of these annotations: org.springframework.data.redis.core.RedisHash (preferred), or consider extending one of the following types with your repository: org.springframework.data.keyvalue.repository.KeyValueRepository
2025-02-40 23:23 o.s.d.r.c.RepositoryConfigurationExtensionSupport-Spring Data Redis - Could not safely identify store assignment for repository candidate interface com.beyond.StomachForce.User.repository.UserRepository; If you want this repository to be a Redis repository, consider annotating your entities with one of these annotations: org.springframework.data.redis.core.RedisHash (preferred), or consider extending one of the following types with your repository: org.springframework.data.keyvalue.repository.KeyValueRepository
2025-02-40 23:23 o.s.d.r.c.RepositoryConfigurationDelegate-Finished Spring Data repository scanning in 95 ms. Found 0 Redis repository interfaces.
2025-02-40 23:23 o.s.b.w.e.tomcat.TomcatWebServer-Tomcat initialized with port 8080 (http)
2025-02-40 23:23 o.a.coyote.http11.Http11NioProtocol-Initializing ProtocolHandler ["http-nio-8080"]
2025-02-40 23:23 o.a.catalina.core.StandardService-Starting service [Tomcat]
2025-02-40 23:23 o.a.catalina.core.StandardEngine-Starting Servlet engine: [Apache Tomcat/10.1.34]
2025-02-40 23:23 o.a.c.c.C.[Tomcat].[localhost].[/]-Initializing Spring embedded WebApplicationContext
2025-02-40 23:23 o.s.b.w.s.c.ServletWebServerApplicationContext-Root WebApplicationContext: initialization completed in 2483 ms
2025-02-40 23:23 o.h.jpa.internal.util.LogHelper-HHH000204: Processing PersistenceUnitInfo [name: default]
2025-02-40 23:23 org.hibernate.Version-HHH000412: Hibernate ORM core version 6.6.5.Final
2025-02-40 23:23 o.h.c.i.RegionFactoryInitiator-HHH000026: Second-level cache disabled
2025-02-40 23:23 o.s.o.j.p.SpringPersistenceUnitInfo-No LoadTimeWeaver setup: ignoring JPA class transformer
2025-02-40 23:23 com.zaxxer.hikari.HikariDataSource-HikariPool-1 - Starting...
2025-02-40 23:23 com.zaxxer.hikari.pool.HikariPool-HikariPool-1 - Added connection org.mariadb.jdbc.Connection@4f552aa2
2025-02-40 23:23 com.zaxxer.hikari.HikariDataSource-HikariPool-1 - Start completed.
2025-02-40 23:23 org.hibernate.orm.deprecation-HHH90000025: MariaDBDialect does not need to be specified explicitly using 'hibernate.dialect' (remove the property setting and it will be selected by default)
2025-02-40 23:23 o.hibernate.orm.connections.pooling-HHH10001005: Database info:
	Database JDBC URL [Connecting through datasource 'HikariDataSource (HikariPool-1)']
	Database driver: undefined/unknown
	Database version: 11.5.2
	Autocommit mode: undefined/unknown
	Isolation level: undefined/unknown
	Minimum pool size: undefined/unknown
	Maximum pool size: undefined/unknown
2025-02-40 23:23 o.h.e.t.j.p.i.JtaPlatformInitiator-HHH000489: No JTA platform available (set 'hibernate.transaction.jta.platform' to enable JTA platform integration)
2025-02-40 23:23 o.s.o.j.LocalContainerEntityManagerFactoryBean-Initialized JPA EntityManagerFactory for persistence unit 'default'
2025-02-40 23:23 o.s.d.j.r.query.QueryEnhancerFactory-Hibernate is in classpath; If applicable, HQL parser will be used.
2025-02-40 23:23 o.s.b.a.o.j.JpaBaseConfiguration$JpaWebConfiguration-spring.jpa.open-in-view is enabled by default. Therefore, database queries may be performed during view rendering. Explicitly configure spring.jpa.open-in-view to disable this warning
2025-02-40 23:23 o.s.b.a.s.s.UserDetailsServiceAutoConfiguration-

Using generated security password: 0a06e7fc-6064-4538-bba0-5f3e27961427

This generated password is for development use only. Your security configuration must be updated before running your application in production.

2025-02-40 23:23 o.s.s.c.a.a.c.InitializeUserDetailsBeanManagerConfigurer$InitializeUserDetailsManagerConfigurer-Global AuthenticationManager configured with UserDetailsService bean with name inMemoryUserDetailsManager
2025-02-40 23:23 o.a.coyote.http11.Http11NioProtocol-Starting ProtocolHandler ["http-nio-8080"]
2025-02-40 23:23 o.s.b.w.e.tomcat.TomcatWebServer-Tomcat started on port 8080 (http) with context path '/'
2025-02-40 23:23 c.b.S.StomachForceApplication-Started StomachForceApplication in 8.327 seconds (process running for 9.064)
2025-02-40 23:24 o.a.c.c.C.[Tomcat].[localhost].[/]-Initializing Spring DispatcherServlet 'dispatcherServlet'
2025-02-40 23:24 o.s.web.servlet.DispatcherServlet-Initializing Servlet 'dispatcherServlet'
2025-02-40 23:24 o.s.web.servlet.DispatcherServlet-Completed initialization in 1 ms
2025-02-40 23:24 c.b.S.C.c.CommonExceptionHandler-coupon is not found
2025-02-40 23:26 o.h.validator.internal.util.Version-HV000001: Hibernate Validator 8.0.2.Final
2025-02-40 23:26 c.b.S.StomachForceApplication-Starting StomachForceApplication using Java 17.0.13 with PID 13784 (C:\Users\Playdata\Desktop\be11-2nd-ChulungChulung-StomachForce-BE\build\classes\java\main started by Playdata in C:\Users\Playdata\Desktop\be11-2nd-ChulungChulung-StomachForce-BE)
2025-02-40 23:26 c.b.S.StomachForceApplication-No active profile set, falling back to 1 default profile: "default"
2025-02-40 23:26 o.s.d.r.c.RepositoryConfigurationDelegate-Multiple Spring Data modules found, entering strict repository configuration mode
2025-02-40 23:26 o.s.d.r.c.RepositoryConfigurationDelegate-Bootstrapping Spring Data JPA repositories in DEFAULT mode.
2025-02-40 23:26 o.s.d.r.c.RepositoryConfigurationDelegate-Finished Spring Data repository scanning in 318 ms. Found 12 JPA repository interfaces.
2025-02-40 23:26 o.s.d.r.c.RepositoryConfigurationDelegate-Multiple Spring Data modules found, entering strict repository configuration mode
2025-02-40 23:26 o.s.d.r.c.RepositoryConfigurationDelegate-Bootstrapping Spring Data Redis repositories in DEFAULT mode.
2025-02-40 23:26 o.s.d.r.c.RepositoryConfigurationExtensionSupport-Spring Data Redis - Could not safely identify store assignment for repository candidate interface com.beyond.StomachForce.coupon.repository.CouponRepository; If you want this repository to be a Redis repository, consider annotating your entities with one of these annotations: org.springframework.data.redis.core.RedisHash (preferred), or consider extending one of the following types with your repository: org.springframework.data.keyvalue.repository.KeyValueRepository
2025-02-40 23:26 o.s.d.r.c.RepositoryConfigurationExtensionSupport-Spring Data Redis - Could not safely identify store assignment for repository candidate interface com.beyond.StomachForce.Post.repository.LikeRepository; If you want this repository to be a Redis repository, consider annotating your entities with one of these annotations: org.springframework.data.redis.core.RedisHash (preferred), or consider extending one of the following types with your repository: org.springframework.data.keyvalue.repository.KeyValueRepository
2025-02-40 23:26 o.s.d.r.c.RepositoryConfigurationExtensionSupport-Spring Data Redis - Could not safely identify store assignment for repository candidate interface com.beyond.StomachForce.Post.repository.PostRepository; If you want this repository to be a Redis repository, consider annotating your entities with one of these annotations: org.springframework.data.redis.core.RedisHash (preferred), or consider extending one of the following types with your repository: org.springframework.data.keyvalue.repository.KeyValueRepository
2025-02-40 23:26 o.s.d.r.c.RepositoryConfigurationExtensionSupport-Spring Data Redis - Could not safely identify store assignment for repository candidate interface com.beyond.StomachForce.reservation.repository.ReservationRepository; If you want this repository to be a Redis repository, consider annotating your entities with one of these annotations: org.springframework.data.redis.core.RedisHash (preferred), or consider extending one of the following types with your repository: org.springframework.data.keyvalue.repository.KeyValueRepository
2025-02-40 23:26 o.s.d.r.c.RepositoryConfigurationExtensionSupport-Spring Data Redis - Could not safely identify store assignment for repository candidate interface com.beyond.StomachForce.restaurant.repository.AddressRepository; If you want this repository to be a Redis repository, consider annotating your entities with one of these annotations: org.springframework.data.redis.core.RedisHash (preferred), or consider extending one of the following types with your repository: org.springframework.data.keyvalue.repository.KeyValueRepository
2025-02-40 23:26 o.s.d.r.c.RepositoryConfigurationExtensionSupport-Spring Data Redis - Could not safely identify store assignment for repository candidate interface com.beyond.StomachForce.restaurant.repository.BookmarkRepository; If you want this repository to be a Redis repository, consider annotating your entities with one of these annotations: org.springframework.data.redis.core.RedisHash (preferred), or consider extending one of the following types with your repository: org.springframework.data.keyvalue.repository.KeyValueRepository
2025-02-40 23:26 o.s.d.r.c.RepositoryConfigurationExtensionSupport-Spring Data Redis - Could not safely identify store assignment for repository candidate interface com.beyond.StomachForce.restaurant.repository.RestaurantConvenienceRepository; If you want this repository to be a Redis repository, consider annotating your entities with one of these annotations: org.springframework.data.redis.core.RedisHash (preferred), or consider extending one of the following types with your repository: org.springframework.data.keyvalue.repository.KeyValueRepository
2025-02-40 23:26 o.s.d.r.c.RepositoryConfigurationExtensionSupport-Spring Data Redis - Could not safely identify store assignment for repository candidate interface com.beyond.StomachForce.restaurant.repository.RestaurantPhotoRepository; If you want this repository to be a Redis repository, consider annotating your entities with one of these annotations: org.springframework.data.redis.core.RedisHash (preferred), or consider extending one of the following types with your repository: org.springframework.data.keyvalue.repository.KeyValueRepository
2025-02-40 23:26 o.s.d.r.c.RepositoryConfigurationExtensionSupport-Spring Data Redis - Could not safely identify store assignment for repository candidate interface com.beyond.StomachForce.restaurant.repository.RestaurantRepository; If you want this repository to be a Redis repository, consider annotating your entities with one of these annotations: org.springframework.data.redis.core.RedisHash (preferred), or consider extending one of the following types with your repository: org.springframework.data.keyvalue.repository.KeyValueRepository
2025-02-40 23:26 o.s.d.r.c.RepositoryConfigurationExtensionSupport-Spring Data Redis - Could not safely identify store assignment for repository candidate interface com.beyond.StomachForce.review.repository.ReviewPhotoRepository; If you want this repository to be a Redis repository, consider annotating your entities with one of these annotations: org.springframework.data.redis.core.RedisHash (preferred), or consider extending one of the following types with your repository: org.springframework.data.keyvalue.repository.KeyValueRepository
2025-02-40 23:26 o.s.d.r.c.RepositoryConfigurationExtensionSupport-Spring Data Redis - Could not safely identify store assignment for repository candidate interface com.beyond.StomachForce.review.repository.ReviewRepository; If you want this repository to be a Redis repository, consider annotating your entities with one of these annotations: org.springframework.data.redis.core.RedisHash (preferred), or consider extending one of the following types with your repository: org.springframework.data.keyvalue.repository.KeyValueRepository
2025-02-40 23:26 o.s.d.r.c.RepositoryConfigurationExtensionSupport-Spring Data Redis - Could not safely identify store assignment for repository candidate interface com.beyond.StomachForce.User.repository.UserRepository; If you want this repository to be a Redis repository, consider annotating your entities with one of these annotations: org.springframework.data.redis.core.RedisHash (preferred), or consider extending one of the following types with your repository: org.springframework.data.keyvalue.repository.KeyValueRepository
2025-02-40 23:26 o.s.d.r.c.RepositoryConfigurationDelegate-Finished Spring Data repository scanning in 98 ms. Found 0 Redis repository interfaces.
2025-02-40 23:26 o.s.b.w.e.tomcat.TomcatWebServer-Tomcat initialized with port 8080 (http)
2025-02-40 23:26 o.a.coyote.http11.Http11NioProtocol-Initializing ProtocolHandler ["http-nio-8080"]
2025-02-40 23:26 o.a.catalina.core.StandardService-Starting service [Tomcat]
2025-02-40 23:26 o.a.catalina.core.StandardEngine-Starting Servlet engine: [Apache Tomcat/10.1.34]
2025-02-40 23:26 o.a.c.c.C.[Tomcat].[localhost].[/]-Initializing Spring embedded WebApplicationContext
2025-02-40 23:26 o.s.b.w.s.c.ServletWebServerApplicationContext-Root WebApplicationContext: initialization completed in 2554 ms
2025-02-40 23:26 o.h.jpa.internal.util.LogHelper-HHH000204: Processing PersistenceUnitInfo [name: default]
2025-02-40 23:26 org.hibernate.Version-HHH000412: Hibernate ORM core version 6.6.5.Final
2025-02-40 23:26 o.h.c.i.RegionFactoryInitiator-HHH000026: Second-level cache disabled
2025-02-40 23:26 o.s.o.j.p.SpringPersistenceUnitInfo-No LoadTimeWeaver setup: ignoring JPA class transformer
2025-02-40 23:26 com.zaxxer.hikari.HikariDataSource-HikariPool-1 - Starting...
2025-02-40 23:26 com.zaxxer.hikari.pool.HikariPool-HikariPool-1 - Added connection org.mariadb.jdbc.Connection@67e4928c
2025-02-40 23:26 com.zaxxer.hikari.HikariDataSource-HikariPool-1 - Start completed.
2025-02-40 23:26 org.hibernate.orm.deprecation-HHH90000025: MariaDBDialect does not need to be specified explicitly using 'hibernate.dialect' (remove the property setting and it will be selected by default)
2025-02-40 23:26 o.hibernate.orm.connections.pooling-HHH10001005: Database info:
	Database JDBC URL [Connecting through datasource 'HikariDataSource (HikariPool-1)']
	Database driver: undefined/unknown
	Database version: 11.5.2
	Autocommit mode: undefined/unknown
	Isolation level: undefined/unknown
	Minimum pool size: undefined/unknown
	Maximum pool size: undefined/unknown
2025-02-40 23:26 o.h.e.t.j.p.i.JtaPlatformInitiator-HHH000489: No JTA platform available (set 'hibernate.transaction.jta.platform' to enable JTA platform integration)
2025-02-40 23:26 o.s.o.j.LocalContainerEntityManagerFactoryBean-Initialized JPA EntityManagerFactory for persistence unit 'default'
2025-02-40 23:26 o.s.d.j.r.query.QueryEnhancerFactory-Hibernate is in classpath; If applicable, HQL parser will be used.
2025-02-40 23:26 o.s.b.a.o.j.JpaBaseConfiguration$JpaWebConfiguration-spring.jpa.open-in-view is enabled by default. Therefore, database queries may be performed during view rendering. Explicitly configure spring.jpa.open-in-view to disable this warning
2025-02-40 23:26 o.s.b.a.s.s.UserDetailsServiceAutoConfiguration-

Using generated security password: 328d4105-7353-4818-a9af-101408ad9626

This generated password is for development use only. Your security configuration must be updated before running your application in production.

2025-02-40 23:26 o.s.s.c.a.a.c.InitializeUserDetailsBeanManagerConfigurer$InitializeUserDetailsManagerConfigurer-Global AuthenticationManager configured with UserDetailsService bean with name inMemoryUserDetailsManager
2025-02-40 23:26 o.a.coyote.http11.Http11NioProtocol-Starting ProtocolHandler ["http-nio-8080"]
2025-02-40 23:26 o.s.b.w.e.tomcat.TomcatWebServer-Tomcat started on port 8080 (http) with context path '/'
2025-02-40 23:26 c.b.S.StomachForceApplication-Started StomachForceApplication in 8.548 seconds (process running for 9.277)
2025-02-40 23:27 o.a.c.c.C.[Tomcat].[localhost].[/]-Initializing Spring DispatcherServlet 'dispatcherServlet'
2025-02-40 23:27 o.s.web.servlet.DispatcherServlet-Initializing Servlet 'dispatcherServlet'
2025-02-40 23:27 o.s.web.servlet.DispatcherServlet-Completed initialization in 3 ms
2025-02-40 23:28 o.s.w.s.m.s.DefaultHandlerExceptionResolver-Resolved [org.springframework.web.bind.MissingPathVariableException: Required URI template variable 'userId' for method parameter type Long is not present]
2025-02-40 23:29 o.s.w.s.m.s.DefaultHandlerExceptionResolver-Resolved [org.springframework.web.bind.MissingPathVariableException: Required URI template variable 'userId' for method parameter type Long is not present]
2025-02-40 23:29 o.s.w.s.m.s.DefaultHandlerExceptionResolver-Resolved [org.springframework.web.bind.MissingPathVariableException: Required URI template variable 'userId' for method parameter type Long is not present]
2025-02-40 23:31 o.s.w.s.m.s.DefaultHandlerExceptionResolver-Resolved [org.springframework.web.bind.MissingPathVariableException: Required URI template variable 'reservationId' for method parameter type Long is not present]
2025-02-40 23:33 o.h.validator.internal.util.Version-HV000001: Hibernate Validator 8.0.2.Final
2025-02-40 23:33 c.b.S.StomachForceApplication-Starting StomachForceApplication using Java 17.0.13 with PID 14380 (C:\Users\Playdata\Desktop\be11-2nd-ChulungChulung-StomachForce-BE\build\classes\java\main started by Playdata in C:\Users\Playdata\Desktop\be11-2nd-ChulungChulung-StomachForce-BE)
2025-02-40 23:33 c.b.S.StomachForceApplication-No active profile set, falling back to 1 default profile: "default"
2025-02-40 23:33 o.s.d.r.c.RepositoryConfigurationDelegate-Multiple Spring Data modules found, entering strict repository configuration mode
2025-02-40 23:33 o.s.d.r.c.RepositoryConfigurationDelegate-Bootstrapping Spring Data JPA repositories in DEFAULT mode.
2025-02-40 23:33 o.s.d.r.c.RepositoryConfigurationDelegate-Finished Spring Data repository scanning in 321 ms. Found 12 JPA repository interfaces.
2025-02-40 23:33 o.s.d.r.c.RepositoryConfigurationDelegate-Multiple Spring Data modules found, entering strict repository configuration mode
2025-02-40 23:33 o.s.d.r.c.RepositoryConfigurationDelegate-Bootstrapping Spring Data Redis repositories in DEFAULT mode.
2025-02-40 23:33 o.s.d.r.c.RepositoryConfigurationExtensionSupport-Spring Data Redis - Could not safely identify store assignment for repository candidate interface com.beyond.StomachForce.coupon.repository.CouponRepository; If you want this repository to be a Redis repository, consider annotating your entities with one of these annotations: org.springframework.data.redis.core.RedisHash (preferred), or consider extending one of the following types with your repository: org.springframework.data.keyvalue.repository.KeyValueRepository
2025-02-40 23:33 o.s.d.r.c.RepositoryConfigurationExtensionSupport-Spring Data Redis - Could not safely identify store assignment for repository candidate interface com.beyond.StomachForce.Post.repository.LikeRepository; If you want this repository to be a Redis repository, consider annotating your entities with one of these annotations: org.springframework.data.redis.core.RedisHash (preferred), or consider extending one of the following types with your repository: org.springframework.data.keyvalue.repository.KeyValueRepository
2025-02-40 23:33 o.s.d.r.c.RepositoryConfigurationExtensionSupport-Spring Data Redis - Could not safely identify store assignment for repository candidate interface com.beyond.StomachForce.Post.repository.PostRepository; If you want this repository to be a Redis repository, consider annotating your entities with one of these annotations: org.springframework.data.redis.core.RedisHash (preferred), or consider extending one of the following types with your repository: org.springframework.data.keyvalue.repository.KeyValueRepository
2025-02-40 23:33 o.s.d.r.c.RepositoryConfigurationExtensionSupport-Spring Data Redis - Could not safely identify store assignment for repository candidate interface com.beyond.StomachForce.reservation.repository.ReservationRepository; If you want this repository to be a Redis repository, consider annotating your entities with one of these annotations: org.springframework.data.redis.core.RedisHash (preferred), or consider extending one of the following types with your repository: org.springframework.data.keyvalue.repository.KeyValueRepository
2025-02-40 23:33 o.s.d.r.c.RepositoryConfigurationExtensionSupport-Spring Data Redis - Could not safely identify store assignment for repository candidate interface com.beyond.StomachForce.restaurant.repository.AddressRepository; If you want this repository to be a Redis repository, consider annotating your entities with one of these annotations: org.springframework.data.redis.core.RedisHash (preferred), or consider extending one of the following types with your repository: org.springframework.data.keyvalue.repository.KeyValueRepository
2025-02-40 23:33 o.s.d.r.c.RepositoryConfigurationExtensionSupport-Spring Data Redis - Could not safely identify store assignment for repository candidate interface com.beyond.StomachForce.restaurant.repository.BookmarkRepository; If you want this repository to be a Redis repository, consider annotating your entities with one of these annotations: org.springframework.data.redis.core.RedisHash (preferred), or consider extending one of the following types with your repository: org.springframework.data.keyvalue.repository.KeyValueRepository
2025-02-40 23:33 o.s.d.r.c.RepositoryConfigurationExtensionSupport-Spring Data Redis - Could not safely identify store assignment for repository candidate interface com.beyond.StomachForce.restaurant.repository.RestaurantConvenienceRepository; If you want this repository to be a Redis repository, consider annotating your entities with one of these annotations: org.springframework.data.redis.core.RedisHash (preferred), or consider extending one of the following types with your repository: org.springframework.data.keyvalue.repository.KeyValueRepository
2025-02-40 23:33 o.s.d.r.c.RepositoryConfigurationExtensionSupport-Spring Data Redis - Could not safely identify store assignment for repository candidate interface com.beyond.StomachForce.restaurant.repository.RestaurantPhotoRepository; If you want this repository to be a Redis repository, consider annotating your entities with one of these annotations: org.springframework.data.redis.core.RedisHash (preferred), or consider extending one of the following types with your repository: org.springframework.data.keyvalue.repository.KeyValueRepository
2025-02-40 23:33 o.s.d.r.c.RepositoryConfigurationExtensionSupport-Spring Data Redis - Could not safely identify store assignment for repository candidate interface com.beyond.StomachForce.restaurant.repository.RestaurantRepository; If you want this repository to be a Redis repository, consider annotating your entities with one of these annotations: org.springframework.data.redis.core.RedisHash (preferred), or consider extending one of the following types with your repository: org.springframework.data.keyvalue.repository.KeyValueRepository
2025-02-40 23:33 o.s.d.r.c.RepositoryConfigurationExtensionSupport-Spring Data Redis - Could not safely identify store assignment for repository candidate interface com.beyond.StomachForce.review.repository.ReviewPhotoRepository; If you want this repository to be a Redis repository, consider annotating your entities with one of these annotations: org.springframework.data.redis.core.RedisHash (preferred), or consider extending one of the following types with your repository: org.springframework.data.keyvalue.repository.KeyValueRepository
2025-02-40 23:33 o.s.d.r.c.RepositoryConfigurationExtensionSupport-Spring Data Redis - Could not safely identify store assignment for repository candidate interface com.beyond.StomachForce.review.repository.ReviewRepository; If you want this repository to be a Redis repository, consider annotating your entities with one of these annotations: org.springframework.data.redis.core.RedisHash (preferred), or consider extending one of the following types with your repository: org.springframework.data.keyvalue.repository.KeyValueRepository
2025-02-40 23:33 o.s.d.r.c.RepositoryConfigurationExtensionSupport-Spring Data Redis - Could not safely identify store assignment for repository candidate interface com.beyond.StomachForce.User.repository.UserRepository; If you want this repository to be a Redis repository, consider annotating your entities with one of these annotations: org.springframework.data.redis.core.RedisHash (preferred), or consider extending one of the following types with your repository: org.springframework.data.keyvalue.repository.KeyValueRepository
2025-02-40 23:33 o.s.d.r.c.RepositoryConfigurationDelegate-Finished Spring Data repository scanning in 79 ms. Found 0 Redis repository interfaces.
2025-02-40 23:33 o.s.b.w.e.tomcat.TomcatWebServer-Tomcat initialized with port 8080 (http)
2025-02-40 23:33 o.a.coyote.http11.Http11NioProtocol-Initializing ProtocolHandler ["http-nio-8080"]
2025-02-40 23:33 o.a.catalina.core.StandardService-Starting service [Tomcat]
2025-02-40 23:33 o.a.catalina.core.StandardEngine-Starting Servlet engine: [Apache Tomcat/10.1.34]
2025-02-40 23:33 o.a.c.c.C.[Tomcat].[localhost].[/]-Initializing Spring embedded WebApplicationContext
2025-02-40 23:33 o.s.b.w.s.c.ServletWebServerApplicationContext-Root WebApplicationContext: initialization completed in 2343 ms
2025-02-40 23:33 o.h.jpa.internal.util.LogHelper-HHH000204: Processing PersistenceUnitInfo [name: default]
2025-02-40 23:33 org.hibernate.Version-HHH000412: Hibernate ORM core version 6.6.5.Final
2025-02-40 23:33 o.h.c.i.RegionFactoryInitiator-HHH000026: Second-level cache disabled
2025-02-40 23:33 o.s.o.j.p.SpringPersistenceUnitInfo-No LoadTimeWeaver setup: ignoring JPA class transformer
2025-02-40 23:33 com.zaxxer.hikari.HikariDataSource-HikariPool-1 - Starting...
2025-02-40 23:33 com.zaxxer.hikari.pool.HikariPool-HikariPool-1 - Added connection org.mariadb.jdbc.Connection@4df7b4ac
2025-02-40 23:33 com.zaxxer.hikari.HikariDataSource-HikariPool-1 - Start completed.
2025-02-40 23:33 org.hibernate.orm.deprecation-HHH90000025: MariaDBDialect does not need to be specified explicitly using 'hibernate.dialect' (remove the property setting and it will be selected by default)
2025-02-40 23:33 o.hibernate.orm.connections.pooling-HHH10001005: Database info:
	Database JDBC URL [Connecting through datasource 'HikariDataSource (HikariPool-1)']
	Database driver: undefined/unknown
	Database version: 11.5.2
	Autocommit mode: undefined/unknown
	Isolation level: undefined/unknown
	Minimum pool size: undefined/unknown
	Maximum pool size: undefined/unknown
2025-02-40 23:33 o.h.e.t.j.p.i.JtaPlatformInitiator-HHH000489: No JTA platform available (set 'hibernate.transaction.jta.platform' to enable JTA platform integration)
2025-02-40 23:33 o.s.o.j.LocalContainerEntityManagerFactoryBean-Initialized JPA EntityManagerFactory for persistence unit 'default'
2025-02-40 23:33 o.s.d.j.r.query.QueryEnhancerFactory-Hibernate is in classpath; If applicable, HQL parser will be used.
2025-02-40 23:34 o.s.b.a.o.j.JpaBaseConfiguration$JpaWebConfiguration-spring.jpa.open-in-view is enabled by default. Therefore, database queries may be performed during view rendering. Explicitly configure spring.jpa.open-in-view to disable this warning
2025-02-40 23:34 o.s.b.a.s.s.UserDetailsServiceAutoConfiguration-

Using generated security password: a85a88c5-40f4-40ee-8a42-2154b56d48d8

This generated password is for development use only. Your security configuration must be updated before running your application in production.

2025-02-40 23:34 o.s.s.c.a.a.c.InitializeUserDetailsBeanManagerConfigurer$InitializeUserDetailsManagerConfigurer-Global AuthenticationManager configured with UserDetailsService bean with name inMemoryUserDetailsManager
2025-02-40 23:34 o.a.coyote.http11.Http11NioProtocol-Starting ProtocolHandler ["http-nio-8080"]
2025-02-40 23:34 o.s.b.w.e.tomcat.TomcatWebServer-Tomcat started on port 8080 (http) with context path '/'
2025-02-40 23:34 c.b.S.StomachForceApplication-Started StomachForceApplication in 7.841 seconds (process running for 8.637)
2025-02-40 23:35 o.a.c.c.C.[Tomcat].[localhost].[/]-Initializing Spring DispatcherServlet 'dispatcherServlet'
2025-02-40 23:35 o.s.web.servlet.DispatcherServlet-Initializing Servlet 'dispatcherServlet'
2025-02-40 23:35 o.s.web.servlet.DispatcherServlet-Completed initialization in 2 ms
2025-02-40 23:35 o.s.w.s.m.s.DefaultHandlerExceptionResolver-Resolved [org.springframework.web.bind.MissingPathVariableException: Required URI template variable 'reservationId' for method parameter type Long is not present]
